date,amount,close,code,high,low,open,turnoverratio,volume
2018-04-18 14:55,,15.04,2731,15.04,15.01,15.03,,176.0
2018-04-18 15:00,,15.01,2731,15.04,15.01,15.04,,202.0
2018-04-19 09:35,,14.95,2731,15.01,14.92,15.0,,122.0
2018-04-19 09:40,,14.87,2731,14.95,14.86,14.95,,117.0
2018-04-19 09:45,,14.86,2731,14.87,14.85,14.87,,96.0
2018-04-19 09:50,,14.97,2731,14.97,14.81,14.86,,361.0
2018-04-19 09:55,,14.94,2731,14.99,14.94,14.97,,68.0
2018-04-19 10:00,,15.03,2731,15.03,14.94,14.94,,52.0
2018-04-19 10:05,,15.06,2731,15.07,15.03,15.03,,130.0
2018-04-19 10:10,,15.02,2731,15.06,15.02,15.06,,33.0
2018-04-19 10:15,,15.03,2731,15.03,15.02,15.02,,35.0
2018-04-19 10:20,,14.94,2731,15.06,14.94,15.03,,186.0
2018-04-19 10:25,,15.0,2731,15.0,14.94,14.94,,30.0
2018-04-19 10:30,,15.03,2731,15.03,15.0,15.0,,97.0
2018-04-19 10:35,,15.01,2731,15.03,15.0,15.03,,146.0
2018-04-19 10:40,,15.01,2731,15.02,15.01,15.01,,21.0
2018-04-19 10:45,,15.03,2731,15.03,15.01,15.01,,54.0
2018-04-19 10:50,,15.03,2731,15.04,15.03,15.03,,112.0
2018-04-19 10:55,,15.06,2731,15.06,15.03,15.03,,254.0
2018-04-19 11:00,,15.08,2731,15.08,15.06,15.06,,21.0
2018-04-19 11:05,,15.02,2731,15.08,15.02,15.08,,82.0
2018-04-19 11:10,,15.01,2731,15.02,15.01,15.02,,63.0
2018-04-19 11:15,,14.98,2731,15.01,14.98,15.01,,33.0
2018-04-19 11:20,,14.98,2731,14.98,14.97,14.98,,27.0
2018-04-19 11:25,,15.01,2731,15.01,14.98,14.98,,26.0
2018-04-19 11:30,,15.07,2731,15.08,15.0,15.01,,177.0
2018-04-19 13:05,,15.03,2731,15.07,15.02,15.07,,37.0
2018-04-19 13:10,,15.02,2731,15.03,15.02,15.03,,12.0
2018-04-19 13:15,,15.05,2731,15.07,15.0,15.02,,103.0
2018-04-19 13:20,,14.97,2731,15.05,14.97,15.05,,186.0
2018-04-19 13:25,,15.02,2731,15.02,14.97,14.97,,74.0
2018-04-19 13:30,,15.0,2731,15.02,14.98,15.02,,174.0
2018-04-19 13:35,,15.02,2731,15.04,14.98,15.0,,81.0
2018-04-19 13:40,,15.04,2731,15.04,15.02,15.02,,7.0
2018-04-19 13:45,,15.03,2731,15.05,15.03,15.04,,47.0
2018-04-19 13:50,,15.02,2731,15.03,15.0,15.03,,9.0
2018-04-19 13:55,,15.02,2731,15.04,15.02,15.02,,60.0
2018-04-19 14:00,,15.03,2731,15.03,15.0,15.02,,35.0
2018-04-19 14:05,,15.07,2731,15.08,15.02,15.03,,372.0
2018-04-19 14:10,,15.1,2731,15.1,15.07,15.07,,93.0
2018-04-19 14:15,,15.1,2731,15.12,15.1,15.1,,21.0
2018-04-19 14:20,,15.03,2731,15.1,15.02,15.1,,70.0
2018-04-19 14:25,,15.05,2731,15.05,15.03,15.03,,19.0
2018-04-19 14:30,,15.0,2731,15.05,15.0,15.05,,113.0
2018-04-19 14:35,,14.98,2731,15.02,14.98,15.0,,16.0
2018-04-19 14:40,,14.98,2731,15.0,14.94,14.98,,67.0
2018-04-19 14:45,,14.94,2731,15.0,14.94,14.98,,171.0
2018-04-19 14:50,,14.92,2731,15.01,14.91,14.94,,122.0
2018-04-19 14:55,,15.01,2731,15.05,14.92,14.92,,121.0
2018-04-19 15:00,,15.02,2731,15.02,15.01,15.01,,29.0
2018-04-20 09:35,,14.88,2731,14.98,14.82,14.9,,87.0
2018-04-20 09:40,,14.9,2731,14.91,14.84,14.88,,191.0
2018-04-20 09:45,,14.86,2731,14.91,14.82,14.9,,105.0
2018-04-20 09:50,,14.84,2731,14.86,14.83,14.86,,52.0
2018-04-20 09:55,,14.85,2731,14.88,14.84,14.84,,14.0
2018-04-20 10:00,,14.9,2731,14.9,14.85,14.85,,6.0
2018-04-20 10:05,,14.9,2731,14.9,14.87,14.9,,56.0
2018-04-20 10:10,,14.85,2731,14.9,14.85,14.9,,56.0
2018-04-20 10:15,,14.87,2731,14.87,14.85,14.85,,15.0
2018-04-20 10:20,,14.85,2731,14.87,14.84,14.87,,62.0
2018-04-20 10:25,,14.85,2731,14.9,14.84,14.85,,103.0
2018-04-20 10:30,,14.88,2731,14.88,14.85,14.85,,1.0
2018-04-20 10:35,,14.8,2731,14.88,14.79,14.88,,339.0
2018-04-20 10:40,,14.8,2731,14.8,14.78,14.8,,67.0
2018-04-20 10:45,,14.6,2731,14.8,14.6,14.8,,381.0
2018-04-20 10:50,,14.7,2731,14.7,14.6,14.6,,26.0
2018-04-20 10:55,,14.67,2731,14.71,14.62,14.7,,134.0
2018-04-20 11:00,,14.67,2731,14.71,14.66,14.67,,36.0
2018-04-20 11:05,,14.59,2731,14.67,14.58,14.67,,219.0
2018-04-20 11:10,,14.5,2731,14.59,14.5,14.59,,346.0
2018-04-20 11:15,,14.59,2731,14.6,14.5,14.5,,132.0
2018-04-20 11:20,,14.59,2731,14.59,14.59,14.59,,38.0
2018-04-20 11:25,,14.6,2731,14.6,14.59,14.59,,31.0
2018-04-20 11:30,,14.52,2731,14.6,14.51,14.6,,138.0
2018-04-20 13:05,,14.53,2731,14.59,14.51,14.52,,66.0
2018-04-20 13:10,,14.53,2731,14.55,14.53,14.53,,63.0
2018-04-20 13:15,,14.5,2731,14.53,14.5,14.53,,77.0
2018-04-20 13:20,,14.52,2731,14.55,14.5,14.5,,71.0
2018-04-20 13:25,,14.61,2731,14.62,14.52,14.52,,31.0
2018-04-20 13:30,,14.53,2731,14.61,14.53,14.61,,42.0
2018-04-20 13:35,,14.46,2731,14.53,14.46,14.53,,156.0
2018-04-20 13:40,,14.51,2731,14.52,14.46,14.46,,51.0
2018-04-20 13:45,,14.45,2731,14.51,14.45,14.51,,125.0
2018-04-20 13:50,,14.47,2731,14.5,14.45,14.45,,75.0
2018-04-20 13:55,,14.52,2731,14.52,14.45,14.47,,80.0
2018-04-20 14:00,,14.52,2731,14.54,14.52,14.52,,24.0
2018-04-20 14:05,,14.45,2731,14.52,14.45,14.52,,54.0
2018-04-20 14:10,,14.51,2731,14.51,14.45,14.45,,82.0
2018-04-20 14:15,,14.51,2731,14.51,14.51,14.51,,0.0
2018-04-20 14:20,,14.45,2731,14.51,14.45,14.51,,334.0
2018-04-20 14:25,,14.51,2731,14.51,14.45,14.45,,39.0
2018-04-20 14:30,,14.46,2731,14.51,14.46,14.51,,97.0
2018-04-20 14:35,,14.45,2731,14.46,14.45,14.46,,81.0
2018-04-20 14:40,,14.47,2731,14.47,14.44,14.45,,250.0
2018-04-20 14:45,,14.51,2731,14.55,14.47,14.47,,151.0
2018-04-20 14:50,,14.42,2731,14.51,14.42,14.51,,131.0
2018-04-20 14:55,,14.44,2731,14.5,14.4,14.42,,373.0
2018-04-20 15:00,,14.4,2731,14.44,14.4,14.44,,209.0
2018-04-23 09:35,,14.38,2731,14.68,14.37,14.55,,371.0
2018-04-23 09:40,,14.32,2731,14.43,14.3,14.38,,364.0
2018-04-23 09:45,,14.45,2731,14.45,14.32,14.32,,114.0
2018-04-23 09:50,,14.44,2731,14.45,14.38,14.45,,87.0
2018-04-23 09:55,,14.39,2731,14.44,14.39,14.44,,28.0
2018-04-23 10:00,,14.39,2731,14.41,14.39,14.39,,21.0
2018-04-23 10:05,,14.38,2731,14.39,14.38,14.39,,96.0
2018-04-23 10:10,,14.39,2731,14.43,14.38,14.38,,76.0
2018-04-23 10:15,,14.38,2731,14.39,14.38,14.39,,7.0
2018-04-23 10:20,,14.39,2731,14.39,14.38,14.38,,1.0
2018-04-23 10:25,,14.36,2731,14.39,14.36,14.39,,53.0
2018-04-23 10:30,,14.35,2731,14.36,14.34,14.36,,22.0
2018-04-23 10:35,,14.33,2731,14.35,14.33,14.35,,24.0
2018-04-23 10:40,,14.37,2731,14.37,14.32,14.33,,50.0
2018-04-23 10:45,,14.35,2731,14.37,14.33,14.37,,41.0
2018-04-23 10:50,,14.38,2731,14.38,14.34,14.35,,76.0
2018-04-23 10:55,,14.38,2731,14.38,14.37,14.38,,60.0
2018-04-23 11:00,,14.37,2731,14.38,14.37,14.38,,25.0
2018-04-23 11:05,,14.37,2731,14.37,14.37,14.37,,3.0
2018-04-23 11:10,,14.38,2731,14.38,14.37,14.37,,2.0
2018-04-23 11:15,,14.35,2731,14.38,14.35,14.38,,38.0
2018-04-23 11:20,,14.34,2731,14.37,14.34,14.35,,29.0
2018-04-23 11:25,,14.35,2731,14.35,14.33,14.34,,71.0
2018-04-23 11:30,,14.37,2731,14.37,14.35,14.35,,8.0
2018-04-23 13:05,,14.35,2731,14.37,14.31,14.37,,78.0
2018-04-23 13:10,,14.26,2731,14.35,14.26,14.35,,103.0
2018-04-23 13:15,,14.26,2731,14.26,14.25,14.26,,117.0
2018-04-23 13:20,,14.26,2731,14.29,14.26,14.26,,54.0
2018-04-23 13:25,,14.23,2731,14.26,14.22,14.26,,45.0
2018-04-23 13:30,,14.2,2731,14.23,14.18,14.23,,188.0
2018-04-23 13:35,,14.15,2731,14.2,14.14,14.2,,233.0
2018-04-23 13:40,,14.19,2731,14.19,14.12,14.15,,206.0
2018-04-23 13:45,,14.14,2731,14.19,14.14,14.19,,197.0
2018-04-23 13:50,,14.16,2731,14.18,14.14,14.14,,78.0
2018-04-23 13:55,,14.1,2731,14.16,14.1,14.16,,227.0
2018-04-23 14:00,,14.12,2731,14.12,14.0,14.1,,255.0
2018-04-23 14:05,,14.11,2731,14.12,14.1,14.12,,30.0
2018-04-23 14:10,,14.1,2731,14.14,14.1,14.11,,142.0
2018-04-23 14:15,,14.03,2731,14.13,14.03,14.1,,151.0
2018-04-23 14:20,,14.05,2731,14.06,14.03,14.03,,70.0
2018-04-23 14:25,,14.06,2731,14.09,14.05,14.05,,39.0
2018-04-23 14:30,,14.08,2731,14.08,14.05,14.06,,87.0
2018-04-23 14:35,,14.1,2731,14.1,14.08,14.08,,36.0
2018-04-23 14:40,,14.11,2731,14.11,14.07,14.1,,154.0
2018-04-23 14:45,,14.08,2731,14.11,14.06,14.11,,358.0
2018-04-23 14:50,,14.1,2731,14.1,14.06,14.08,,164.0
2018-04-23 14:55,,14.07,2731,14.1,14.07,14.1,,256.0
2018-04-23 15:00,,14.08,2731,14.08,14.06,14.07,,327.0
2018-04-24 09:35,,14.19,2731,14.19,14.08,14.08,,189.0
2018-04-24 09:40,,14.25,2731,14.26,14.19,14.19,,140.0
2018-04-24 09:45,,14.25,2731,14.25,14.19,14.25,,132.0
2018-04-24 09:50,,14.33,2731,14.33,14.25,14.25,,167.0
2018-04-24 09:55,,14.3,2731,14.34,14.28,14.33,,73.0
2018-04-24 10:00,,14.47,2731,14.5,14.3,14.3,,410.0
2018-04-24 10:05,,14.45,2731,14.47,14.4,14.47,,137.0
2018-04-24 10:10,,14.44,2731,14.46,14.42,14.45,,79.0
2018-04-24 10:15,,14.4,2731,14.44,14.34,14.44,,171.0
2018-04-24 10:20,,14.36,2731,14.45,14.35,14.4,,362.0
2018-04-24 10:25,,14.36,2731,14.36,14.36,14.36,,3.0
2018-04-24 10:30,,14.45,2731,14.45,14.36,14.36,,220.0
2018-04-24 10:35,,14.42,2731,14.45,14.38,14.45,,65.0
2018-04-24 10:40,,14.39,2731,14.43,14.39,14.42,,116.0
2018-04-24 10:45,,14.41,2731,14.41,14.39,14.39,,1.0
2018-04-24 10:50,,14.41,2731,14.42,14.39,14.41,,158.0
2018-04-24 10:55,,14.39,2731,14.41,14.39,14.41,,70.0
2018-04-24 11:00,,14.41,2731,14.41,14.39,14.39,,10.0
2018-04-24 11:05,,14.45,2731,14.45,14.41,14.41,,208.0
2018-04-24 11:10,,14.48,2731,14.48,14.45,14.45,,79.0
2018-04-24 11:15,,14.41,2731,14.48,14.41,14.48,,44.0
2018-04-24 11:20,,14.43,2731,14.48,14.41,14.41,,88.0
2018-04-24 11:25,,14.47,2731,14.55,14.43,14.43,,213.0
2018-04-24 11:30,,14.47,2731,14.47,14.47,14.47,,29.0
2018-04-24 13:05,,14.5,2731,14.5,14.46,14.47,,139.0
2018-04-24 13:10,,14.53,2731,14.55,14.5,14.5,,28.0
2018-04-24 13:15,,14.5,2731,14.53,14.5,14.53,,1.0
2018-04-24 13:20,,14.5,2731,14.5,14.46,14.5,,24.0
2018-04-24 13:25,,14.49,2731,14.5,14.47,14.5,,139.0
2018-04-24 13:30,,14.49,2731,14.49,14.49,14.49,,35.0
2018-04-24 13:35,,14.48,2731,14.49,14.48,14.49,,1.0
2018-04-24 13:40,,14.47,2731,14.48,14.47,14.48,,3.0
2018-04-24 13:45,,14.48,2731,14.48,14.47,14.47,,11.0
2018-04-24 13:50,,14.48,2731,14.48,14.48,14.48,,7.0
2018-04-24 13:55,,14.45,2731,14.48,14.45,14.48,,75.0
2018-04-24 14:00,,14.45,2731,14.45,14.44,14.45,,84.0
2018-04-24 14:05,,14.43,2731,14.45,14.43,14.45,,50.0
2018-04-24 14:10,,14.38,2731,14.43,14.38,14.43,,80.0
2018-04-24 14:15,,14.41,2731,14.41,14.38,14.38,,14.0
2018-04-24 14:20,,14.42,2731,14.42,14.41,14.41,,81.0
2018-04-24 14:25,,14.45,2731,14.45,14.42,14.42,,52.0
2018-04-24 14:30,,14.42,2731,14.45,14.42,14.45,,90.0
2018-04-24 14:35,,14.45,2731,14.45,14.42,14.42,,130.0
2018-04-24 14:40,,14.45,2731,14.45,14.45,14.45,,23.0
2018-04-24 14:45,,14.5,2731,14.5,14.44,14.45,,200.0
2018-04-24 14:50,,14.47,2731,14.52,14.41,14.5,,150.0
2018-04-24 14:55,,14.51,2731,14.52,14.47,14.47,,190.0
2018-04-24 15:00,,14.41,2731,14.51,14.41,14.51,,626.0
2018-04-25 09:35,,14.45,2731,14.49,14.45,14.47,,134.0
2018-04-25 09:40,,14.47,2731,14.47,14.44,14.45,,87.0
2018-04-25 09:45,,14.45,2731,14.49,14.45,14.47,,181.0
2018-04-25 09:50,,14.49,2731,14.5,14.44,14.45,,116.0
2018-04-25 09:55,,14.51,2731,14.56,14.49,14.49,,103.0
2018-04-25 10:00,,14.61,2731,14.62,14.51,14.51,,462.0
2018-04-25 10:05,,14.59,2731,14.62,14.59,14.61,,169.0
2018-04-25 10:10,,14.6,2731,14.6,14.59,14.59,,85.0
2018-04-25 10:15,,14.55,2731,14.6,14.5,14.6,,191.0
2018-04-25 10:20,,14.59,2731,14.6,14.55,14.55,,65.0
2018-04-25 10:25,,14.56,2731,14.59,14.55,14.59,,86.0
2018-04-25 10:30,,14.56,2731,14.56,14.53,14.56,,63.0
2018-04-25 10:35,,14.56,2731,14.57,14.56,14.56,,82.0
2018-04-25 10:40,,14.56,2731,14.56,14.56,14.56,,20.0
2018-04-25 10:45,,14.53,2731,14.56,14.53,14.56,,48.0
2018-04-25 10:50,,14.5,2731,14.54,14.5,14.53,,99.0
2018-04-25 10:55,,14.53,2731,14.53,14.5,14.5,,25.0
2018-04-25 11:00,,14.48,2731,14.53,14.48,14.53,,126.0
2018-04-25 11:05,,14.52,2731,14.52,14.45,14.48,,56.0
2018-04-25 11:10,,14.52,2731,14.52,14.52,14.52,,0.0
2018-04-25 11:15,,14.5,2731,14.52,14.5,14.52,,14.0
2018-04-25 11:20,,14.48,2731,14.5,14.48,14.5,,21.0
2018-04-25 11:25,,14.56,2731,14.56,14.47,14.48,,28.0
2018-04-25 11:30,,14.56,2731,14.56,14.56,14.56,,0.0
2018-04-25 13:05,,14.5,2731,14.56,14.5,14.56,,44.0
2018-04-25 13:10,,14.5,2731,14.53,14.49,14.5,,22.0
2018-04-25 13:15,,14.5,2731,14.5,14.5,14.5,,43.0
2018-04-25 13:20,,14.53,2731,14.53,14.5,14.5,,1.0
2018-04-25 13:25,,14.53,2731,14.53,14.53,14.53,,12.0
2018-04-25 13:30,,14.52,2731,14.53,14.52,14.53,,62.0
2018-04-25 13:35,,14.52,2731,14.53,14.52,14.52,,35.0
2018-04-25 13:40,,14.52,2731,14.52,14.51,14.52,,46.0
2018-04-25 13:45,,14.49,2731,14.52,14.49,14.52,,61.0
2018-04-25 13:50,,14.49,2731,14.49,14.49,14.49,,12.0
2018-04-25 13:55,,14.49,2731,14.49,14.49,14.49,,17.0
2018-04-25 14:00,,14.52,2731,14.52,14.49,14.49,,44.0
2018-04-25 14:05,,14.49,2731,14.52,14.49,14.52,,14.0
2018-04-25 14:10,,14.47,2731,14.49,14.47,14.49,,77.0
2018-04-25 14:15,,14.47,2731,14.47,14.47,14.47,,0.0
2018-04-25 14:20,,14.49,2731,14.49,14.47,14.47,,8.0
2018-04-25 14:25,,14.5,2731,14.5,14.49,14.49,,41.0
2018-04-25 14:30,,14.45,2731,14.5,14.45,14.5,,226.0
2018-04-25 14:35,,14.5,2731,14.5,14.45,14.45,,62.0
2018-04-25 14:40,,14.45,2731,14.5,14.45,14.5,,83.0
2018-04-25 14:45,,14.49,2731,14.49,14.45,14.45,,85.0
2018-04-25 14:50,,14.44,2731,14.5,14.31,14.49,,699.0
2018-04-25 14:55,,14.43,2731,14.44,14.38,14.44,,188.0
2018-04-25 15:00,,14.43,2731,14.46,14.41,14.43,,42.0
2018-04-26 09:35,,14.42,2731,14.48,14.34,14.48,,270.0
2018-04-26 09:40,,14.36,2731,14.42,14.35,14.42,,222.0
2018-04-26 09:45,,14.36,2731,14.43,14.35,14.36,,50.0
2018-04-26 09:50,,14.37,2731,14.47,14.36,14.36,,185.0
2018-04-26 09:55,,14.3,2731,14.44,14.3,14.37,,249.0
2018-04-26 10:00,,14.3,2731,14.36,14.28,14.3,,194.0
2018-04-26 10:05,,14.3,2731,14.35,14.23,14.3,,319.0
2018-04-26 10:10,,14.33,2731,14.35,14.3,14.3,,34.0
2018-04-26 10:15,,14.3,2731,14.34,14.28,14.33,,94.0
2018-04-26 10:20,,14.35,2731,14.35,14.29,14.3,,89.0
2018-04-26 10:25,,14.26,2731,14.35,14.24,14.35,,325.0
2018-04-26 10:30,,14.26,2731,14.26,14.22,14.26,,148.0
2018-04-26 10:35,,14.26,2731,14.26,14.25,14.26,,58.0
2018-04-26 10:40,,14.27,2731,14.27,14.25,14.26,,22.0
2018-04-26 10:45,,14.26,2731,14.27,14.26,14.27,,67.0
2018-04-26 10:50,,14.26,2731,14.26,14.25,14.26,,34.0
2018-04-26 10:55,,14.26,2731,14.26,14.26,14.26,,52.0
2018-04-26 11:05,,14.24,2731,14.31,14.24,14.26,,94.0
2018-04-26 11:10,,14.28,2731,14.3,14.24,14.24,,125.0
2018-04-26 11:15,,14.22,2731,14.28,14.22,14.28,,83.0
2018-04-26 11:20,,14.25,2731,14.25,14.22,14.22,,5.0
2018-04-26 11:25,,14.26,2731,14.26,14.25,14.25,,3.0
2018-04-26 11:30,,14.26,2731,14.26,14.25,14.26,,4.0
2018-04-26 13:05,,14.25,2731,14.26,14.24,14.26,,38.0
2018-04-26 13:10,,14.24,2731,14.25,14.23,14.25,,70.0
2018-04-26 13:15,,14.25,2731,14.25,14.24,14.24,,8.0
2018-04-26 13:20,,14.24,2731,14.25,14.24,14.25,,22.0
2018-04-26 13:25,,14.23,2731,14.26,14.23,14.24,,56.0
2018-04-26 13:30,,14.25,2731,14.25,14.22,14.23,,62.0
2018-04-26 13:35,,14.25,2731,14.25,14.25,14.25,,11.0
2018-04-26 13:40,,14.22,2731,14.25,14.22,14.25,,40.0
2018-04-26 13:45,,14.3,2731,14.3,14.22,14.22,,46.0
2018-04-26 13:50,,14.35,2731,14.35,14.25,14.3,,70.0
2018-04-26 13:55,,14.27,2731,14.35,14.27,14.35,,27.0
2018-04-26 14:00,,14.25,2731,14.27,14.25,14.27,,7.0
2018-04-26 14:05,,14.23,2731,14.26,14.23,14.25,,46.0
2018-04-26 14:10,,14.26,2731,14.26,14.23,14.23,,10.0
2018-04-26 14:15,,14.02,2731,14.28,14.02,14.26,,664.0
2018-04-26 14:20,,14.22,2731,14.22,14.02,14.02,,79.0
2018-04-26 14:25,,14.26,2731,14.26,14.2,14.22,,30.0
2018-04-26 14:30,,14.2,2731,14.26,14.2,14.26,,28.0
2018-04-26 14:35,,14.18,2731,14.21,14.18,14.2,,38.0
2018-04-26 14:40,,14.17,2731,14.18,14.11,14.18,,137.0
2018-04-26 14:45,,14.17,2731,14.17,14.09,14.17,,49.0
2018-04-26 14:50,,14.13,2731,14.17,14.02,14.17,,679.0
2018-04-26 14:55,,13.99,2731,14.13,13.85,14.13,,719.0
2018-04-26 15:00,,13.89,2731,14.01,13.87,13.99,,138.0
2018-04-27 09:35,,13.99,2731,14.07,13.9,13.9,,350.0
2018-04-27 09:40,,14.04,2731,14.04,13.95,13.99,,76.0
2018-04-27 09:45,,13.96,2731,14.04,13.95,14.04,,129.0
2018-04-27 09:50,,13.9,2731,13.96,13.9,13.96,,232.0
2018-04-27 09:55,,13.9,2731,13.91,13.88,13.9,,110.0
2018-04-27 10:00,,13.88,2731,13.9,13.86,13.9,,111.0
2018-04-27 10:05,,13.84,2731,13.89,13.83,13.88,,261.0
2018-04-27 10:10,,13.87,2731,13.89,13.84,13.84,,240.0
2018-04-27 10:15,,13.89,2731,13.9,13.87,13.87,,178.0
2018-04-27 10:20,,13.9,2731,13.9,13.88,13.89,,176.0
2018-04-27 10:25,,13.9,2731,13.9,13.88,13.9,,289.0
2018-04-27 10:30,,13.89,2731,13.9,13.88,13.9,,155.0
2018-04-27 10:35,,13.91,2731,13.93,13.89,13.89,,241.0
2018-04-27 10:40,,13.93,2731,13.93,13.91,13.91,,12.0
2018-04-27 10:45,,13.92,2731,13.93,13.92,13.93,,79.0
2018-04-27 10:50,,13.94,2731,14.0,13.91,13.92,,185.0
2018-04-27 10:55,,13.94,2731,14.03,13.94,13.94,,102.0
2018-04-27 11:00,,13.95,2731,13.98,13.94,13.94,,4.0
2018-04-27 11:05,,13.91,2731,13.95,13.91,13.95,,37.0
2018-04-27 11:10,,13.9,2731,13.91,13.9,13.91,,49.0
2018-04-27 11:15,,13.91,2731,13.91,13.9,13.9,,57.0
2018-04-27 11:20,,13.9,2731,13.91,13.9,13.91,,50.0
2018-04-27 11:25,,13.9,2731,13.9,13.9,13.9,,0.0
2018-04-27 11:30,,13.89,2731,13.9,13.89,13.9,,8.0
2018-04-27 13:05,,13.9,2731,13.9,13.89,13.89,,21.0
2018-04-27 13:10,,13.91,2731,13.91,13.9,13.9,,11.0
2018-04-27 13:15,,13.86,2731,13.91,13.86,13.91,,35.0
2018-04-27 13:20,,13.85,2731,13.86,13.84,13.86,,109.0
2018-04-27 13:25,,13.85,2731,13.85,13.83,13.85,,60.0
2018-04-27 13:30,,13.84,2731,13.85,13.83,13.85,,107.0
2018-04-27 13:35,,13.84,2731,13.84,13.84,13.84,,57.0
2018-04-27 13:40,,13.88,2731,13.88,13.84,13.84,,47.0
2018-04-27 13:45,,13.87,2731,13.88,13.86,13.88,,63.0
2018-04-27 13:50,,13.9,2731,13.9,13.87,13.87,,61.0
2018-04-27 13:55,,13.91,2731,13.91,13.9,13.9,,39.0
2018-04-27 14:00,,13.92,2731,13.92,13.89,13.91,,45.0
2018-04-27 14:05,,13.94,2731,13.95,13.92,13.92,,128.0
2018-04-27 14:10,,13.96,2731,13.96,13.94,13.94,,40.0
2018-04-27 14:15,,13.94,2731,13.96,13.94,13.96,,71.0
2018-04-27 14:20,,13.95,2731,13.95,13.94,13.94,,22.0
2018-04-27 14:25,,13.91,2731,13.95,13.91,13.95,,51.0
2018-04-27 14:30,,13.94,2731,13.94,13.91,13.91,,29.0
2018-04-27 14:35,,13.89,2731,13.94,13.89,13.94,,76.0
2018-04-27 14:40,,13.91,2731,13.96,13.89,13.89,,141.0
2018-04-27 14:45,,13.92,2731,13.95,13.91,13.91,,213.0
2018-04-27 14:50,,13.9,2731,13.94,13.9,13.92,,114.0
2018-04-27 14:55,,13.91,2731,13.93,13.89,13.9,,102.0
2018-04-27 15:00,,13.9,2731,13.92,13.9,13.91,,102.0
2018-05-02 09:35,,13.93,2731,13.95,13.88,13.88,,182.0
2018-05-02 09:40,,13.91,2731,13.94,13.9,13.93,,187.0
2018-05-02 09:45,,13.98,2731,13.98,13.91,13.91,,186.0
2018-05-02 09:50,,14.05,2731,14.1,13.99,13.99,,302.0
2018-05-02 09:55,,14.06,2731,14.08,14.05,14.05,,87.0
2018-05-02 10:00,,14.03,2731,14.06,14.02,14.06,,37.0
2018-05-02 10:05,,13.99,2731,14.03,13.98,14.03,,105.0
2018-05-02 10:10,,14.03,2731,14.03,13.99,13.99,,26.0
2018-05-02 10:15,,14.03,2731,14.04,14.0,14.03,,69.0
2018-05-02 10:20,,14.0,2731,14.04,14.0,14.03,,83.0
2018-05-02 10:25,,13.99,2731,14.0,13.99,14.0,,33.0
2018-05-02 10:30,,13.99,2731,14.0,13.99,13.99,,30.0
2018-05-02 10:35,,13.99,2731,14.0,13.96,13.99,,41.0
2018-05-02 10:40,,13.93,2731,13.99,13.93,13.99,,108.0
2018-05-02 10:45,,13.9,2731,13.93,13.89,13.93,,1197.0
2018-05-02 10:50,,13.9,2731,13.9,13.9,13.9,,117.0
2018-05-02 10:55,,13.9,2731,13.9,13.9,13.9,,823.0
2018-05-02 11:00,,13.92,2731,13.92,13.9,13.9,,12.0
2018-05-02 11:05,,13.92,2731,13.92,13.92,13.92,,3.0
2018-05-02 11:10,,13.92,2731,13.92,13.92,13.92,,0.0
2018-05-02 11:15,,13.95,2731,13.95,13.92,13.92,,2.0
2018-05-02 11:20,,13.95,2731,13.95,13.95,13.95,,17.0
2018-05-02 11:25,,13.95,2731,13.95,13.93,13.95,,20.0
2018-05-02 11:30,,13.94,2731,13.95,13.94,13.95,,6.0
2018-05-02 13:05,,13.99,2731,13.99,13.94,13.94,,55.0
2018-05-02 13:10,,13.95,2731,14.0,13.95,13.99,,131.0
2018-05-02 13:15,,13.95,2731,13.95,13.94,13.95,,96.0
2018-05-02 13:20,,13.96,2731,14.03,13.95,13.95,,511.0
2018-05-02 13:25,,13.96,2731,13.96,13.96,13.96,,49.0
2018-05-02 13:30,,13.98,2731,13.98,13.9,13.96,,441.0
2018-05-02 13:35,,13.98,2731,13.98,13.98,13.98,,12.0
2018-05-02 13:40,,13.98,2731,13.98,13.98,13.98,,0.0
2018-05-02 13:45,,13.97,2731,13.98,13.94,13.98,,28.0
2018-05-02 13:50,,13.98,2731,13.98,13.96,13.97,,23.0
2018-05-02 13:55,,13.98,2731,13.99,13.98,13.98,,63.0
2018-05-02 14:00,,13.96,2731,13.98,13.96,13.98,,23.0
2018-05-02 14:05,,13.98,2731,13.98,13.94,13.96,,43.0
2018-05-02 14:10,,13.9,2731,13.98,13.9,13.98,,131.0
2018-05-02 14:15,,13.96,2731,13.99,13.9,13.9,,199.0
2018-05-02 14:20,,13.98,2731,13.98,13.91,13.96,,60.0
2018-05-02 14:25,,13.92,2731,13.98,13.92,13.98,,51.0
2018-05-02 14:30,,13.99,2731,13.99,13.92,13.92,,132.0
2018-05-02 14:35,,13.99,2731,13.99,13.99,13.99,,43.0
2018-05-02 14:40,,13.99,2731,14.01,13.98,13.99,,86.0
2018-05-02 14:45,,13.96,2731,13.99,13.96,13.99,,23.0
2018-05-02 14:50,,14.0,2731,14.02,13.96,13.96,,216.0
2018-05-02 14:55,,14.03,2731,14.03,14.0,14.0,,151.0
2018-05-02 15:00,,13.98,2731,14.03,13.98,14.03,,150.0
2018-05-03 09:35,,13.97,2731,14.08,13.97,14.08,,217.0
2018-05-03 09:40,,13.98,2731,14.02,13.97,13.97,,160.0
2018-05-03 09:45,,13.99,2731,13.99,13.92,13.98,,218.0
2018-05-03 09:50,,13.88,2731,13.99,13.88,13.99,,194.0
2018-05-03 09:55,,13.85,2731,13.89,13.83,13.88,,188.0
2018-05-03 10:00,,13.88,2731,13.88,13.8,13.85,,203.0
2018-05-03 10:05,,13.87,2731,13.88,13.84,13.88,,41.0
2018-05-03 10:10,,13.85,2731,13.88,13.84,13.87,,80.0
2018-05-03 10:15,,13.84,2731,13.85,13.83,13.85,,173.0
2018-05-03 10:20,,13.81,2731,13.84,13.81,13.84,,70.0
2018-05-03 10:25,,13.79,2731,13.83,13.75,13.81,,181.0
2018-05-03 10:30,,13.72,2731,13.79,13.72,13.79,,114.0
2018-05-03 10:35,,13.77,2731,13.77,13.65,13.72,,317.0
2018-05-03 10:40,,13.78,2731,13.78,13.77,13.77,,53.0
2018-05-03 10:45,,13.79,2731,13.79,13.78,13.78,,203.0
2018-05-03 10:50,,13.81,2731,13.81,13.78,13.79,,52.0
2018-05-03 10:55,,13.84,2731,13.84,13.79,13.81,,108.0
2018-05-03 11:00,,13.88,2731,13.88,13.84,13.84,,111.0
2018-05-03 11:05,,13.85,2731,13.88,13.85,13.88,,57.0
2018-05-03 11:10,,13.85,2731,13.85,13.84,13.85,,61.0
2018-05-03 11:15,,13.87,2731,13.87,13.85,13.85,,2.0
2018-05-03 11:20,,13.86,2731,13.88,13.85,13.87,,12.0
2018-05-03 11:25,,13.85,2731,13.88,13.85,13.86,,47.0
2018-05-03 11:30,,13.91,2731,13.92,13.85,13.85,,26.0
2018-05-03 13:05,,13.91,2731,13.91,13.88,13.91,,22.0
2018-05-03 13:10,,13.94,2731,13.94,13.91,13.91,,40.0
2018-05-03 13:15,,13.88,2731,13.94,13.88,13.94,,6.0
2018-05-03 13:20,,13.94,2731,13.94,13.88,13.88,,21.0
2018-05-03 13:25,,13.99,2731,13.99,13.94,13.94,,259.0
2018-05-03 13:30,,13.98,2731,13.99,13.97,13.99,,106.0
2018-05-03 13:35,,14.04,2731,14.04,13.98,13.98,,207.0
2018-05-03 13:40,,14.08,2731,14.08,14.04,14.04,,154.0
2018-05-03 13:45,,14.05,2731,14.08,14.05,14.08,,35.0
2018-05-03 13:50,,14.1,2731,14.1,14.05,14.05,,98.0
2018-05-03 13:55,,14.14,2731,14.19,14.09,14.1,,161.0
2018-05-03 14:00,,14.19,2731,14.19,14.14,14.14,,177.0
2018-05-03 14:05,,14.19,2731,14.19,14.17,14.19,,46.0
2018-05-03 14:10,,14.18,2731,14.19,14.1,14.19,,250.0
2018-05-03 14:15,,14.16,2731,14.17,14.1,14.17,,110.0
2018-05-03 14:20,,14.15,2731,14.17,14.15,14.16,,93.0
2018-05-03 14:25,,14.15,2731,14.15,14.13,14.15,,31.0
2018-05-03 14:30,,14.17,2731,14.17,14.13,14.15,,208.0
2018-05-03 14:35,,14.13,2731,14.17,14.13,14.17,,136.0
2018-05-03 14:40,,14.16,2731,14.16,14.13,14.13,,84.0
2018-05-03 14:45,,14.14,2731,14.18,14.14,14.16,,132.0
2018-05-03 14:50,,14.19,2731,14.2,14.14,14.14,,471.0
2018-05-03 14:55,,14.1,2731,14.19,14.06,14.19,,302.0
2018-05-03 15:00,,14.11,2731,14.15,14.1,14.1,,151.0
2018-05-04 09:35,,14.11,2731,14.11,14.03,14.1,,48.0
2018-05-04 09:40,,14.11,2731,14.11,14.1,14.11,,26.0
2018-05-04 09:45,,14.09,2731,14.11,14.03,14.11,,126.0
2018-05-04 09:50,,14.06,2731,14.09,14.06,14.09,,34.0
2018-05-04 09:55,,14.09,2731,14.09,14.06,14.06,,29.0
2018-05-04 10:00,,14.09,2731,14.09,14.07,14.09,,72.0
2018-05-04 10:05,,14.06,2731,14.16,14.06,14.09,,84.0
2018-05-04 10:10,,14.09,2731,14.09,14.06,14.06,,38.0
2018-05-04 10:15,,14.11,2731,14.11,14.09,14.09,,47.0
2018-05-04 10:20,,14.18,2731,14.19,14.11,14.11,,61.0
2018-05-04 10:25,,14.2,2731,14.2,14.16,14.18,,583.0
2018-05-04 10:30,,14.32,2731,14.32,14.2,14.2,,333.0
2018-05-04 10:35,,14.28,2731,14.33,14.28,14.32,,136.0
2018-05-04 10:40,,14.29,2731,14.29,14.28,14.28,,48.0
2018-05-04 10:45,,14.29,2731,14.3,14.29,14.29,,105.0
2018-05-04 10:50,,14.3,2731,14.31,14.29,14.29,,47.0
2018-05-04 10:55,,14.25,2731,14.3,14.25,14.3,,302.0
2018-05-04 11:00,,14.28,2731,14.28,14.22,14.25,,285.0
2018-05-04 11:05,,14.22,2731,14.28,14.22,14.28,,10.0
2018-05-04 11:10,,14.25,2731,14.25,14.22,14.22,,78.0
2018-05-04 11:15,,14.27,2731,14.27,14.24,14.25,,29.0
2018-05-04 11:20,,14.26,2731,14.27,14.26,14.27,,52.0
2018-05-04 11:25,,14.27,2731,14.28,14.25,14.26,,279.0
2018-05-04 11:30,,14.28,2731,14.28,14.27,14.27,,56.0
2018-05-04 13:05,,14.25,2731,14.28,14.25,14.28,,49.0
2018-05-04 13:10,,14.24,2731,14.25,14.24,14.25,,40.0
2018-05-04 13:15,,14.23,2731,14.24,14.23,14.24,,56.0
2018-05-04 13:20,,14.23,2731,14.23,14.22,14.23,,39.0
2018-05-04 13:25,,14.23,2731,14.23,14.22,14.23,,10.0
2018-05-04 13:30,,14.24,2731,14.24,14.23,14.23,,5.0
2018-05-04 13:35,,14.25,2731,14.28,14.24,14.24,,150.0
2018-05-04 13:40,,14.28,2731,14.28,14.23,14.25,,198.0
2018-05-04 13:45,,14.27,2731,14.28,14.27,14.28,,37.0
2018-05-04 13:50,,14.27,2731,14.27,14.27,14.27,,24.0
2018-05-04 13:55,,14.28,2731,14.28,14.27,14.27,,215.0
2018-05-04 14:00,,14.28,2731,14.28,14.27,14.28,,102.0
2018-05-04 14:05,,14.28,2731,14.28,14.25,14.28,,80.0
2018-05-04 14:10,,14.28,2731,14.28,14.23,14.28,,58.0
2018-05-04 14:15,,14.28,2731,14.3,14.28,14.28,,93.0
2018-05-04 14:20,,14.23,2731,14.29,14.23,14.28,,175.0
2018-05-04 14:25,,14.29,2731,14.29,14.23,14.23,,82.0
2018-05-04 14:30,,14.23,2731,14.29,14.23,14.29,,54.0
2018-05-04 14:35,,14.25,2731,14.26,14.23,14.23,,103.0
2018-05-04 14:40,,14.26,2731,14.26,14.25,14.25,,136.0
2018-05-04 14:45,,14.35,2731,14.35,14.26,14.26,,425.0
2018-05-04 14:50,,14.35,2731,14.36,14.31,14.35,,270.0
2018-05-04 14:55,,14.31,2731,14.35,14.29,14.35,,342.0
2018-05-04 15:00,,14.31,2731,14.31,14.3,14.31,,182.0
2018-05-07 09:35,,14.33,2731,14.45,14.31,14.45,,103.0
2018-05-07 09:40,,14.44,2731,14.44,14.31,14.33,,160.0
2018-05-07 09:45,,14.46,2731,14.48,14.44,14.44,,140.0
2018-05-07 09:50,,14.4,2731,14.46,14.4,14.46,,355.0
2018-05-07 09:55,,14.43,2731,14.43,14.4,14.4,,20.0
2018-05-07 10:00,,14.41,2731,14.43,14.41,14.43,,53.0
2018-05-07 10:05,,14.38,2731,14.44,14.31,14.41,,378.0
2018-05-07 10:10,,14.38,2731,14.43,14.38,14.38,,59.0
2018-05-07 10:15,,14.45,2731,14.45,14.38,14.38,,99.0
2018-05-07 10:20,,14.42,2731,14.47,14.42,14.45,,74.0
2018-05-07 10:25,,14.46,2731,14.46,14.42,14.42,,110.0
2018-05-07 10:30,,14.42,2731,14.46,14.42,14.46,,39.0
2018-05-07 10:35,,14.45,2731,14.46,14.42,14.42,,18.0
2018-05-07 10:40,,14.44,2731,14.45,14.44,14.45,,3.0
2018-05-07 10:45,,14.43,2731,14.44,14.42,14.44,,49.0
2018-05-07 10:50,,14.45,2731,14.45,14.42,14.43,,61.0
2018-05-07 10:55,,14.44,2731,14.45,14.44,14.45,,9.0
2018-05-07 11:00,,14.44,2731,14.44,14.44,14.44,,33.0
2018-05-07 11:05,,14.45,2731,14.45,14.42,14.44,,32.0
2018-05-07 11:10,,14.44,2731,14.46,14.44,14.45,,125.0
2018-05-07 11:15,,14.46,2731,14.46,14.44,14.44,,21.0
2018-05-07 11:20,,14.43,2731,14.46,14.43,14.46,,168.0
2018-05-07 11:25,,14.43,2731,14.44,14.42,14.43,,109.0
2018-05-07 11:30,,14.43,2731,14.43,14.41,14.43,,81.0
2018-05-07 13:05,,14.43,2731,14.46,14.42,14.43,,147.0
2018-05-07 13:10,,14.43,2731,14.46,14.43,14.43,,89.0
2018-05-07 13:15,,14.47,2731,14.47,14.43,14.43,,121.0
2018-05-07 13:20,,14.44,2731,14.47,14.44,14.47,,177.0
2018-05-07 13:25,,14.44,2731,14.46,14.44,14.44,,143.0
2018-05-07 13:30,,14.5,2731,14.5,14.44,14.44,,187.0
2018-05-07 13:35,,14.47,2731,14.5,14.47,14.5,,60.0
2018-05-07 13:40,,14.49,2731,14.49,14.45,14.47,,39.0
2018-05-07 13:45,,14.45,2731,14.5,14.45,14.49,,16.0
2018-05-07 13:50,,14.49,2731,14.49,14.45,14.45,,10.0
2018-05-07 13:55,,14.49,2731,14.49,14.49,14.49,,123.0
2018-05-07 14:00,,14.5,2731,14.5,14.46,14.49,,50.0
2018-05-07 14:05,,14.45,2731,14.5,14.45,14.5,,14.0
2018-05-07 14:10,,14.48,2731,14.48,14.43,14.45,,357.0
2018-05-07 14:15,,14.48,2731,14.48,14.48,14.48,,27.0
2018-05-07 14:20,,14.48,2731,14.48,14.46,14.48,,82.0
2018-05-07 14:25,,14.49,2731,14.49,14.48,14.48,,60.0
2018-05-07 14:30,,14.49,2731,14.49,14.49,14.49,,131.0
2018-05-07 14:35,,14.5,2731,14.5,14.46,14.49,,146.0
2018-05-07 14:40,,14.49,2731,14.5,14.47,14.5,,83.0
2018-05-07 14:45,,14.49,2731,14.5,14.47,14.49,,115.0
2018-05-07 14:50,,14.49,2731,14.5,14.47,14.49,,96.0
2018-05-07 14:55,,14.52,2731,14.54,14.46,14.49,,283.0
2018-05-07 15:00,,14.53,2731,14.53,14.52,14.52,,95.0
2018-05-08 09:35,,14.45,2731,14.52,14.41,14.52,,158.0
2018-05-08 09:40,,14.52,2731,14.53,14.45,14.45,,75.0
2018-05-08 09:45,,14.5,2731,14.52,14.46,14.52,,136.0
2018-05-08 09:50,,14.5,2731,14.55,14.5,14.5,,180.0
2018-05-08 09:55,,14.53,2731,14.53,14.49,14.5,,116.0
2018-05-08 10:00,,14.55,2731,14.55,14.5,14.53,,153.0
2018-05-08 10:05,,14.55,2731,14.55,14.53,14.55,,26.0
2018-05-08 10:10,,14.54,2731,14.55,14.51,14.55,,22.0
2018-05-08 10:15,,14.51,2731,14.54,14.51,14.54,,104.0
2018-05-08 10:20,,14.52,2731,14.53,14.51,14.51,,54.0
2018-05-08 10:25,,14.53,2731,14.53,14.51,14.52,,35.0
2018-05-08 10:30,,14.56,2731,14.57,14.53,14.53,,111.0
2018-05-08 10:35,,14.51,2731,14.56,14.51,14.56,,61.0
2018-05-08 10:40,,14.5,2731,14.53,14.5,14.51,,82.0
2018-05-08 10:45,,14.49,2731,14.55,14.48,14.5,,149.0
2018-05-08 10:50,,14.53,2731,14.54,14.48,14.49,,69.0
2018-05-08 10:55,,14.5,2731,14.53,14.5,14.53,,41.0
2018-05-08 11:00,,14.53,2731,14.53,14.5,14.5,,45.0
2018-05-08 11:05,,14.51,2731,14.56,14.51,14.53,,234.0
2018-05-08 11:10,,14.55,2731,14.56,14.51,14.51,,93.0
2018-05-08 11:15,,14.55,2731,14.55,14.55,14.55,,31.0
2018-05-08 11:20,,14.53,2731,14.57,14.53,14.55,,158.0
2018-05-08 11:25,,14.57,2731,14.57,14.53,14.53,,53.0
2018-05-08 11:30,,14.58,2731,14.58,14.54,14.57,,87.0
2018-05-08 13:05,,14.63,2731,14.63,14.58,14.58,,158.0
2018-05-08 13:10,,14.61,2731,14.63,14.61,14.63,,54.0
2018-05-08 13:15,,14.62,2731,14.62,14.61,14.61,,99.0
2018-05-08 13:20,,14.61,2731,14.62,14.6,14.62,,55.0
2018-05-08 13:25,,14.59,2731,14.61,14.59,14.61,,64.0
2018-05-08 13:30,,14.66,2731,14.69,14.59,14.59,,410.0
2018-05-08 13:35,,14.66,2731,14.66,14.62,14.66,,23.0
2018-05-08 13:40,,14.66,2731,14.66,14.65,14.66,,245.0
2018-05-08 13:45,,14.69,2731,14.69,14.65,14.66,,113.0
2018-05-08 13:50,,14.69,2731,14.69,14.66,14.69,,159.0
2018-05-08 13:55,,14.66,2731,14.7,14.66,14.69,,63.0
2018-05-08 14:00,,14.67,2731,14.69,14.66,14.66,,31.0
2018-05-08 14:05,,14.67,2731,14.68,14.66,14.67,,161.0
2018-05-08 14:10,,14.68,2731,14.68,14.67,14.67,,55.0
2018-05-08 14:15,,14.68,2731,14.69,14.65,14.68,,132.0
2018-05-08 14:20,,14.68,2731,14.68,14.66,14.68,,32.0
2018-05-08 14:25,,14.66,2731,14.68,14.65,14.68,,21.0
2018-05-08 14:30,,14.65,2731,14.66,14.65,14.66,,196.0
2018-05-08 14:35,,14.62,2731,14.65,14.6,14.65,,205.0
2018-05-08 14:40,,14.65,2731,14.65,14.62,14.62,,36.0
2018-05-08 14:45,,14.67,2731,14.67,14.65,14.65,,110.0
2018-05-08 14:50,,14.7,2731,14.7,14.63,14.67,,370.0
2018-05-08 14:55,,14.68,2731,14.7,14.63,14.7,,197.0
2018-05-08 15:00,,14.68,2731,14.68,14.63,14.68,,288.0
2018-05-09 09:35,,14.54,2731,14.67,14.46,14.67,,227.0
2018-05-09 09:40,,14.56,2731,14.63,14.54,14.54,,83.0
2018-05-09 09:45,,14.55,2731,14.56,14.52,14.56,,214.0
2018-05-09 09:50,,14.52,2731,14.55,14.5,14.55,,152.0
2018-05-09 09:55,,14.55,2731,14.55,14.51,14.52,,141.0
2018-05-09 10:00,,14.6,2731,14.62,14.53,14.55,,95.0
2018-05-09 10:05,,14.59,2731,14.6,14.55,14.6,,46.0
2018-05-09 10:10,,14.58,2731,14.59,14.55,14.59,,106.0
2018-05-09 10:15,,14.53,2731,14.59,14.53,14.58,,49.0
2018-05-09 10:20,,14.57,2731,14.58,14.53,14.53,,17.0
2018-05-09 10:25,,14.63,2731,14.63,14.57,14.57,,80.0
2018-05-09 10:30,,14.69,2731,14.69,14.63,14.63,,133.0
2018-05-09 10:35,,14.69,2731,14.73,14.69,14.69,,102.0
2018-05-09 10:40,,14.66,2731,14.69,14.66,14.69,,164.0
2018-05-09 10:45,,14.67,2731,14.68,14.65,14.66,,50.0
2018-05-09 10:50,,14.66,2731,14.68,14.62,14.67,,70.0
2018-05-09 10:55,,14.6,2731,14.66,14.6,14.66,,52.0
2018-05-09 11:00,,14.65,2731,14.65,14.6,14.6,,14.0
2018-05-09 11:05,,14.62,2731,14.65,14.59,14.65,,139.0
2018-05-09 11:10,,14.62,2731,14.62,14.6,14.62,,4.0
2018-05-09 11:15,,14.62,2731,14.62,14.6,14.62,,19.0
2018-05-09 11:20,,14.65,2731,14.67,14.62,14.62,,50.0
2018-05-09 11:25,,14.7,2731,14.7,14.65,14.65,,225.0
2018-05-09 11:30,,14.69,2731,14.7,14.68,14.7,,145.0
2018-05-09 13:05,,14.69,2731,14.69,14.66,14.69,,21.0
2018-05-09 13:10,,14.67,2731,14.69,14.66,14.69,,24.0
2018-05-09 13:15,,14.67,2731,14.67,14.66,14.67,,16.0
2018-05-09 13:20,,14.69,2731,14.69,14.66,14.67,,70.0
2018-05-09 13:25,,14.72,2731,14.72,14.67,14.69,,300.0
2018-05-09 13:30,,14.71,2731,14.72,14.68,14.72,,68.0
2018-05-09 13:35,,14.7,2731,14.71,14.66,14.71,,43.0
2018-05-09 13:40,,14.69,2731,14.7,14.68,14.7,,49.0
2018-05-09 13:45,,14.68,2731,14.69,14.68,14.69,,22.0
2018-05-09 13:50,,14.62,2731,14.68,14.62,14.68,,131.0
2018-05-09 13:55,,14.65,2731,14.65,14.62,14.62,,45.0
2018-05-09 14:00,,14.67,2731,14.68,14.64,14.65,,59.0
2018-05-09 14:05,,14.64,2731,14.67,14.64,14.67,,18.0
2018-05-09 14:10,,14.67,2731,14.67,14.63,14.64,,24.0
2018-05-09 14:15,,14.62,2731,14.67,14.62,14.67,,25.0
2018-05-09 14:20,,14.6,2731,14.63,14.6,14.62,,174.0
2018-05-09 14:25,,14.63,2731,14.63,14.58,14.6,,119.0
2018-05-09 14:30,,14.55,2731,14.63,14.53,14.63,,66.0
2018-05-09 14:35,,14.57,2731,14.62,14.55,14.55,,32.0
2018-05-09 14:40,,14.6,2731,14.62,14.57,14.57,,113.0
2018-05-09 14:45,,14.58,2731,14.6,14.56,14.6,,105.0
2018-05-09 14:50,,14.57,2731,14.62,14.57,14.58,,256.0
2018-05-09 14:55,,14.63,2731,14.65,14.57,14.57,,233.0
2018-05-09 15:00,,14.61,2731,14.63,14.6,14.63,,81.0
2018-05-10 09:35,,14.65,2731,14.68,14.57,14.62,,285.0
2018-05-10 09:40,,14.63,2731,14.65,14.6,14.65,,183.0
2018-05-10 09:45,,14.64,2731,14.64,14.63,14.63,,91.0
2018-05-10 09:50,,14.63,2731,14.64,14.61,14.64,,100.0
2018-05-10 09:55,,14.62,2731,14.64,14.61,14.63,,241.0
2018-05-10 10:00,,14.59,2731,14.62,14.58,14.62,,476.0
2018-05-10 10:05,,14.63,2731,14.63,14.57,14.59,,323.0
2018-05-10 10:10,,14.63,2731,14.63,14.59,14.63,,225.0
2018-05-10 10:15,,14.63,2731,14.64,14.59,14.63,,162.0
2018-05-10 10:20,,14.62,2731,14.63,14.6,14.63,,44.0
2018-05-10 10:25,,14.6,2731,14.62,14.59,14.62,,140.0
2018-05-10 10:30,,14.62,2731,14.64,14.6,14.6,,221.0
2018-05-10 10:35,,14.61,2731,14.62,14.6,14.62,,59.0
2018-05-10 10:40,,14.6,2731,14.62,14.6,14.61,,37.0
2018-05-10 10:45,,14.61,2731,14.62,14.6,14.6,,44.0
2018-05-10 10:50,,14.61,2731,14.61,14.6,14.61,,45.0
2018-05-10 10:55,,14.61,2731,14.62,14.6,14.61,,211.0
2018-05-10 11:00,,14.6,2731,14.61,14.6,14.61,,67.0
2018-05-10 11:05,,14.58,2731,14.6,14.55,14.6,,458.0
2018-05-10 11:10,,14.58,2731,14.58,14.55,14.58,,39.0
2018-05-10 11:15,,14.57,2731,14.58,14.56,14.58,,51.0
2018-05-10 11:20,,14.6,2731,14.6,14.57,14.57,,36.0
2018-05-10 11:25,,14.56,2731,14.6,14.56,14.6,,44.0
2018-05-10 11:30,,14.55,2731,14.57,14.55,14.56,,60.0
2018-05-10 13:05,,14.57,2731,14.58,14.55,14.55,,28.0
2018-05-10 13:10,,14.54,2731,14.57,14.54,14.57,,28.0
2018-05-10 13:15,,14.54,2731,14.57,14.54,14.54,,47.0
2018-05-10 13:20,,14.57,2731,14.58,14.54,14.54,,99.0
2018-05-10 13:25,,14.57,2731,14.57,14.57,14.57,,20.0
2018-05-10 13:30,,14.56,2731,14.57,14.52,14.57,,81.0
2018-05-10 13:35,,14.56,2731,14.56,14.55,14.56,,108.0
2018-05-10 13:40,,14.6,2731,14.6,14.53,14.56,,176.0
2018-05-10 13:45,,14.62,2731,14.62,14.6,14.6,,107.0
2018-05-10 13:50,,14.57,2731,14.62,14.57,14.62,,39.0
2018-05-10 13:55,,14.61,2731,14.61,14.57,14.57,,50.0
2018-05-10 14:00,,14.6,2731,14.61,14.58,14.61,,20.0
2018-05-10 14:05,,14.6,2731,14.6,14.57,14.6,,59.0
2018-05-10 14:10,,14.6,2731,14.6,14.59,14.6,,68.0
2018-05-10 14:15,,14.61,2731,14.62,14.59,14.6,,304.0
2018-05-10 14:20,,14.62,2731,14.63,14.58,14.61,,125.0
2018-05-10 14:25,,14.62,2731,14.63,14.62,14.62,,89.0
2018-05-10 14:30,,14.59,2731,14.62,14.59,14.62,,71.0
2018-05-10 14:35,,14.6,2731,14.62,14.58,14.59,,283.0
2018-05-10 14:40,,14.6,2731,14.6,14.59,14.6,,59.0
2018-05-10 14:45,,14.6,2731,14.6,14.59,14.6,,183.0
2018-05-10 14:50,,14.59,2731,14.62,14.59,14.6,,292.0
2018-05-10 14:55,,14.64,2731,14.65,14.59,14.59,,425.0
2018-05-10 15:00,,14.65,2731,14.65,14.64,14.64,,96.0
2018-05-11 09:35,,14.62,2731,14.67,14.58,14.67,,147.0
2018-05-11 09:40,,14.59,2731,14.62,14.58,14.62,,227.0
2018-05-11 09:45,,14.6,2731,14.6,14.55,14.59,,186.0
2018-05-11 09:50,,14.58,2731,14.6,14.54,14.6,,101.0
2018-05-11 09:55,,14.58,2731,14.58,14.57,14.58,,91.0
2018-05-11 10:00,,14.59,2731,14.59,14.58,14.58,,31.0
2018-05-11 10:05,,14.58,2731,14.59,14.56,14.59,,117.0
2018-05-11 10:10,,14.56,2731,14.59,14.56,14.58,,70.0
2018-05-11 10:15,,14.58,2731,14.62,14.56,14.56,,179.0
2018-05-11 10:20,,14.59,2731,14.63,14.58,14.58,,33.0
2018-05-11 10:25,,14.58,2731,14.62,14.58,14.59,,29.0
2018-05-11 10:30,,14.61,2731,14.61,14.58,14.58,,98.0
2018-05-11 10:35,,14.59,2731,14.61,14.59,14.61,,23.0
2018-05-11 10:40,,14.58,2731,14.62,14.58,14.59,,146.0
2018-05-11 10:45,,14.62,2731,14.62,14.58,14.58,,1.0
2018-05-11 10:50,,14.56,2731,14.62,14.56,14.62,,342.0
2018-05-11 10:55,,14.54,2731,14.56,14.54,14.56,,198.0
2018-05-11 11:00,,14.48,2731,14.54,14.47,14.54,,310.0
2018-05-11 11:05,,14.49,2731,14.5,14.47,14.48,,109.0
2018-05-11 11:10,,14.55,2731,14.55,14.49,14.49,,276.0
2018-05-11 11:15,,14.51,2731,14.55,14.47,14.55,,163.0
2018-05-11 11:20,,14.45,2731,14.51,14.45,14.51,,245.0
2018-05-11 11:25,,14.44,2731,14.51,14.42,14.45,,140.0
2018-05-11 11:30,,14.44,2731,14.44,14.44,14.44,,46.0
2018-05-11 13:05,,14.48,2731,14.48,14.44,14.44,,127.0
2018-05-11 13:10,,14.43,2731,14.48,14.43,14.48,,107.0
2018-05-11 13:15,,14.45,2731,14.45,14.43,14.43,,7.0
2018-05-11 13:20,,14.44,2731,14.45,14.41,14.45,,99.0
2018-05-11 13:25,,14.41,2731,14.44,14.41,14.44,,156.0
2018-05-11 13:30,,14.43,2731,14.44,14.41,14.41,,69.0
2018-05-11 13:35,,14.44,2731,14.44,14.43,14.43,,30.0
2018-05-11 13:40,,14.47,2731,14.47,14.44,14.44,,120.0
2018-05-11 13:45,,14.48,2731,14.48,14.47,14.47,,4.0
2018-05-11 13:50,,14.47,2731,14.48,14.47,14.48,,67.0
2018-05-11 13:55,,14.47,2731,14.48,14.46,14.47,,28.0
2018-05-11 14:00,,14.46,2731,14.48,14.46,14.47,,101.0
2018-05-11 14:05,,14.43,2731,14.48,14.43,14.46,,246.0
2018-05-11 14:10,,14.46,2731,14.46,14.43,14.43,,64.0
2018-05-11 14:15,,14.46,2731,14.46,14.45,14.46,,104.0
2018-05-11 14:20,,14.46,2731,14.46,14.44,14.46,,61.0
2018-05-11 14:25,,14.45,2731,14.48,14.45,14.46,,68.0
2018-05-11 14:30,,14.4,2731,14.45,14.35,14.45,,452.0
2018-05-11 14:35,,14.37,2731,14.4,14.36,14.4,,53.0
2018-05-11 14:40,,14.4,2731,14.42,14.35,14.37,,147.0
2018-05-11 14:45,,14.4,2731,14.42,14.4,14.4,,129.0
2018-05-11 14:50,,14.41,2731,14.43,14.37,14.4,,64.0
2018-05-11 14:55,,14.33,2731,14.41,14.33,14.41,,259.0
2018-05-11 15:00,,14.37,2731,14.4,14.33,14.33,,92.0
2018-05-14 09:35,,14.4,2731,14.46,14.37,14.37,,127.0
2018-05-14 09:40,,14.34,2731,14.42,14.34,14.4,,207.0
2018-05-14 09:45,,14.37,2731,14.43,14.34,14.34,,144.0
2018-05-14 09:50,,14.43,2731,14.43,14.37,14.37,,134.0
2018-05-14 09:55,,14.42,2731,14.47,14.41,14.43,,78.0
2018-05-14 10:00,,14.47,2731,14.47,14.42,14.42,,65.0
2018-05-14 10:05,,14.48,2731,14.48,14.47,14.47,,16.0
2018-05-14 10:10,,14.47,2731,14.48,14.45,14.48,,46.0
2018-05-14 10:15,,14.5,2731,14.52,14.47,14.47,,133.0
2018-05-14 10:20,,14.51,2731,14.53,14.5,14.5,,76.0
2018-05-14 10:25,,14.47,2731,14.51,14.47,14.51,,43.0
2018-05-14 10:30,,14.52,2731,14.52,14.47,14.47,,75.0
2018-05-14 10:35,,14.48,2731,14.52,14.48,14.52,,21.0
2018-05-14 10:40,,14.51,2731,14.51,14.48,14.48,,59.0
2018-05-14 10:45,,14.52,2731,14.52,14.51,14.51,,79.0
2018-05-14 10:50,,14.51,2731,14.52,14.49,14.52,,70.0
2018-05-14 10:55,,14.51,2731,14.53,14.51,14.51,,76.0
2018-05-14 11:00,,14.52,2731,14.52,14.51,14.51,,70.0
2018-05-14 11:05,,14.52,2731,14.52,14.52,14.52,,45.0
2018-05-14 11:10,,14.51,2731,14.52,14.51,14.52,,31.0
2018-05-14 11:15,,14.52,2731,14.52,14.51,14.51,,33.0
2018-05-14 11:20,,14.51,2731,14.52,14.5,14.52,,34.0
2018-05-14 11:25,,14.51,2731,14.51,14.5,14.51,,16.0
2018-05-14 11:30,,14.52,2731,14.52,14.51,14.51,,10.0
2018-05-14 13:05,,14.5,2731,14.52,14.5,14.52,,96.0
2018-05-14 13:10,,14.5,2731,14.51,14.5,14.5,,75.0
2018-05-14 13:15,,14.49,2731,14.5,14.49,14.5,,42.0
2018-05-14 13:20,,14.5,2731,14.5,14.47,14.49,,135.0
2018-05-14 13:25,,14.5,2731,14.5,14.47,14.5,,27.0
2018-05-14 13:30,,14.49,2731,14.5,14.46,14.5,,107.0
2018-05-14 13:35,,14.49,2731,14.5,14.49,14.49,,194.0
2018-05-14 13:40,,14.5,2731,14.5,14.49,14.49,,34.0
2018-05-14 13:45,,14.41,2731,14.5,14.4,14.5,,400.0
2018-05-14 13:50,,14.41,2731,14.49,14.41,14.41,,158.0
2018-05-14 13:55,,14.41,2731,14.41,14.41,14.41,,54.0
2018-05-14 14:00,,14.43,2731,14.43,14.41,14.41,,0.0
2018-05-14 14:05,,14.48,2731,14.48,14.43,14.43,,10.0
2018-05-14 14:10,,14.45,2731,14.48,14.45,14.48,,14.0
2018-05-14 14:15,,14.43,2731,14.45,14.41,14.45,,35.0
2018-05-14 14:20,,14.48,2731,14.48,14.43,14.43,,55.0
2018-05-14 14:25,,14.48,2731,14.48,14.48,14.48,,41.0
2018-05-14 14:30,,14.48,2731,14.49,14.45,14.48,,56.0
2018-05-14 14:35,,14.47,2731,14.49,14.41,14.48,,148.0
2018-05-14 14:40,,14.41,2731,14.47,14.41,14.47,,135.0
2018-05-14 14:45,,14.41,2731,14.45,14.4,14.41,,187.0
2018-05-14 14:50,,14.46,2731,14.46,14.41,14.41,,162.0
2018-05-14 14:55,,14.45,2731,14.46,14.4,14.46,,160.0
2018-05-14 15:00,,14.45,2731,14.45,14.41,14.45,,51.0
2018-05-15 09:35,,14.38,2731,14.54,14.37,14.49,,94.0
2018-05-15 09:40,,14.39,2731,14.43,14.35,14.38,,313.0
2018-05-15 09:45,,14.38,2731,14.46,14.38,14.39,,77.0
2018-05-15 09:50,,14.45,2731,14.45,14.38,14.38,,35.0
2018-05-15 09:55,,14.41,2731,14.45,14.4,14.45,,72.0
2018-05-15 10:00,,14.44,2731,14.44,14.41,14.41,,40.0
2018-05-15 10:05,,14.41,2731,14.44,14.41,14.44,,70.0
2018-05-15 10:10,,14.43,2731,14.43,14.4,14.41,,64.0
2018-05-15 10:15,,14.43,2731,14.43,14.4,14.43,,31.0
2018-05-15 10:20,,14.42,2731,14.43,14.41,14.43,,18.0
2018-05-15 10:25,,14.42,2731,14.42,14.41,14.42,,37.0
2018-05-15 10:30,,14.41,2731,14.42,14.4,14.42,,62.0
2018-05-15 10:35,,14.42,2731,14.43,14.41,14.41,,107.0
2018-05-15 10:40,,14.48,2731,14.48,14.42,14.42,,177.0
2018-05-15 10:45,,14.5,2731,14.5,14.46,14.48,,113.0
2018-05-15 10:50,,14.51,2731,14.52,14.47,14.5,,67.0
2018-05-15 10:55,,14.5,2731,14.52,14.47,14.51,,47.0
2018-05-15 11:00,,14.45,2731,14.5,14.45,14.5,,121.0
2018-05-15 11:05,,14.48,2731,14.48,14.43,14.45,,28.0
2018-05-15 11:10,,14.47,2731,14.48,14.43,14.48,,37.0
2018-05-15 11:15,,14.47,2731,14.47,14.43,14.47,,15.0
2018-05-15 11:20,,14.47,2731,14.47,14.44,14.47,,18.0
2018-05-15 11:25,,14.47,2731,14.47,14.44,14.47,,11.0
2018-05-15 11:30,,14.47,2731,14.47,14.44,14.47,,12.0
2018-05-15 13:05,,14.44,2731,14.47,14.43,14.47,,43.0
2018-05-15 13:10,,14.46,2731,14.46,14.43,14.44,,14.0
2018-05-15 13:15,,14.47,2731,14.47,14.43,14.46,,72.0
2018-05-15 13:20,,14.43,2731,14.47,14.43,14.47,,12.0
2018-05-15 13:25,,14.47,2731,14.47,14.43,14.43,,11.0
2018-05-15 13:30,,14.47,2731,14.47,14.44,14.47,,37.0
2018-05-15 13:35,,14.44,2731,14.5,14.44,14.47,,35.0
2018-05-15 13:40,,14.5,2731,14.5,14.44,14.44,,48.0
2018-05-15 13:45,,14.51,2731,14.51,14.44,14.5,,87.0
2018-05-15 13:50,,14.51,2731,14.52,14.49,14.51,,150.0
2018-05-15 13:55,,14.54,2731,14.54,14.51,14.51,,93.0
2018-05-15 14:00,,14.52,2731,14.54,14.51,14.54,,58.0
2018-05-15 14:05,,14.54,2731,14.54,14.52,14.52,,107.0
2018-05-15 14:10,,14.52,2731,14.56,14.51,14.54,,246.0
2018-05-15 14:15,,14.57,2731,14.58,14.52,14.52,,289.0
2018-05-15 14:20,,14.6,2731,14.6,14.54,14.57,,307.0
2018-05-15 14:25,,14.6,2731,14.62,14.55,14.6,,213.0
2018-05-15 14:30,,14.55,2731,14.6,14.55,14.6,,158.0
2018-05-15 14:35,,14.6,2731,14.65,14.55,14.55,,351.0
2018-05-15 14:40,,14.6,2731,14.65,14.59,14.6,,418.0
2018-05-15 14:45,,14.55,2731,14.6,14.55,14.6,,314.0
2018-05-15 14:50,,14.56,2731,14.57,14.54,14.55,,381.0
2018-05-15 14:55,,14.56,2731,14.65,14.55,14.56,,488.0
2018-05-15 15:00,,14.59,2731,14.59,14.56,14.56,,108.0
2018-05-16 09:35,,14.53,2731,14.6,14.51,14.6,,61.0
2018-05-16 09:40,,14.54,2731,14.58,14.53,14.53,,66.0
2018-05-16 09:45,,14.53,2731,14.55,14.52,14.54,,185.0
2018-05-16 09:50,,14.56,2731,14.58,14.53,14.53,,165.0
2018-05-16 09:55,,14.53,2731,14.57,14.53,14.56,,261.0
2018-05-16 10:00,,14.53,2731,14.56,14.52,14.53,,260.0
2018-05-16 10:05,,14.58,2731,14.58,14.53,14.53,,166.0
2018-05-16 10:10,,14.57,2731,14.58,14.54,14.58,,51.0
2018-05-16 10:15,,14.57,2731,14.57,14.53,14.57,,125.0
2018-05-16 10:20,,14.57,2731,14.57,14.55,14.57,,36.0
2018-05-16 10:25,,14.56,2731,14.57,14.53,14.57,,40.0
2018-05-16 10:30,,14.57,2731,14.57,14.53,14.56,,15.0
2018-05-16 10:35,,14.57,2731,14.57,14.54,14.57,,22.0
2018-05-16 10:40,,14.56,2731,14.57,14.54,14.57,,12.0
2018-05-16 10:45,,14.57,2731,14.57,14.54,14.56,,177.0
2018-05-16 10:50,,14.56,2731,14.57,14.54,14.57,,15.0
2018-05-16 10:55,,14.58,2731,14.58,14.54,14.56,,54.0
2018-05-16 11:00,,14.58,2731,14.58,14.57,14.58,,51.0
2018-05-16 11:05,,14.6,2731,14.6,14.56,14.58,,66.0
2018-05-16 11:10,,14.64,2731,14.64,14.57,14.6,,199.0
2018-05-16 11:15,,14.64,2731,14.64,14.6,14.64,,194.0
2018-05-16 11:20,,14.62,2731,14.64,14.61,14.64,,60.0
2018-05-16 11:25,,14.64,2731,14.64,14.61,14.62,,17.0
2018-05-16 11:30,,14.64,2731,14.64,14.61,14.64,,14.0
2018-05-16 13:05,,14.62,2731,14.64,14.61,14.64,,36.0
2018-05-16 13:10,,14.61,2731,14.62,14.6,14.62,,126.0
2018-05-16 13:15,,14.62,2731,14.62,14.6,14.61,,34.0
2018-05-16 13:20,,14.62,2731,14.62,14.6,14.62,,38.0
2018-05-16 13:25,,14.64,2731,14.64,14.6,14.62,,35.0
2018-05-16 13:30,,14.62,2731,14.64,14.62,14.64,,122.0
2018-05-16 13:35,,14.65,2731,14.65,14.61,14.62,,126.0
2018-05-16 13:40,,14.64,2731,14.65,14.64,14.65,,107.0
2018-05-16 13:45,,14.66,2731,14.67,14.63,14.64,,103.0
2018-05-16 13:50,,14.76,2731,14.76,14.66,14.66,,657.0
2018-05-16 13:55,,14.73,2731,14.8,14.72,14.76,,464.0
2018-05-16 14:00,,14.74,2731,14.78,14.73,14.73,,272.0
2018-05-16 14:05,,14.67,2731,14.76,14.65,14.74,,455.0
2018-05-16 14:10,,14.67,2731,14.71,14.64,14.67,,304.0
2018-05-16 14:15,,14.69,2731,14.71,14.66,14.67,,154.0
2018-05-16 14:20,,14.66,2731,14.69,14.64,14.69,,161.0
2018-05-16 14:25,,14.69,2731,14.69,14.64,14.66,,155.0
2018-05-16 14:30,,14.72,2731,14.72,14.67,14.69,,227.0
2018-05-16 14:35,,14.67,2731,14.72,14.66,14.72,,271.0
2018-05-16 14:40,,14.63,2731,14.67,14.62,14.67,,263.0
2018-05-16 14:45,,14.64,2731,14.7,14.61,14.63,,344.0
2018-05-16 14:50,,14.65,2731,14.69,14.64,14.64,,338.0
2018-05-16 14:55,,14.66,2731,14.71,14.63,14.65,,326.0
2018-05-16 15:00,,14.64,2731,14.69,14.64,14.66,,148.0
2018-05-17 09:35,,14.64,2731,14.64,14.52,14.64,,112.0
2018-05-17 09:40,,14.59,2731,14.64,14.59,14.64,,63.0
2018-05-17 09:45,,14.61,2731,14.64,14.59,14.59,,62.0
2018-05-17 09:50,,14.67,2731,14.68,14.61,14.61,,129.0
2018-05-17 09:55,,14.74,2731,14.74,14.67,14.67,,122.0
2018-05-17 10:00,,14.65,2731,14.74,14.65,14.74,,112.0
2018-05-17 10:05,,14.7,2731,14.7,14.65,14.65,,50.0
2018-05-17 10:10,,14.66,2731,14.71,14.66,14.7,,177.0
2018-05-17 10:15,,14.68,2731,14.7,14.66,14.66,,172.0
2018-05-17 10:20,,14.67,2731,14.68,14.67,14.68,,87.0
2018-05-17 10:25,,14.68,2731,14.68,14.66,14.67,,17.0
2018-05-17 10:30,,14.63,2731,14.68,14.6,14.68,,289.0
2018-05-17 10:35,,14.57,2731,14.64,14.57,14.63,,210.0
2018-05-17 10:40,,14.6,2731,14.6,14.57,14.57,,198.0
2018-05-17 10:45,,14.62,2731,14.62,14.6,14.6,,73.0
2018-05-17 10:50,,14.61,2731,14.62,14.6,14.62,,16.0
2018-05-17 10:55,,14.61,2731,14.61,14.6,14.61,,32.0
2018-05-17 11:00,,14.62,2731,14.62,14.61,14.61,,59.0
2018-05-17 11:05,,14.62,2731,14.62,14.61,14.62,,19.0
2018-05-17 11:10,,14.64,2731,14.65,14.62,14.62,,37.0
2018-05-17 11:15,,14.62,2731,14.64,14.61,14.64,,61.0
2018-05-17 11:20,,14.61,2731,14.63,14.61,14.62,,51.0
2018-05-17 11:25,,14.63,2731,14.68,14.61,14.61,,145.0
2018-05-17 11:30,,14.66,2731,14.66,14.63,14.63,,127.0
2018-05-17 13:05,,14.68,2731,14.69,14.64,14.66,,45.0
2018-05-17 13:10,,14.67,2731,14.68,14.59,14.68,,140.0
2018-05-17 13:15,,14.66,2731,14.67,14.62,14.67,,26.0
2018-05-17 13:20,,14.66,2731,14.66,14.6,14.66,,241.0
2018-05-17 13:25,,14.65,2731,14.66,14.65,14.66,,14.0
2018-05-17 13:30,,14.64,2731,14.65,14.6,14.65,,90.0
2018-05-17 13:35,,14.66,2731,14.66,14.62,14.64,,19.0
2018-05-17 13:40,,14.62,2731,14.66,14.62,14.66,,46.0
2018-05-17 13:45,,14.59,2731,14.62,14.59,14.62,,153.0
2018-05-17 13:50,,14.59,2731,14.59,14.56,14.59,,169.0
2018-05-17 13:55,,14.59,2731,14.59,14.57,14.59,,56.0
2018-05-17 14:00,,14.65,2731,14.65,14.59,14.59,,22.0
2018-05-17 14:05,,14.65,2731,14.65,14.57,14.65,,257.0
2018-05-17 14:10,,14.6,2731,14.65,14.58,14.65,,253.0
2018-05-17 14:15,,14.59,2731,14.61,14.59,14.6,,21.0
2018-05-17 14:20,,14.61,2731,14.61,14.57,14.6,,90.0
2018-05-17 14:25,,14.63,2731,14.64,14.58,14.61,,64.0
2018-05-17 14:30,,14.59,2731,14.64,14.59,14.63,,96.0
2018-05-17 14:35,,14.6,2731,14.64,14.59,14.63,,112.0
2018-05-17 14:40,,14.64,2731,14.66,14.6,14.6,,64.0
2018-05-17 14:45,,14.63,2731,14.66,14.63,14.64,,121.0
2018-05-17 14:50,,14.64,2731,14.65,14.63,14.63,,137.0
2018-05-17 14:55,,14.65,2731,14.69,14.63,14.64,,670.0
2018-05-17 15:00,,14.67,2731,14.67,14.65,14.65,,149.0
2018-05-18 09:35,,14.7,2731,14.7,14.6,14.6,,208.0
2018-05-18 09:40,,14.72,2731,14.73,14.66,14.7,,381.0
2018-05-18 09:45,,14.68,2731,14.74,14.67,14.72,,127.0
2018-05-18 09:50,,14.71,2731,14.72,14.68,14.68,,124.0
2018-05-18 09:55,,14.69,2731,14.71,14.69,14.71,,162.0
2018-05-18 10:00,,14.69,2731,14.71,14.69,14.69,,163.0
2018-05-18 10:05,,14.72,2731,14.72,14.69,14.69,,192.0
2018-05-18 10:10,,14.78,2731,14.78,14.72,14.72,,373.0
2018-05-18 10:15,,14.81,2731,14.83,14.78,14.78,,195.0
2018-05-18 10:20,,14.95,2731,14.95,14.81,14.81,,561.0
2018-05-18 10:25,,14.87,2731,14.97,14.87,14.95,,408.0
2018-05-18 10:30,,14.86,2731,14.9,14.82,14.87,,283.0
2018-05-18 10:35,,14.93,2731,14.93,14.86,14.86,,218.0
2018-05-18 10:40,,14.94,2731,14.96,14.93,14.93,,450.0
2018-05-18 10:45,,14.92,2731,14.94,14.91,14.94,,185.0
2018-05-18 10:50,,14.94,2731,14.95,14.87,14.91,,226.0
2018-05-18 10:55,,14.96,2731,14.96,14.92,14.94,,376.0
2018-05-18 11:00,,14.96,2731,14.99,14.94,14.96,,514.0
2018-05-18 11:05,,14.95,2731,14.97,14.95,14.96,,199.0
2018-05-18 11:10,,15.03,2731,15.05,14.95,14.95,,553.0
2018-05-18 11:15,,14.97,2731,15.03,14.95,15.03,,373.0
2018-05-18 11:20,,14.95,2731,14.97,14.88,14.97,,586.0
2018-05-18 11:25,,14.94,2731,14.95,14.92,14.95,,37.0
2018-05-18 11:30,,14.95,2731,14.95,14.93,14.94,,154.0
2018-05-18 13:05,,15.01,2731,15.01,14.92,14.95,,559.0
2018-05-18 13:10,,15.01,2731,15.01,14.97,15.01,,143.0
2018-05-18 13:15,,15.1,2731,15.15,15.01,15.01,,1227.0
2018-05-18 13:20,,15.24,2731,15.36,15.1,15.1,,1867.0
2018-05-18 13:25,,15.2,2731,15.29,15.18,15.24,,984.0
2018-05-18 13:30,,15.18,2731,15.22,15.18,15.2,,719.0
2018-05-18 13:35,,15.18,2731,15.19,15.18,15.18,,755.0
2018-05-18 13:40,,15.31,2731,15.34,15.15,15.18,,1400.0
2018-05-18 13:45,,15.57,2731,15.6,15.3,15.31,,2745.0
2018-05-18 13:50,,15.52,2731,15.59,15.46,15.57,,801.0
2018-05-18 13:55,,15.43,2731,15.52,15.41,15.52,,774.0
2018-05-18 14:00,,15.45,2731,15.49,15.43,15.43,,776.0
2018-05-18 14:05,,15.55,2731,15.55,15.45,15.45,,1094.0
2018-05-18 14:10,,15.48,2731,15.55,15.48,15.55,,742.0
2018-05-18 14:15,,15.52,2731,15.52,15.46,15.48,,183.0
2018-05-18 14:20,,15.5,2731,15.52,15.49,15.52,,379.0
2018-05-18 14:25,,15.5,2731,15.51,15.49,15.5,,372.0
2018-05-18 14:30,,15.55,2731,15.56,15.5,15.5,,664.0
2018-05-18 14:35,,15.53,2731,15.57,15.51,15.55,,197.0
2018-05-18 14:40,,15.57,2731,15.58,15.52,15.53,,513.0
2018-05-18 14:45,,15.65,2731,15.7,15.55,15.57,,1209.0
2018-05-18 14:50,,15.55,2731,15.68,15.53,15.65,,975.0
2018-05-18 14:55,,15.44,2731,15.55,15.44,15.55,,1048.0
2018-05-18 15:00,,15.45,2731,15.45,15.44,15.44,,467.0
2018-05-21 09:35,,15.57,2731,15.58,15.47,15.48,,2717.0
2018-05-21 09:40,,15.82,2731,15.91,15.59,15.59,,3051.0
2018-05-21 09:45,,15.91,2731,15.91,15.7,15.82,,3617.0
2018-05-21 09:50,,15.86,2731,15.91,15.81,15.91,,1158.0
2018-05-21 09:55,,15.81,2731,15.88,15.8,15.86,,930.0
2018-05-21 10:00,,15.79,2731,15.81,15.73,15.81,,671.0
2018-05-21 10:05,,15.8,2731,15.81,15.73,15.79,,920.0
2018-05-21 10:10,,15.82,2731,15.83,15.73,15.8,,814.0
2018-05-21 10:15,,15.82,2731,15.84,15.75,15.82,,332.0
2018-05-21 10:20,,15.87,2731,15.87,15.82,15.82,,713.0
2018-05-21 10:25,,16.03,2731,16.05,15.87,15.87,,1746.0
2018-05-21 10:30,,15.97,2731,16.04,15.97,16.03,,935.0
2018-05-21 10:35,,15.99,2731,15.99,15.93,15.97,,404.0
2018-05-21 10:40,,15.97,2731,15.99,15.97,15.99,,300.0
2018-05-21 10:45,,15.96,2731,15.98,15.96,15.97,,231.0
2018-05-21 10:50,,15.95,2731,15.97,15.95,15.96,,269.0
2018-05-21 10:55,,15.93,2731,15.96,15.93,15.95,,107.0
2018-05-21 11:00,,15.94,2731,15.97,15.93,15.93,,204.0
2018-05-21 11:05,,15.96,2731,15.98,15.94,15.94,,127.0
2018-05-21 11:10,,15.96,2731,15.98,15.95,15.96,,154.0
2018-05-21 11:15,,16.01,2731,16.02,15.96,15.96,,466.0
2018-05-21 11:20,,16.01,2731,16.01,15.99,16.01,,210.0
2018-05-21 11:25,,16.03,2731,16.04,16.01,16.01,,178.0
2018-05-21 11:30,,16.03,2731,16.04,16.03,16.03,,164.0
2018-05-21 13:05,,15.99,2731,16.04,15.99,16.03,,383.0
2018-05-21 13:10,,15.95,2731,15.99,15.95,15.99,,235.0
2018-05-21 13:15,,15.93,2731,15.96,15.93,15.95,,79.0
2018-05-21 13:20,,15.9,2731,15.93,15.89,15.93,,225.0
2018-05-21 13:25,,15.9,2731,15.95,15.89,15.9,,140.0
2018-05-21 13:30,,15.88,2731,15.9,15.84,15.9,,550.0
2018-05-21 13:35,,15.79,2731,15.9,15.79,15.88,,990.0
2018-05-21 13:40,,15.73,2731,15.87,15.6,15.78,,1224.0
2018-05-21 13:45,,15.79,2731,15.82,15.73,15.73,,370.0
2018-05-21 13:50,,15.82,2731,15.82,15.78,15.79,,300.0
2018-05-21 13:55,,15.82,2731,15.83,15.81,15.82,,291.0
2018-05-21 14:00,,15.83,2731,15.84,15.81,15.82,,193.0
2018-05-21 14:05,,15.81,2731,15.83,15.81,15.83,,130.0
2018-05-21 14:10,,15.84,2731,15.84,15.8,15.81,,292.0
2018-05-21 14:15,,15.85,2731,15.87,15.84,15.84,,233.0
2018-05-21 14:20,,15.84,2731,15.86,15.84,15.85,,384.0
2018-05-21 14:25,,15.82,2731,15.84,15.8,15.84,,463.0
2018-05-21 14:30,,15.81,2731,15.82,15.81,15.82,,152.0
2018-05-21 14:35,,15.81,2731,15.83,15.8,15.81,,184.0
2018-05-21 14:40,,15.82,2731,15.82,15.8,15.81,,214.0
2018-05-21 14:45,,15.81,2731,15.83,15.8,15.82,,452.0
2018-05-21 14:50,,15.8,2731,15.83,15.79,15.81,,428.0
2018-05-21 14:55,,15.8,2731,15.82,15.79,15.8,,548.0
2018-05-21 15:00,,15.81,2731,15.81,15.79,15.8,,323.0
2018-05-22 09:35,,15.68,2731,15.78,15.67,15.77,,688.0
2018-05-22 09:40,,15.6,2731,15.69,15.6,15.68,,478.0
2018-05-22 09:45,,15.54,2731,15.65,15.54,15.6,,747.0
2018-05-22 09:50,,15.56,2731,15.6,15.54,15.54,,1363.0
2018-05-22 09:55,,15.6,2731,15.61,15.56,15.56,,676.0
2018-05-22 10:00,,15.71,2731,15.71,15.59,15.6,,518.0
2018-05-22 10:05,,15.66,2731,15.74,15.62,15.71,,174.0
2018-05-22 10:10,,15.7,2731,15.7,15.65,15.66,,301.0
2018-05-22 10:15,,15.66,2731,15.7,15.66,15.7,,210.0
2018-05-22 10:20,,15.7,2731,15.7,15.66,15.66,,111.0
2018-05-22 10:25,,15.66,2731,15.7,15.66,15.7,,185.0
2018-05-22 10:30,,15.66,2731,15.68,15.65,15.66,,304.0
2018-05-22 10:35,,15.65,2731,15.67,15.65,15.66,,238.0
2018-05-22 10:40,,15.65,2731,15.66,15.65,15.65,,141.0
2018-05-22 10:45,,15.6,2731,15.65,15.6,15.65,,865.0
2018-05-22 10:50,,15.63,2731,15.67,15.6,15.6,,334.0
2018-05-22 10:55,,15.7,2731,15.7,15.63,15.63,,238.0
2018-05-22 11:00,,15.65,2731,15.7,15.65,15.7,,115.0
2018-05-22 11:05,,15.64,2731,15.7,15.63,15.65,,281.0
2018-05-22 11:10,,15.64,2731,15.69,15.63,15.64,,99.0
2018-05-22 11:15,,15.63,2731,15.68,15.63,15.64,,218.0
2018-05-22 11:20,,15.69,2731,15.7,15.63,15.63,,297.0
2018-05-22 11:25,,15.62,2731,15.69,15.62,15.69,,353.0
2018-05-22 11:30,,15.61,2731,15.63,15.61,15.62,,230.0
2018-05-22 13:05,,15.63,2731,15.63,15.6,15.61,,250.0
2018-05-22 13:10,,15.61,2731,15.63,15.6,15.63,,168.0
2018-05-22 13:15,,15.61,2731,15.62,15.61,15.61,,104.0
2018-05-22 13:20,,15.61,2731,15.62,15.6,15.61,,101.0
2018-05-22 13:25,,15.62,2731,15.63,15.61,15.61,,297.0
2018-05-22 13:30,,15.62,2731,15.62,15.6,15.62,,275.0
2018-05-22 13:35,,15.64,2731,15.64,15.62,15.62,,50.0
2018-05-22 13:40,,15.62,2731,15.64,15.62,15.64,,204.0
2018-05-22 13:45,,15.62,2731,15.63,15.62,15.62,,130.0
2018-05-22 13:50,,15.61,2731,15.63,15.61,15.62,,94.0
2018-05-22 13:55,,15.6,2731,15.62,15.59,15.61,,122.0
2018-05-22 14:00,,15.59,2731,15.6,15.58,15.6,,167.0
2018-05-22 14:05,,15.6,2731,15.63,15.59,15.59,,63.0
2018-05-22 14:10,,15.6,2731,15.63,15.58,15.6,,211.0
2018-05-22 14:15,,15.63,2731,15.67,15.6,15.6,,93.0
2018-05-22 14:20,,15.68,2731,15.68,15.63,15.63,,309.0
2018-05-22 14:25,,15.67,2731,15.7,15.66,15.68,,139.0
2018-05-22 14:30,,15.65,2731,15.67,15.62,15.67,,417.0
2018-05-22 14:35,,15.64,2731,15.7,15.62,15.65,,468.0
2018-05-22 14:40,,15.65,2731,15.7,15.63,15.64,,296.0
2018-05-22 14:45,,15.63,2731,15.65,15.62,15.65,,349.0
2018-05-22 14:50,,15.62,2731,15.63,15.61,15.62,,644.0
2018-05-22 14:55,,15.62,2731,15.68,15.62,15.62,,464.0
2018-05-22 15:00,,15.62,2731,15.62,15.62,15.62,,377.0
2018-05-23 09:35,,15.54,2731,15.75,15.54,15.75,,623.0
2018-05-23 09:40,,15.52,2731,15.6,15.52,15.54,,608.0
2018-05-23 09:45,,15.48,2731,15.52,15.48,15.52,,972.0
2018-05-23 09:50,,15.49,2731,15.5,15.47,15.48,,600.0
2018-05-23 09:55,,15.48,2731,15.49,15.47,15.49,,533.0
2018-05-23 10:00,,15.51,2731,15.56,15.47,15.48,,158.0
2018-05-23 10:05,,15.49,2731,15.56,15.49,15.51,,304.0
2018-05-23 10:10,,15.49,2731,15.5,15.49,15.49,,325.0
2018-05-23 10:15,,15.53,2731,15.53,15.49,15.49,,53.0
2018-05-23 10:20,,15.52,2731,15.53,15.51,15.53,,34.0
2018-05-23 10:25,,15.52,2731,15.54,15.52,15.52,,122.0
2018-05-23 10:30,,15.53,2731,15.53,15.52,15.52,,56.0
2018-05-23 10:35,,15.51,2731,15.53,15.5,15.53,,50.0
2018-05-23 10:40,,15.52,2731,15.52,15.51,15.51,,44.0
2018-05-23 10:45,,15.53,2731,15.53,15.52,15.52,,34.0
2018-05-23 10:50,,15.53,2731,15.53,15.52,15.53,,57.0
2018-05-23 10:55,,15.52,2731,15.55,15.51,15.53,,340.0
2018-05-23 11:00,,15.5,2731,15.55,15.5,15.52,,891.0
2018-05-23 11:05,,15.55,2731,15.55,15.48,15.5,,346.0
2018-05-23 11:10,,15.51,2731,15.55,15.51,15.55,,142.0
2018-05-23 11:15,,15.52,2731,15.54,15.51,15.51,,46.0
2018-05-23 11:20,,15.55,2731,15.55,15.52,15.52,,128.0
2018-05-23 11:25,,15.54,2731,15.56,15.52,15.55,,304.0
2018-05-23 11:30,,15.56,2731,15.56,15.52,15.52,,213.0
2018-05-23 13:05,,15.54,2731,15.56,15.52,15.56,,173.0
2018-05-23 13:10,,15.54,2731,15.54,15.53,15.54,,111.0
2018-05-23 13:15,,15.55,2731,15.55,15.53,15.54,,291.0
2018-05-23 13:20,,15.54,2731,15.55,15.54,15.55,,305.0
2018-05-23 13:25,,15.54,2731,15.56,15.53,15.54,,138.0
2018-05-23 13:30,,15.55,2731,15.56,15.54,15.54,,359.0
2018-05-23 13:35,,15.56,2731,15.57,15.55,15.55,,103.0
2018-05-23 13:40,,15.55,2731,15.56,15.54,15.56,,67.0
2018-05-23 13:45,,15.55,2731,15.56,15.54,15.55,,53.0
2018-05-23 13:50,,15.53,2731,15.55,15.53,15.55,,188.0
2018-05-23 13:55,,15.54,2731,15.55,15.53,15.53,,144.0
2018-05-23 14:00,,15.53,2731,15.56,15.53,15.54,,107.0
2018-05-23 14:05,,15.54,2731,15.55,15.53,15.53,,217.0
2018-05-23 14:10,,15.61,2731,15.61,15.54,15.54,,564.0
2018-05-23 14:15,,15.57,2731,15.61,15.57,15.61,,351.0
2018-05-23 14:20,,15.58,2731,15.62,15.57,15.57,,113.0
2018-05-23 14:25,,15.63,2731,15.67,15.58,15.58,,252.0
2018-05-23 14:30,,15.63,2731,15.67,15.62,15.63,,205.0
2018-05-23 14:35,,15.63,2731,15.67,15.6,15.63,,342.0
2018-05-23 14:40,,15.63,2731,15.69,15.63,15.63,,176.0
2018-05-23 14:45,,15.7,2731,15.71,15.62,15.63,,399.0
2018-05-23 14:50,,15.72,2731,15.78,15.7,15.7,,1010.0
2018-05-23 14:55,,15.73,2731,15.74,15.69,15.72,,660.0
2018-05-23 15:00,,15.71,2731,15.73,15.7,15.73,,336.0
2018-05-24 09:35,,15.75,2731,15.85,15.53,15.53,,581.0
2018-05-24 09:40,,15.73,2731,15.75,15.7,15.75,,201.0
2018-05-24 09:45,,15.69,2731,15.73,15.69,15.73,,770.0
2018-05-24 09:50,,15.7,2731,15.72,15.69,15.69,,66.0
2018-05-24 09:55,,15.61,2731,15.71,15.61,15.7,,184.0
2018-05-24 10:00,,15.6,2731,15.65,15.59,15.61,,223.0
2018-05-24 10:05,,15.62,2731,15.63,15.6,15.6,,61.0
2018-05-24 10:10,,15.62,2731,15.65,15.61,15.62,,78.0
2018-05-24 10:15,,15.6,2731,15.62,15.59,15.62,,117.0
2018-05-24 10:20,,15.64,2731,15.64,15.59,15.6,,156.0
2018-05-24 10:25,,15.65,2731,15.65,15.64,15.64,,68.0
2018-05-24 10:30,,15.61,2731,15.65,15.61,15.65,,95.0
2018-05-24 10:35,,15.64,2731,15.64,15.61,15.61,,82.0
2018-05-24 10:40,,15.63,2731,15.64,15.63,15.64,,87.0
2018-05-24 10:45,,15.64,2731,15.71,15.62,15.63,,68.0
2018-05-24 10:50,,15.64,2731,15.64,15.64,15.64,,13.0
2018-05-24 10:55,,15.68,2731,15.79,15.63,15.64,,403.0
2018-05-24 11:00,,15.7,2731,15.75,15.68,15.68,,332.0
2018-05-24 11:05,,15.68,2731,15.7,15.68,15.7,,73.0
2018-05-24 11:10,,15.68,2731,15.68,15.65,15.68,,23.0
2018-05-24 11:15,,15.68,2731,15.69,15.68,15.69,,179.0
2018-05-24 11:20,,15.69,2731,15.69,15.68,15.68,,59.0
2018-05-24 11:25,,15.71,2731,15.71,15.69,15.69,,27.0
2018-05-24 11:30,,15.68,2731,15.71,15.68,15.71,,58.0
2018-05-24 13:05,,15.69,2731,15.69,15.68,15.68,,156.0
2018-05-24 13:10,,15.66,2731,15.69,15.66,15.69,,196.0
2018-05-24 13:15,,15.65,2731,15.67,15.65,15.66,,181.0
2018-05-24 13:20,,15.66,2731,15.67,15.65,15.65,,46.0
2018-05-24 13:25,,15.65,2731,15.67,15.65,15.66,,149.0
2018-05-24 13:30,,15.74,2731,15.75,15.65,15.65,,548.0
2018-05-24 13:35,,15.71,2731,15.74,15.7,15.74,,134.0
2018-05-24 13:40,,15.7,2731,15.71,15.69,15.71,,210.0
2018-05-24 13:45,,15.69,2731,15.7,15.69,15.7,,91.0
2018-05-24 13:50,,15.7,2731,15.74,15.69,15.69,,86.0
2018-05-24 13:55,,15.75,2731,15.77,15.7,15.7,,241.0
2018-05-24 14:00,,15.86,2731,15.88,15.75,15.75,,1151.0
2018-05-24 14:05,,15.81,2731,15.88,15.81,15.88,,458.0
2018-05-24 14:10,,15.77,2731,15.81,15.75,15.81,,397.0
2018-05-24 14:15,,15.76,2731,15.77,15.76,15.77,,51.0
2018-05-24 14:20,,15.78,2731,15.8,15.76,15.76,,82.0
2018-05-24 14:25,,15.78,2731,15.82,15.78,15.78,,488.0
2018-05-24 14:30,,15.78,2731,15.81,15.76,15.78,,599.0
2018-05-24 14:35,,15.8,2731,15.81,15.78,15.78,,263.0
2018-05-24 14:40,,15.82,2731,15.83,15.8,15.8,,357.0
2018-05-24 14:45,,15.84,2731,15.89,15.82,15.82,,953.0
2018-05-24 14:50,,15.85,2731,15.89,15.84,15.84,,283.0
2018-05-24 14:55,,15.9,2731,15.9,15.85,15.85,,826.0
2018-05-24 15:00,,15.9,2731,15.91,15.88,15.9,,753.0
2018-05-25 09:35,,15.93,2731,15.99,15.73,15.99,,908.0
2018-05-25 09:40,,16.1,2731,16.14,15.93,15.93,,1299.0
2018-05-25 09:45,,16.1,2731,16.1,16.04,16.1,,1759.0
2018-05-25 09:50,,16.07,2731,16.1,16.04,16.1,,1466.0
2018-05-25 09:55,,16.09,2731,16.1,16.07,16.07,,265.0
2018-05-25 10:00,,16.25,2731,16.3,16.08,16.09,,1199.0
2018-05-25 10:05,,16.32,2731,16.36,16.24,16.25,,2100.0
2018-05-25 10:10,,16.24,2731,16.32,16.23,16.32,,661.0
2018-05-25 10:15,,16.23,2731,16.25,16.22,16.24,,260.0
2018-05-25 10:20,,16.28,2731,16.28,16.23,16.23,,256.0
2018-05-25 10:25,,16.29,2731,16.31,16.28,16.28,,438.0
2018-05-25 10:30,,16.23,2731,16.29,16.23,16.29,,309.0
2018-05-25 10:35,,16.16,2731,16.24,16.15,16.23,,733.0
2018-05-25 10:40,,16.12,2731,16.16,16.12,16.16,,841.0
2018-05-25 10:45,,16.13,2731,16.15,16.12,16.12,,220.0
2018-05-25 10:50,,16.14,2731,16.15,16.13,16.13,,80.0
2018-05-25 10:55,,16.14,2731,16.15,16.13,16.14,,245.0
2018-05-25 11:00,,16.15,2731,16.17,16.14,16.14,,206.0
2018-05-25 11:05,,16.13,2731,16.16,16.13,16.15,,190.0
2018-05-25 11:10,,16.12,2731,16.13,16.11,16.13,,234.0
2018-05-25 11:15,,16.12,2731,16.15,16.12,16.12,,42.0
2018-05-25 11:20,,16.12,2731,16.15,16.12,16.12,,103.0
2018-05-25 11:25,,16.13,2731,16.15,16.12,16.12,,72.0
2018-05-25 11:30,,16.13,2731,16.15,16.13,16.13,,240.0
2018-05-25 13:05,,16.15,2731,16.16,16.1,16.13,,664.0
2018-05-25 13:10,,16.23,2731,16.24,16.15,16.15,,1050.0
2018-05-25 13:15,,16.16,2731,16.23,16.16,16.23,,77.0
2018-05-25 13:20,,16.27,2731,16.29,16.16,16.16,,578.0
2018-05-25 13:25,,16.26,2731,16.27,16.23,16.27,,61.0
2018-05-25 13:30,,16.25,2731,16.3,16.2,16.26,,545.0
2018-05-25 13:35,,16.25,2731,16.3,16.25,16.25,,687.0
2018-05-25 13:40,,16.25,2731,16.31,16.24,16.25,,566.0
2018-05-25 13:45,,16.31,2731,16.31,16.25,16.25,,222.0
2018-05-25 13:50,,16.29,2731,16.31,16.27,16.31,,77.0
2018-05-25 13:55,,16.27,2731,16.31,16.27,16.29,,357.0
2018-05-25 14:00,,16.26,2731,16.3,16.26,16.27,,104.0
2018-05-25 14:05,,16.3,2731,16.3,16.26,16.26,,176.0
2018-05-25 14:10,,16.28,2731,16.31,16.28,16.3,,380.0
2018-05-25 14:15,,16.23,2731,16.28,16.23,16.28,,290.0
2018-05-25 14:20,,16.18,2731,16.23,16.17,16.23,,312.0
2018-05-25 14:25,,16.2,2731,16.21,16.18,16.18,,158.0
2018-05-25 14:30,,16.25,2731,16.26,16.2,16.2,,213.0
2018-05-25 14:35,,16.29,2731,16.29,16.25,16.25,,402.0
2018-05-25 14:40,,16.24,2731,16.29,16.24,16.29,,145.0
2018-05-25 14:45,,16.22,2731,16.25,16.22,16.24,,238.0
2018-05-25 14:50,,16.23,2731,16.25,16.2,16.22,,459.0
2018-05-25 14:55,,16.21,2731,16.25,16.2,16.23,,439.0
2018-05-25 15:00,,16.21,2731,16.22,16.2,16.21,,469.0
2018-05-28 09:35,,16.2,2731,16.31,16.1,16.2,,560.0
2018-05-28 09:40,,16.19,2731,16.26,16.16,16.2,,991.0
2018-05-28 09:45,,16.15,2731,16.2,16.14,16.19,,829.0
2018-05-28 09:50,,16.17,2731,16.19,16.13,16.15,,647.0
2018-05-28 09:55,,16.11,2731,16.18,16.11,16.17,,861.0
2018-05-28 10:00,,16.15,2731,16.16,16.11,16.11,,582.0
2018-05-28 10:05,,16.18,2731,16.18,16.15,16.15,,231.0
2018-05-28 10:10,,16.2,2731,16.2,16.16,16.18,,240.0
2018-05-28 10:15,,16.31,2731,16.33,16.19,16.2,,718.0
2018-05-28 10:20,,16.28,2731,16.33,16.26,16.31,,495.0
2018-05-28 10:25,,16.28,2731,16.29,16.25,16.28,,198.0
2018-05-28 10:30,,16.26,2731,16.28,16.25,16.28,,83.0
2018-05-28 10:35,,16.25,2731,16.27,16.25,16.26,,88.0
2018-05-28 10:40,,16.19,2731,16.26,16.19,16.25,,216.0
2018-05-28 10:45,,16.15,2731,16.19,16.15,16.19,,988.0
2018-05-28 10:50,,16.16,2731,16.18,16.14,16.14,,328.0
2018-05-28 10:55,,16.16,2731,16.18,16.16,16.16,,213.0
2018-05-28 11:00,,16.16,2731,16.18,16.15,16.16,,118.0
2018-05-28 11:05,,16.17,2731,16.17,16.15,16.16,,244.0
2018-05-28 11:10,,16.16,2731,16.18,16.15,16.17,,71.0
2018-05-28 11:15,,16.16,2731,16.17,16.15,16.16,,454.0
2018-05-28 11:20,,16.18,2731,16.18,16.16,16.16,,204.0
2018-05-28 11:25,,16.17,2731,16.18,16.17,16.18,,46.0
2018-05-28 11:30,,16.17,2731,16.18,16.17,16.17,,135.0
2018-05-28 13:05,,16.17,2731,16.18,16.14,16.17,,317.0
2018-05-28 13:10,,16.17,2731,16.2,16.15,16.16,,221.0
2018-05-28 13:15,,16.2,2731,16.22,16.17,16.17,,269.0
2018-05-28 13:20,,16.21,2731,16.21,16.2,16.2,,24.0
2018-05-28 13:25,,16.2,2731,16.21,16.17,16.21,,159.0
2018-05-28 13:30,,16.18,2731,16.2,16.18,16.2,,10.0
2018-05-28 13:35,,16.15,2731,16.18,16.15,16.18,,252.0
2018-05-28 13:40,,16.16,2731,16.16,16.15,16.15,,113.0
2018-05-28 13:45,,16.17,2731,16.19,16.16,16.16,,75.0
2018-05-28 13:50,,16.16,2731,16.17,16.15,16.17,,95.0
2018-05-28 13:55,,16.15,2731,16.16,16.14,16.16,,96.0
2018-05-28 14:00,,16.12,2731,16.15,16.12,16.15,,381.0
2018-05-28 14:05,,16.16,2731,16.16,16.1,16.12,,1032.0
2018-05-28 14:10,,16.15,2731,16.16,16.15,16.16,,164.0
2018-05-28 14:15,,16.17,2731,16.17,16.15,16.15,,412.0
2018-05-28 14:20,,16.15,2731,16.17,16.15,16.17,,404.0
2018-05-28 14:25,,16.15,2731,16.15,16.14,16.15,,559.0
2018-05-28 14:30,,16.13,2731,16.15,16.13,16.15,,289.0
2018-05-28 14:35,,16.11,2731,16.14,16.11,16.13,,578.0
2018-05-28 14:40,,16.12,2731,16.14,16.11,16.11,,285.0
2018-05-28 14:45,,16.11,2731,16.12,16.11,16.12,,417.0
2018-05-28 14:50,,16.12,2731,16.13,16.1,16.11,,683.0
2018-05-28 14:55,,16.15,2731,16.15,16.12,16.12,,288.0
2018-05-28 15:00,,16.1,2731,16.15,16.1,16.15,,496.0
2018-05-29 09:35,,16.01,2731,16.14,16.01,16.1,,341.0
2018-05-29 09:40,,16.07,2731,16.12,16.01,16.01,,284.0
2018-05-29 09:45,,16.06,2731,16.11,16.06,16.07,,236.0
2018-05-29 09:50,,16.05,2731,16.09,16.05,16.06,,179.0
2018-05-29 09:55,,16.25,2731,16.25,16.05,16.05,,325.0
2018-05-29 10:00,,16.15,2731,16.25,16.15,16.25,,495.0
2018-05-29 10:05,,16.16,2731,16.2,16.15,16.15,,213.0
2018-05-29 10:10,,16.26,2731,16.26,16.16,16.16,,308.0
2018-05-29 10:15,,16.3,2731,16.34,16.26,16.26,,487.0
2018-05-29 10:20,,16.33,2731,16.35,16.26,16.3,,839.0
2018-05-29 10:25,,16.29,2731,16.33,16.25,16.33,,106.0
2018-05-29 10:30,,16.3,2731,16.31,16.29,16.29,,67.0
2018-05-29 10:35,,16.25,2731,16.31,16.25,16.3,,302.0
2018-05-29 10:40,,16.21,2731,16.25,16.21,16.25,,140.0
2018-05-29 10:45,,16.23,2731,16.24,16.2,16.21,,202.0
2018-05-29 10:50,,16.2,2731,16.23,16.2,16.23,,95.0
2018-05-29 10:55,,16.16,2731,16.2,16.15,16.2,,75.0
2018-05-29 11:00,,16.14,2731,16.16,16.14,16.16,,179.0
2018-05-29 11:05,,16.14,2731,16.15,16.12,16.14,,64.0
2018-05-29 11:10,,16.1,2731,16.15,16.1,16.14,,382.0
2018-05-29 11:15,,16.1,2731,16.1,16.06,16.1,,356.0
2018-05-29 11:20,,16.1,2731,16.14,16.08,16.1,,139.0
2018-05-29 11:25,,16.08,2731,16.09,16.07,16.08,,201.0
2018-05-29 11:30,,16.09,2731,16.1,16.08,16.08,,215.0
2018-05-29 13:05,,16.07,2731,16.09,16.07,16.09,,279.0
2018-05-29 13:10,,16.05,2731,16.07,16.05,16.07,,275.0
2018-05-29 13:15,,16.06,2731,16.07,16.05,16.05,,127.0
2018-05-29 13:20,,16.05,2731,16.06,16.04,16.06,,142.0
2018-05-29 13:25,,16.03,2731,16.05,16.03,16.05,,148.0
2018-05-29 13:30,,16.01,2731,16.03,16.01,16.03,,565.0
2018-05-29 13:35,,16.03,2731,16.04,16.01,16.01,,145.0
2018-05-29 13:40,,16.03,2731,16.04,16.01,16.03,,126.0
2018-05-29 13:45,,16.01,2731,16.04,16.0,16.03,,202.0
2018-05-29 13:50,,16.02,2731,16.02,16.01,16.01,,28.0
2018-05-29 13:55,,16.05,2731,16.05,16.02,16.02,,27.0
2018-05-29 14:00,,16.04,2731,16.05,16.03,16.05,,74.0
2018-05-29 14:05,,16.02,2731,16.05,16.02,16.04,,214.0
2018-05-29 14:10,,16.02,2731,16.02,16.01,16.02,,167.0
2018-05-29 14:15,,16.02,2731,16.06,16.01,16.02,,301.0
2018-05-29 14:20,,16.04,2731,16.07,16.01,16.02,,93.0
2018-05-29 14:25,,16.05,2731,16.06,16.04,16.04,,26.0
2018-05-29 14:30,,16.05,2731,16.06,16.05,16.05,,57.0
2018-05-29 14:35,,16.05,2731,16.06,16.05,16.05,,89.0
2018-05-29 14:40,,16.06,2731,16.06,16.05,16.05,,21.0
2018-05-29 14:45,,16.02,2731,16.06,16.02,16.06,,257.0
2018-05-29 14:50,,16.01,2731,16.04,16.01,16.02,,469.0
2018-05-29 14:55,,16.02,2731,16.03,16.01,16.01,,289.0
2018-05-29 15:00,,16.0,2731,16.02,16.0,16.02,,484.0
2018-05-30 09:35,,16.29,2731,16.35,15.81,15.95,,2309.0
2018-05-30 09:40,,16.18,2731,16.33,16.16,16.29,,681.0
2018-05-30 09:45,,16.11,2731,16.18,16.0,16.18,,321.0
2018-05-30 09:50,,16.09,2731,16.17,16.09,16.11,,402.0
2018-05-30 09:55,,16.1,2731,16.15,16.06,16.09,,334.0
2018-05-30 10:00,,16.06,2731,16.14,16.06,16.1,,1166.0
2018-05-30 10:05,,16.06,2731,16.13,16.03,16.06,,688.0
2018-05-30 10:10,,16.09,2731,16.1,16.05,16.06,,81.0
2018-05-30 10:15,,16.03,2731,16.09,16.02,16.09,,455.0
2018-05-30 10:20,,16.14,2731,16.17,16.03,16.03,,428.0
2018-05-30 10:25,,16.17,2731,16.17,16.07,16.14,,532.0
2018-05-30 10:30,,16.12,2731,16.2,16.12,16.17,,761.0
2018-05-30 10:35,,16.14,2731,16.18,16.11,16.12,,465.0
2018-05-30 10:40,,16.14,2731,16.19,16.13,16.14,,276.0
2018-05-30 10:45,,16.15,2731,16.19,16.14,16.14,,358.0
2018-05-30 10:50,,16.18,2731,16.2,16.14,16.15,,482.0
2018-05-30 10:55,,16.16,2731,16.2,16.16,16.18,,408.0
2018-05-30 11:00,,16.16,2731,16.19,16.16,16.16,,88.0
2018-05-30 11:05,,16.12,2731,16.19,16.12,16.16,,606.0
2018-05-30 11:10,,16.08,2731,16.16,16.08,16.12,,440.0
2018-05-30 11:15,,16.09,2731,16.16,16.08,16.08,,213.0
2018-05-30 11:20,,16.19,2731,16.2,16.09,16.09,,304.0
2018-05-30 11:25,,16.14,2731,16.19,16.14,16.19,,87.0
2018-05-30 11:30,,16.19,2731,16.19,16.14,16.14,,238.0
2018-05-30 13:05,,16.16,2731,16.2,16.15,16.19,,121.0
2018-05-30 13:10,,16.19,2731,16.19,16.14,16.16,,363.0
2018-05-30 13:15,,16.19,2731,16.19,16.15,16.19,,100.0
2018-05-30 13:20,,16.2,2731,16.2,16.16,16.19,,473.0
2018-05-30 13:25,,16.2,2731,16.21,16.2,16.2,,109.0
2018-05-30 13:30,,16.24,2731,16.25,16.2,16.2,,437.0
2018-05-30 13:35,,16.24,2731,16.24,16.22,16.24,,87.0
2018-05-30 13:40,,16.23,2731,16.24,16.22,16.24,,134.0
2018-05-30 13:45,,16.2,2731,16.24,16.2,16.23,,430.0
2018-05-30 13:50,,16.24,2731,16.25,16.2,16.2,,142.0
2018-05-30 13:55,,16.25,2731,16.26,16.24,16.24,,347.0
2018-05-30 14:00,,16.25,2731,16.26,16.24,16.25,,410.0
2018-05-30 14:05,,16.26,2731,16.27,16.25,16.25,,408.0
2018-05-30 14:10,,16.26,2731,16.26,16.24,16.26,,392.0
2018-05-30 14:15,,16.25,2731,16.27,16.24,16.26,,277.0
2018-05-30 14:20,,16.28,2731,16.28,16.23,16.25,,528.0
2018-05-30 14:25,,16.29,2731,16.3,16.25,16.28,,784.0
2018-05-30 14:30,,16.27,2731,16.3,16.26,16.29,,470.0
2018-05-30 14:35,,16.2,2731,16.27,16.2,16.27,,1011.0
2018-05-30 14:40,,16.14,2731,16.18,16.02,16.18,,1951.0
2018-05-30 14:45,,16.15,2731,16.16,16.06,16.14,,1015.0
2018-05-30 14:50,,16.15,2731,16.15,16.09,16.15,,1001.0
2018-05-30 14:55,,16.08,2731,16.16,16.07,16.16,,1708.0
2018-05-30 15:00,,16.08,2731,16.1,16.08,16.08,,480.0
2018-05-31 09:35,,16.1,2731,16.28,16.05,16.1,,1876.0
2018-05-31 09:40,,16.09,2731,16.17,16.09,16.1,,1342.0
2018-05-31 09:45,,16.08,2731,16.14,16.08,16.08,,1169.0
2018-05-31 09:50,,16.13,2731,16.13,16.08,16.08,,741.0
2018-05-31 09:55,,16.12,2731,16.13,16.1,16.13,,273.0
2018-05-31 10:00,,16.12,2731,16.13,16.1,16.12,,674.0
2018-05-31 10:05,,16.13,2731,16.13,16.1,16.12,,537.0
2018-05-31 10:10,,16.13,2731,16.13,16.08,16.13,,446.0
2018-05-31 10:15,,16.14,2731,16.14,16.11,16.13,,384.0
2018-05-31 10:20,,16.19,2731,16.19,16.12,16.14,,651.0
2018-05-31 10:25,,16.19,2731,16.2,16.17,16.19,,1142.0
2018-05-31 10:30,,16.19,2731,16.19,16.17,16.19,,443.0
2018-05-31 10:35,,16.18,2731,16.19,16.16,16.19,,538.0
2018-05-31 10:40,,16.17,2731,16.18,16.15,16.18,,646.0
2018-05-31 10:45,,16.2,2731,16.2,16.14,16.17,,460.0
2018-05-31 10:50,,16.19,2731,16.2,16.16,16.2,,359.0
2018-05-31 10:55,,16.19,2731,16.2,16.19,16.19,,314.0
2018-05-31 11:00,,16.2,2731,16.2,16.18,16.19,,369.0
2018-05-31 11:05,,16.2,2731,16.2,16.19,16.2,,121.0
2018-05-31 11:10,,16.19,2731,16.2,16.19,16.2,,110.0
2018-05-31 11:15,,16.19,2731,16.19,16.18,16.19,,91.0
2018-05-31 11:20,,16.18,2731,16.19,16.18,16.19,,129.0
2018-05-31 11:25,,16.17,2731,16.19,16.16,16.18,,47.0
2018-05-31 11:30,,16.18,2731,16.19,16.17,16.17,,56.0
2018-05-31 13:05,,16.17,2731,16.18,16.11,16.18,,4137.0
2018-05-31 13:10,,16.19,2731,16.19,16.15,16.17,,497.0
2018-05-31 13:15,,16.19,2731,16.2,16.18,16.19,,576.0
2018-05-31 13:20,,16.17,2731,16.21,16.15,16.19,,839.0
2018-05-31 13:25,,16.21,2731,16.21,16.17,16.17,,594.0
2018-05-31 13:30,,16.22,2731,16.22,16.19,16.21,,580.0
2018-05-31 13:35,,16.33,2731,16.34,16.22,16.22,,1953.0
2018-05-31 13:40,,16.3,2731,16.33,16.29,16.33,,1227.0
2018-05-31 13:45,,16.31,2731,16.31,16.27,16.28,,491.0
2018-05-31 13:50,,16.35,2731,16.35,16.3,16.31,,2124.0
2018-05-31 13:55,,16.44,2731,16.49,16.34,16.35,,1984.0
2018-05-31 14:00,,16.43,2731,16.45,16.4,16.44,,809.0
2018-05-31 14:05,,16.39,2731,16.43,16.36,16.43,,1367.0
2018-05-31 14:10,,16.36,2731,16.39,16.36,16.39,,183.0
2018-05-31 14:15,,16.33,2731,16.36,16.26,16.36,,575.0
2018-05-31 14:20,,16.38,2731,16.38,16.3,16.33,,567.0
2018-05-31 14:25,,16.45,2731,16.45,16.35,16.38,,1049.0
2018-05-31 14:30,,16.42,2731,16.45,16.4,16.45,,376.0
2018-05-31 14:35,,16.4,2731,16.44,16.4,16.42,,193.0
2018-05-31 14:40,,16.37,2731,16.4,16.36,16.4,,425.0
2018-05-31 14:45,,16.39,2731,16.39,16.37,16.37,,592.0
2018-05-31 14:50,,16.45,2731,16.45,16.39,16.39,,680.0
2018-05-31 14:55,,16.49,2731,16.5,16.44,16.45,,1720.0
2018-05-31 15:00,,16.5,2731,16.5,16.49,16.49,,1949.0
2018-06-01 09:35,,16.4,2731,16.48,16.3,16.48,,1400.0
2018-06-01 09:40,,16.38,2731,16.44,16.34,16.4,,862.0
2018-06-01 09:45,,16.25,2731,16.38,16.22,16.38,,1240.0
2018-06-01 09:50,,16.25,2731,16.28,16.24,16.25,,434.0
2018-06-01 09:55,,16.28,2731,16.28,16.24,16.25,,363.0
2018-06-01 10:00,,16.24,2731,16.28,16.2,16.28,,647.0
2018-06-01 10:05,,16.29,2731,16.3,16.24,16.24,,273.0
2018-06-01 10:10,,16.25,2731,16.29,16.24,16.29,,317.0
2018-06-01 10:15,,16.3,2731,16.35,16.22,16.25,,574.0
2018-06-01 10:20,,16.3,2731,16.34,16.3,16.3,,568.0
2018-06-01 10:25,,16.26,2731,16.3,16.26,16.3,,123.0
2018-06-01 10:30,,16.25,2731,16.26,16.25,16.26,,47.0
2018-06-01 10:35,,16.29,2731,16.29,16.25,16.25,,48.0
2018-06-01 10:40,,16.3,2731,16.33,16.27,16.29,,121.0
2018-06-01 10:45,,16.25,2731,16.33,16.22,16.3,,369.0
2018-06-01 10:50,,16.25,2731,16.25,16.24,16.25,,45.0
2018-06-01 10:55,,16.27,2731,16.27,16.25,16.25,,66.0
2018-06-01 11:00,,16.26,2731,16.27,16.25,16.27,,173.0
2018-06-01 11:05,,16.25,2731,16.26,16.24,16.26,,111.0
2018-06-01 11:10,,16.29,2731,16.29,16.25,16.25,,54.0
2018-06-01 11:15,,16.24,2731,16.3,16.23,16.29,,393.0
2018-06-01 11:20,,16.24,2731,16.27,16.23,16.24,,355.0
2018-06-01 11:25,,16.27,2731,16.27,16.23,16.24,,290.0
2018-06-01 11:30,,16.25,2731,16.27,16.23,16.27,,561.0
2018-06-01 13:05,,16.25,2731,16.26,16.22,16.25,,693.0
2018-06-01 13:10,,16.24,2731,16.25,16.24,16.25,,197.0
2018-06-01 13:15,,16.24,2731,16.26,16.23,16.24,,281.0
2018-06-01 13:20,,16.22,2731,16.24,16.22,16.24,,455.0
2018-06-01 13:25,,16.23,2731,16.23,16.16,16.22,,1070.0
2018-06-01 13:30,,16.23,2731,16.24,16.23,16.23,,53.0
2018-06-01 13:35,,16.29,2731,16.29,16.23,16.23,,91.0
2018-06-01 13:40,,16.23,2731,16.29,16.23,16.29,,181.0
2018-06-01 13:45,,16.23,2731,16.23,16.2,16.23,,73.0
2018-06-01 13:50,,16.2,2731,16.23,16.2,16.23,,164.0
2018-06-01 13:55,,16.22,2731,16.22,16.18,16.2,,387.0
2018-06-01 14:00,,16.2,2731,16.22,16.2,16.22,,348.0
2018-06-01 14:05,,16.2,2731,16.22,16.2,16.2,,216.0
2018-06-01 14:10,,16.19,2731,16.21,16.18,16.2,,475.0
2018-06-01 14:15,,16.19,2731,16.2,16.19,16.19,,503.0
2018-06-01 14:20,,16.21,2731,16.21,16.19,16.19,,118.0
2018-06-01 14:25,,16.22,2731,16.22,16.2,16.21,,78.0
2018-06-01 14:30,,16.22,2731,16.22,16.21,16.22,,19.0
2018-06-01 14:35,,16.22,2731,16.22,16.18,16.22,,218.0
2018-06-01 14:40,,16.1,2731,16.22,16.1,16.22,,1413.0
2018-06-01 14:45,,16.18,2731,16.18,16.1,16.1,,319.0
2018-06-01 14:50,,16.15,2731,16.18,16.15,16.18,,461.0
2018-06-01 14:55,,16.25,2731,16.27,16.15,16.15,,468.0
2018-06-01 15:00,,16.21,2731,16.25,16.21,16.25,,104.0
2018-06-04 09:35,,16.23,2731,16.49,16.21,16.24,,573.0
2018-06-04 09:40,,16.24,2731,16.27,16.21,16.23,,369.0
2018-06-04 09:45,,16.34,2731,16.34,16.24,16.24,,447.0
2018-06-04 09:50,,16.42,2731,16.42,16.32,16.34,,455.0
2018-06-04 09:55,,16.38,2731,16.42,16.34,16.42,,829.0
2018-06-04 10:00,,16.38,2731,16.38,16.31,16.38,,370.0
2018-06-04 10:05,,16.43,2731,16.45,16.37,16.38,,643.0
2018-06-04 10:10,,16.42,2731,16.43,16.38,16.43,,707.0
2018-06-04 10:15,,16.4,2731,16.42,16.39,16.42,,220.0
2018-06-04 10:20,,16.4,2731,16.41,16.4,16.4,,283.0
2018-06-04 10:25,,16.4,2731,16.4,16.39,16.4,,519.0
2018-06-04 10:30,,16.45,2731,16.45,16.4,16.4,,148.0
2018-06-04 10:35,,16.48,2731,16.53,16.45,16.45,,806.0
2018-06-04 10:40,,16.52,2731,16.52,16.46,16.48,,173.0
2018-06-04 10:45,,16.5,2731,16.53,16.5,16.52,,477.0
2018-06-04 10:50,,16.48,2731,16.5,16.46,16.5,,184.0
2018-06-04 10:55,,16.42,2731,16.48,16.41,16.48,,157.0
2018-06-04 11:00,,16.48,2731,16.48,16.42,16.42,,198.0
2018-06-04 11:05,,16.43,2731,16.5,16.42,16.48,,517.0
2018-06-04 11:10,,16.42,2731,16.43,16.42,16.43,,53.0
2018-06-04 11:15,,16.46,2731,16.5,16.42,16.42,,211.0
2018-06-04 11:20,,16.44,2731,16.5,16.42,16.46,,109.0
2018-06-04 11:25,,16.42,2731,16.44,16.42,16.44,,126.0
2018-06-04 11:30,,16.42,2731,16.44,16.42,16.42,,75.0
2018-06-04 13:05,,16.44,2731,16.45,16.42,16.42,,120.0
2018-06-04 13:10,,16.44,2731,16.44,16.42,16.44,,9.0
2018-06-04 13:15,,16.44,2731,16.44,16.42,16.44,,30.0
2018-06-04 13:20,,16.42,2731,16.44,16.41,16.44,,45.0
2018-06-04 13:25,,16.38,2731,16.42,16.38,16.42,,84.0
2018-06-04 13:30,,16.4,2731,16.4,16.37,16.38,,179.0
2018-06-04 13:35,,16.42,2731,16.43,16.4,16.4,,210.0
2018-06-04 13:40,,16.4,2731,16.42,16.4,16.42,,125.0
2018-06-04 13:45,,16.41,2731,16.41,16.4,16.4,,114.0
2018-06-04 13:50,,16.42,2731,16.42,16.41,16.41,,54.0
2018-06-04 13:55,,16.48,2731,16.48,16.42,16.42,,116.0
2018-06-04 14:00,,16.43,2731,16.49,16.42,16.48,,141.0
2018-06-04 14:05,,16.43,2731,16.43,16.43,16.43,,3.0
2018-06-04 14:10,,16.42,2731,16.46,16.42,16.43,,29.0
2018-06-04 14:15,,16.42,2731,16.47,16.42,16.42,,126.0
2018-06-04 14:20,,16.42,2731,16.42,16.41,16.42,,84.0
2018-06-04 14:25,,16.4,2731,16.42,16.39,16.42,,221.0
2018-06-04 14:30,,16.4,2731,16.41,16.4,16.4,,78.0
2018-06-04 14:35,,16.4,2731,16.43,16.39,16.4,,334.0
2018-06-04 14:40,,16.44,2731,16.44,16.4,16.4,,286.0
2018-06-04 14:45,,16.45,2731,16.45,16.43,16.44,,201.0
2018-06-04 14:50,,16.44,2731,16.45,16.41,16.45,,265.0
2018-06-04 14:55,,16.42,2731,16.44,16.4,16.44,,575.0
2018-06-04 15:00,,16.43,2731,16.43,16.41,16.42,,82.0
2018-06-05 09:35,,16.39,2731,16.45,16.38,16.43,,312.0
2018-06-05 09:40,,16.22,2731,16.39,16.19,16.39,,996.0
2018-06-05 09:45,,16.2,2731,16.31,16.19,16.22,,1320.0
2018-06-05 09:50,,16.28,2731,16.28,16.19,16.2,,1086.0
2018-06-05 09:55,,16.33,2731,16.33,16.26,16.28,,376.0
2018-06-05 10:00,,16.27,2731,16.33,16.23,16.32,,691.0
2018-06-05 10:05,,16.18,2731,16.3,16.18,16.27,,899.0
2018-06-05 10:10,,16.2,2731,16.22,16.15,16.18,,1021.0
2018-06-05 10:15,,16.2,2731,16.21,16.2,16.2,,198.0
2018-06-05 10:20,,16.2,2731,16.22,16.19,16.2,,176.0
2018-06-05 10:25,,16.25,2731,16.32,16.2,16.2,,545.0
2018-06-05 10:30,,16.26,2731,16.26,16.24,16.25,,83.0
2018-06-05 10:35,,16.25,2731,16.26,16.25,16.26,,16.0
2018-06-05 10:40,,16.25,2731,16.25,16.25,16.25,,0.0
2018-06-05 10:45,,16.25,2731,16.25,16.25,16.25,,63.0
2018-06-05 10:50,,16.28,2731,16.28,16.25,16.25,,10.0
2018-06-05 10:55,,16.29,2731,16.29,16.28,16.28,,2.0
2018-06-05 11:00,,16.29,2731,16.3,16.29,16.29,,56.0
2018-06-05 11:05,,16.28,2731,16.29,16.27,16.29,,26.0
2018-06-05 11:10,,16.28,2731,16.28,16.28,16.28,,77.0
2018-06-05 11:15,,16.27,2731,16.28,16.26,16.28,,45.0
2018-06-05 11:20,,16.28,2731,16.28,16.27,16.27,,7.0
2018-06-05 11:25,,16.29,2731,16.29,16.28,16.28,,3.0
2018-06-05 11:30,,16.26,2731,16.29,16.26,16.29,,49.0
2018-06-05 13:05,,16.26,2731,16.29,16.26,16.26,,72.0
2018-06-05 13:10,,16.26,2731,16.29,16.26,16.26,,11.0
2018-06-05 13:15,,16.29,2731,16.29,16.26,16.26,,1158.0
2018-06-05 13:20,,16.33,2731,16.34,16.29,16.29,,134.0
2018-06-05 13:25,,16.3,2731,16.36,16.3,16.33,,230.0
2018-06-05 13:30,,16.27,2731,16.3,16.25,16.3,,861.0
2018-06-05 13:35,,16.32,2731,16.33,16.27,16.27,,54.0
2018-06-05 13:40,,16.39,2731,16.39,16.29,16.32,,185.0
2018-06-05 13:45,,16.33,2731,16.42,16.33,16.39,,73.0
2018-06-05 13:50,,16.36,2731,16.36,16.33,16.33,,6.0
2018-06-05 13:55,,16.41,2731,16.41,16.36,16.36,,75.0
2018-06-05 14:00,,16.41,2731,16.41,16.4,16.41,,122.0
2018-06-05 14:05,,16.4,2731,16.43,16.4,16.41,,248.0
2018-06-05 14:10,,16.37,2731,16.41,16.36,16.4,,20.0
2018-06-05 14:15,,16.4,2731,16.43,16.37,16.37,,399.0
2018-06-05 14:20,,16.42,2731,16.43,16.4,16.4,,182.0
2018-06-05 14:25,,16.42,2731,16.43,16.4,16.42,,155.0
2018-06-05 14:30,,16.39,2731,16.43,16.39,16.42,,121.0
2018-06-05 14:35,,16.43,2731,16.43,16.39,16.39,,230.0
2018-06-05 14:40,,16.37,2731,16.44,16.37,16.43,,152.0
2018-06-05 14:45,,16.41,2731,16.42,16.37,16.37,,83.0
2018-06-05 14:50,,16.4,2731,16.42,16.4,16.41,,141.0
2018-06-05 14:55,,16.36,2731,16.4,16.35,16.4,,361.0
2018-06-05 15:00,,16.34,2731,16.36,16.33,16.36,,112.0
2018-06-06 09:35,,16.38,2731,16.44,16.3,16.42,,277.0
2018-06-06 09:40,,16.32,2731,16.38,16.32,16.38,,229.0
2018-06-06 09:45,,16.26,2731,16.32,16.26,16.32,,284.0
2018-06-06 09:50,,16.28,2731,16.3,16.26,16.26,,55.0
2018-06-06 09:55,,16.25,2731,16.28,16.23,16.28,,321.0
2018-06-06 10:00,,16.27,2731,16.27,16.24,16.25,,65.0
2018-06-06 10:05,,16.24,2731,16.27,16.22,16.27,,329.0
2018-06-06 10:10,,16.23,2731,16.28,16.23,16.24,,170.0
2018-06-06 10:15,,16.24,2731,16.28,16.23,16.23,,26.0
2018-06-06 10:20,,16.27,2731,16.27,16.22,16.24,,106.0
2018-06-06 10:25,,16.25,2731,16.27,16.23,16.27,,10.0
2018-06-06 10:30,,16.29,2731,16.29,16.25,16.25,,113.0
2018-06-06 10:35,,16.3,2731,16.3,16.27,16.29,,80.0
2018-06-06 10:40,,16.31,2731,16.31,16.26,16.3,,68.0
2018-06-06 10:45,,16.34,2731,16.34,16.27,16.31,,186.0
2018-06-06 10:50,,16.28,2731,16.34,16.26,16.34,,515.0
2018-06-06 10:55,,16.28,2731,16.34,16.28,16.28,,53.0
2018-06-06 11:00,,16.27,2731,16.3,16.27,16.28,,304.0
2018-06-06 11:05,,16.27,2731,16.29,16.27,16.27,,28.0
2018-06-06 11:10,,16.29,2731,16.29,16.27,16.27,,65.0
2018-06-06 11:15,,16.27,2731,16.32,16.27,16.3,,218.0
2018-06-06 11:20,,16.29,2731,16.29,16.27,16.27,,12.0
2018-06-06 11:25,,16.39,2731,16.39,16.29,16.29,,144.0
2018-06-06 11:30,,16.39,2731,16.41,16.35,16.39,,170.0
2018-06-06 13:05,,16.35,2731,16.39,16.3,16.39,,371.0
2018-06-06 13:10,,16.36,2731,16.36,16.35,16.35,,136.0
2018-06-06 13:15,,16.36,2731,16.37,16.35,16.36,,142.0
2018-06-06 13:20,,16.3,2731,16.36,16.3,16.36,,301.0
2018-06-06 13:25,,16.34,2731,16.34,16.26,16.3,,207.0
2018-06-06 13:30,,16.33,2731,16.34,16.28,16.34,,188.0
2018-06-06 13:35,,16.33,2731,16.33,16.33,16.33,,3.0
2018-06-06 13:40,,16.28,2731,16.33,16.28,16.33,,89.0
2018-06-06 13:45,,16.28,2731,16.28,16.27,16.28,,238.0
2018-06-06 13:50,,16.28,2731,16.3,16.27,16.28,,212.0
2018-06-06 13:55,,16.28,2731,16.29,16.27,16.28,,65.0
2018-06-06 14:00,,16.28,2731,16.29,16.28,16.28,,86.0
2018-06-06 14:05,,16.32,2731,16.32,16.28,16.28,,162.0
2018-06-06 14:10,,16.3,2731,16.32,16.3,16.32,,154.0
2018-06-06 14:15,,16.26,2731,16.3,16.26,16.3,,37.0
2018-06-06 14:20,,16.31,2731,16.31,16.26,16.26,,229.0
2018-06-06 14:25,,16.3,2731,16.31,16.27,16.31,,268.0
2018-06-06 14:30,,16.32,2731,16.34,16.3,16.3,,273.0
2018-06-06 14:35,,16.32,2731,16.32,16.32,16.32,,46.0
2018-06-06 14:40,,16.33,2731,16.36,16.25,16.32,,422.0
2018-06-06 14:45,,16.3,2731,16.33,16.27,16.33,,619.0
2018-06-06 14:50,,16.25,2731,16.35,16.17,16.3,,2559.0
2018-06-06 14:55,,16.29,2731,16.3,16.1,16.25,,3246.0
2018-06-06 15:00,,16.21,2731,16.29,16.19,16.29,,400.0
2018-06-07 09:35,,16.27,2731,16.3,16.2,16.21,,669.0
2018-06-07 09:40,,16.22,2731,16.28,16.22,16.27,,315.0
2018-06-07 09:45,,16.18,2731,16.25,16.16,16.22,,424.0
2018-06-07 09:50,,16.15,2731,16.18,16.14,16.18,,476.0
2018-06-07 09:55,,16.17,2731,16.18,16.15,16.15,,42.0
2018-06-07 10:00,,16.22,2731,16.24,16.17,16.17,,193.0
2018-06-07 10:05,,16.2,2731,16.23,16.2,16.22,,337.0
2018-06-07 10:10,,16.2,2731,16.22,16.18,16.2,,618.0
2018-06-07 10:15,,16.21,2731,16.21,16.2,16.2,,51.0
2018-06-07 10:20,,16.21,2731,16.21,16.21,16.21,,69.0
2018-06-07 10:25,,16.2,2731,16.21,16.2,16.21,,58.0
2018-06-07 10:30,,16.16,2731,16.21,16.16,16.2,,531.0
2018-06-07 10:35,,16.2,2731,16.2,16.16,16.16,,364.0
2018-06-07 10:40,,16.19,2731,16.2,16.19,16.2,,47.0
2018-06-07 10:45,,16.19,2731,16.2,16.19,16.19,,354.0
2018-06-07 10:50,,16.19,2731,16.2,16.17,16.19,,224.0
2018-06-07 10:55,,16.17,2731,16.19,16.17,16.19,,298.0
2018-06-07 11:00,,16.18,2731,16.18,16.16,16.17,,84.0
2018-06-07 11:05,,16.16,2731,16.18,16.15,16.18,,207.0
2018-06-07 11:10,,16.13,2731,16.16,16.13,16.16,,620.0
2018-06-07 11:15,,16.16,2731,16.16,16.13,16.13,,102.0
2018-06-07 11:20,,16.16,2731,16.17,16.16,16.16,,224.0
2018-06-07 11:25,,16.17,2731,16.17,16.16,16.16,,113.0
2018-06-07 11:30,,16.16,2731,16.17,16.14,16.17,,42.0
2018-06-07 13:05,,16.09,2731,16.16,16.09,16.16,,2154.0
2018-06-07 13:10,,16.04,2731,16.12,16.03,16.09,,1253.0
2018-06-07 13:15,,16.06,2731,16.06,16.04,16.04,,197.0
2018-06-07 13:20,,16.04,2731,16.07,16.04,16.06,,212.0
2018-06-07 13:25,,16.05,2731,16.05,16.03,16.04,,952.0
2018-06-07 13:30,,16.06,2731,16.11,16.05,16.05,,86.0
2018-06-07 13:35,,16.08,2731,16.08,16.06,16.06,,26.0
2018-06-07 13:40,,16.05,2731,16.08,16.05,16.08,,61.0
2018-06-07 13:45,,16.03,2731,16.05,16.03,16.05,,94.0
2018-06-07 13:50,,15.94,2731,16.05,15.52,16.03,,3576.0
2018-06-07 13:55,,16.0,2731,16.0,15.71,15.94,,656.0
2018-06-07 14:00,,15.92,2731,16.0,15.92,16.0,,822.0
2018-06-07 14:05,,16.0,2731,16.0,15.91,15.92,,722.0
2018-06-07 14:10,,15.92,2731,16.0,15.91,16.0,,552.0
2018-06-07 14:15,,16.0,2731,16.0,15.92,15.92,,263.0
2018-06-07 14:20,,16.0,2731,16.0,15.92,16.0,,329.0
2018-06-07 14:25,,16.0,2731,16.0,15.99,16.0,,111.0
2018-06-07 14:30,,16.06,2731,16.06,15.96,16.0,,276.0
2018-06-07 14:35,,16.01,2731,16.08,16.0,16.06,,101.0
2018-06-07 14:40,,16.01,2731,16.06,16.01,16.01,,191.0
2018-06-07 14:45,,16.07,2731,16.07,15.95,16.01,,389.0
2018-06-07 14:50,,16.07,2731,16.07,16.04,16.07,,780.0
2018-06-07 14:55,,15.95,2731,16.07,15.95,16.07,,312.0
2018-06-07 15:00,,15.91,2731,15.97,15.91,15.95,,743.0
2018-06-08 09:35,,16.05,2731,16.12,15.91,15.92,,4235.0
2018-06-08 09:40,,16.01,2731,16.08,15.99,16.05,,866.0
2018-06-08 09:45,,15.8,2731,16.01,15.73,16.01,,3283.0
2018-06-08 09:50,,15.86,2731,15.88,15.7,15.8,,2515.0
2018-06-08 09:55,,15.85,2731,15.86,15.8,15.86,,596.0
2018-06-08 10:00,,15.88,2731,15.91,15.85,15.85,,205.0
2018-06-08 10:05,,15.91,2731,15.91,15.86,15.88,,108.0
2018-06-08 10:10,,15.93,2731,15.93,15.91,15.91,,97.0
2018-06-08 10:15,,15.99,2731,15.99,15.92,15.93,,247.0
2018-06-08 10:20,,15.97,2731,15.99,15.97,15.99,,32.0
2018-06-08 10:25,,15.99,2731,15.99,15.97,15.97,,27.0
2018-06-08 10:30,,15.99,2731,15.99,15.98,15.99,,200.0
2018-06-08 10:35,,15.99,2731,15.99,15.97,15.99,,63.0
2018-06-08 10:40,,15.97,2731,15.99,15.97,15.99,,44.0
2018-06-08 10:45,,15.93,2731,15.97,15.93,15.97,,43.0
2018-06-08 10:50,,15.96,2731,15.97,15.92,15.93,,66.0
2018-06-08 10:55,,15.95,2731,15.96,15.92,15.96,,31.0
2018-06-08 11:00,,16.02,2731,16.02,15.95,15.95,,374.0
2018-06-08 11:05,,15.99,2731,16.03,15.99,16.02,,72.0
2018-06-08 11:10,,16.0,2731,16.03,15.99,15.99,,23.0
2018-06-08 11:15,,15.99,2731,16.0,15.98,16.0,,50.0
2018-06-08 11:20,,15.96,2731,15.99,15.94,15.99,,28.0
2018-06-08 11:25,,16.03,2731,16.03,15.95,15.96,,239.0
2018-06-08 11:30,,16.05,2731,16.05,16.03,16.03,,194.0
2018-06-08 13:05,,16.03,2731,16.05,15.91,16.05,,269.0
2018-06-08 13:10,,15.93,2731,16.03,15.93,16.03,,58.0
2018-06-08 13:15,,15.92,2731,15.93,15.92,15.93,,18.0
2018-06-08 13:20,,15.94,2731,15.94,15.92,15.92,,69.0
2018-06-08 13:25,,15.92,2731,15.94,15.91,15.94,,86.0
2018-06-08 13:30,,15.91,2731,15.93,15.91,15.92,,70.0
2018-06-08 13:35,,15.91,2731,15.92,15.91,15.91,,34.0
2018-06-08 13:40,,15.92,2731,15.93,15.91,15.91,,66.0
2018-06-08 13:45,,15.92,2731,15.92,15.91,15.92,,97.0
2018-06-08 13:50,,15.87,2731,15.92,15.85,15.92,,44.0
2018-06-08 13:55,,15.93,2731,15.93,15.87,15.87,,32.0
2018-06-08 14:00,,15.9,2731,15.93,15.89,15.93,,71.0
2018-06-08 14:05,,15.92,2731,15.92,15.87,15.9,,158.0
2018-06-08 14:10,,15.88,2731,15.92,15.87,15.92,,90.0
2018-06-08 14:15,,15.87,2731,15.88,15.87,15.88,,107.0
2018-06-08 14:20,,15.79,2731,15.87,15.79,15.87,,747.0
2018-06-08 14:25,,15.85,2731,15.85,15.79,15.79,,138.0
2018-06-08 14:30,,15.84,2731,15.86,15.84,15.85,,167.0
2018-06-08 14:35,,15.88,2731,15.89,15.84,15.84,,167.0
2018-06-08 14:40,,15.88,2731,15.92,15.88,15.88,,149.0
2018-06-08 14:45,,15.74,2731,15.9,15.74,15.88,,909.0
2018-06-08 14:50,,15.89,2731,15.89,15.74,15.74,,564.0
2018-06-08 14:55,,15.93,2731,15.94,15.88,15.89,,655.0
2018-06-08 15:00,,15.87,2731,15.94,15.86,15.93,,306.0
2018-06-11 09:35,,15.65,2731,15.79,15.5,15.63,,2508.0
2018-06-11 09:40,,15.79,2731,15.82,15.62,15.65,,1068.0
2018-06-11 09:45,,15.91,2731,15.92,15.76,15.79,,457.0
2018-06-11 09:50,,15.9,2731,15.91,15.88,15.91,,158.0
2018-06-11 09:55,,15.91,2731,15.96,15.9,15.9,,81.0
2018-06-11 10:00,,15.96,2731,15.96,15.85,15.91,,94.0
2018-06-11 10:05,,16.02,2731,16.02,15.95,15.96,,161.0
2018-06-11 10:10,,16.0,2731,16.04,15.94,16.02,,587.0
2018-06-11 10:15,,16.04,2731,16.04,15.9,16.0,,1048.0
2018-06-11 10:20,,16.03,2731,16.04,16.01,16.04,,281.0
2018-06-11 10:25,,15.94,2731,16.03,15.94,16.03,,213.0
2018-06-11 10:30,,16.03,2731,16.03,15.94,15.94,,314.0
2018-06-11 10:35,,16.04,2731,16.04,16.01,16.03,,135.0
2018-06-11 10:40,,16.02,2731,16.04,16.01,16.04,,390.0
2018-06-11 10:45,,16.01,2731,16.03,16.01,16.02,,66.0
2018-06-11 10:50,,16.0,2731,16.01,15.99,16.01,,78.0
2018-06-11 10:55,,16.05,2731,16.05,15.99,16.0,,126.0
2018-06-11 11:00,,16.06,2731,16.06,16.04,16.05,,182.0
2018-06-11 11:05,,16.08,2731,16.09,16.06,16.06,,263.0
2018-06-11 11:10,,16.07,2731,16.08,16.07,16.08,,95.0
2018-06-11 11:15,,16.1,2731,16.1,16.08,16.08,,384.0
2018-06-11 11:20,,16.09,2731,16.1,16.04,16.1,,15.0
2018-06-11 11:25,,16.05,2731,16.1,16.05,16.09,,49.0
2018-06-11 11:30,,16.05,2731,16.05,16.03,16.05,,358.0
2018-06-11 13:05,,16.0,2731,16.05,16.0,16.05,,113.0
2018-06-11 13:10,,16.05,2731,16.05,16.0,16.0,,1464.0
2018-06-11 13:15,,16.09,2731,16.1,16.05,16.05,,133.0
2018-06-11 13:20,,16.1,2731,16.1,16.09,16.09,,78.0
2018-06-11 13:25,,16.1,2731,16.1,16.1,16.1,,82.0
2018-06-11 13:30,,16.1,2731,16.1,16.09,16.1,,38.0
2018-06-11 13:35,,16.1,2731,16.1,16.08,16.1,,120.0
2018-06-11 13:40,,16.1,2731,16.1,16.07,16.1,,111.0
2018-06-11 13:45,,16.11,2731,16.11,16.1,16.1,,245.0
2018-06-11 13:50,,16.1,2731,16.11,16.1,16.11,,59.0
2018-06-11 13:55,,16.08,2731,16.11,16.06,16.1,,174.0
2018-06-11 14:00,,16.11,2731,16.11,16.08,16.08,,245.0
2018-06-11 14:05,,16.13,2731,16.13,16.07,16.11,,615.0
2018-06-11 14:10,,16.11,2731,16.14,16.11,16.13,,751.0
2018-06-11 14:15,,16.09,2731,16.11,16.07,16.11,,250.0
2018-06-11 14:20,,16.1,2731,16.11,16.07,16.09,,133.0
2018-06-11 14:25,,16.12,2731,16.12,16.1,16.1,,74.0
2018-06-11 14:30,,16.13,2731,16.13,16.1,16.12,,693.0
2018-06-11 14:35,,16.1,2731,16.13,16.1,16.13,,162.0
2018-06-11 14:40,,16.11,2731,16.12,16.1,16.1,,39.0
2018-06-11 14:45,,16.08,2731,16.11,16.07,16.11,,207.0
2018-06-11 14:50,,16.06,2731,16.08,16.06,16.08,,116.0
2018-06-11 14:55,,16.06,2731,16.15,16.06,16.06,,1071.0
2018-06-11 15:00,,15.91,2731,16.06,15.91,16.06,,684.0
2018-06-12 09:35,,16.2,2731,16.25,16.0,16.15,,1876.0
2018-06-12 09:40,,16.09,2731,16.22,16.04,16.2,,463.0
2018-06-12 09:45,,16.15,2731,16.17,16.09,16.09,,761.0
2018-06-12 09:50,,16.17,2731,16.18,16.13,16.15,,564.0
2018-06-12 09:55,,16.21,2731,16.23,16.16,16.17,,556.0
2018-06-12 10:00,,16.17,2731,16.21,16.17,16.21,,71.0
2018-06-12 10:05,,16.14,2731,16.17,16.12,16.17,,170.0
2018-06-12 10:10,,16.07,2731,16.14,16.07,16.14,,71.0
2018-06-12 10:15,,16.06,2731,16.13,16.06,16.07,,185.0
2018-06-12 10:20,,16.07,2731,16.1,16.06,16.06,,163.0
2018-06-12 10:25,,16.16,2731,16.17,16.07,16.07,,101.0
2018-06-12 10:30,,16.08,2731,16.16,16.06,16.16,,355.0
2018-06-12 10:35,,16.08,2731,16.08,16.08,16.08,,34.0
2018-06-12 10:40,,16.08,2731,16.08,16.08,16.08,,2.0
2018-06-12 10:45,,16.08,2731,16.08,16.08,16.08,,1.0
2018-06-12 10:50,,16.15,2731,16.15,16.08,16.08,,42.0
2018-06-12 10:55,,16.1,2731,16.15,16.1,16.15,,23.0
2018-06-12 11:00,,16.12,2731,16.13,16.1,16.1,,205.0
2018-06-12 11:05,,16.13,2731,16.13,16.12,16.12,,95.0
2018-06-12 11:10,,16.13,2731,16.13,16.1,16.13,,614.0
2018-06-12 11:15,,16.15,2731,16.15,16.13,16.13,,22.0
2018-06-12 11:20,,16.16,2731,16.16,16.12,16.15,,126.0
2018-06-12 11:25,,16.13,2731,16.16,16.13,16.16,,119.0
2018-06-12 11:30,,16.15,2731,16.15,16.12,16.13,,75.0
2018-06-12 13:05,,16.16,2731,16.16,16.15,16.15,,46.0
2018-06-12 13:10,,16.18,2731,16.18,16.16,16.16,,116.0
2018-06-12 13:15,,16.13,2731,16.18,16.13,16.18,,6.0
2018-06-12 13:20,,16.16,2731,16.17,16.13,16.13,,2.0
2018-06-12 13:25,,16.15,2731,16.16,16.15,16.16,,25.0
2018-06-12 13:30,,16.13,2731,16.16,16.13,16.15,,98.0
2018-06-12 13:35,,16.13,2731,16.13,16.12,16.13,,193.0
2018-06-12 13:40,,16.12,2731,16.13,16.12,16.13,,64.0
2018-06-12 13:45,,16.18,2731,16.18,16.12,16.12,,61.0
2018-06-12 13:50,,16.16,2731,16.19,16.16,16.18,,66.0
2018-06-12 13:55,,16.12,2731,16.16,16.12,16.16,,190.0
2018-06-12 14:00,,16.18,2731,16.18,16.11,16.12,,173.0
2018-06-12 14:05,,16.17,2731,16.19,16.17,16.18,,18.0
2018-06-12 14:10,,16.13,2731,16.18,16.13,16.17,,32.0
2018-06-12 14:15,,16.14,2731,16.14,16.12,16.13,,59.0
2018-06-12 14:20,,16.14,2731,16.14,16.14,16.14,,0.0
2018-06-12 14:25,,16.14,2731,16.14,16.14,16.14,,30.0
2018-06-12 14:30,,16.12,2731,16.14,16.12,16.14,,266.0
2018-06-12 14:35,,16.12,2731,16.14,16.12,16.12,,40.0
2018-06-12 14:40,,16.15,2731,16.15,16.12,16.12,,44.0
2018-06-12 14:45,,16.15,2731,16.17,16.15,16.15,,40.0
2018-06-12 14:50,,16.12,2731,16.16,16.12,16.15,,215.0
2018-06-12 14:55,,16.09,2731,16.15,16.08,16.12,,1025.0
2018-06-12 15:00,,16.09,2731,16.09,16.09,16.09,,325.0
2018-06-13 09:35,,16.2,2731,16.3,16.0,16.3,,697.0
2018-06-13 09:40,,16.09,2731,16.2,16.09,16.2,,227.0
2018-06-13 09:45,,16.09,2731,16.16,16.05,16.09,,337.0
2018-06-13 09:50,,16.09,2731,16.1,16.08,16.09,,55.0
2018-06-13 09:55,,16.05,2731,16.09,16.05,16.09,,286.0
2018-06-13 10:00,,16.06,2731,16.07,16.04,16.05,,135.0
2018-06-13 10:05,,16.04,2731,16.07,16.03,16.06,,86.0
2018-06-13 10:10,,16.02,2731,16.05,16.02,16.04,,403.0
2018-06-13 10:15,,16.02,2731,16.04,16.01,16.02,,633.0
2018-06-13 10:20,,16.03,2731,16.05,16.02,16.02,,513.0
2018-06-13 10:25,,16.03,2731,16.03,16.03,16.03,,149.0
2018-06-13 10:30,,16.04,2731,16.06,16.03,16.03,,81.0
2018-06-13 10:35,,16.06,2731,16.06,16.04,16.04,,46.0
2018-06-13 10:40,,16.06,2731,16.06,16.04,16.06,,67.0
2018-06-13 10:45,,16.06,2731,16.06,16.06,16.06,,10.0
2018-06-13 10:50,,16.04,2731,16.06,16.04,16.06,,32.0
2018-06-13 10:55,,16.04,2731,16.05,16.04,16.04,,38.0
2018-06-13 11:00,,16.05,2731,16.05,16.04,16.04,,32.0
2018-06-13 11:05,,16.04,2731,16.05,16.04,16.05,,17.0
2018-06-13 11:10,,16.04,2731,16.05,16.04,16.04,,7.0
2018-06-13 11:15,,16.03,2731,16.04,16.03,16.04,,33.0
2018-06-13 11:20,,16.04,2731,16.04,16.03,16.03,,56.0
2018-06-13 11:25,,16.03,2731,16.04,16.01,16.04,,701.0
2018-06-13 11:30,,16.02,2731,16.03,16.01,16.03,,127.0
2018-06-13 13:05,,16.01,2731,16.05,16.0,16.02,,206.0
2018-06-13 13:10,,16.0,2731,16.01,15.99,16.0,,179.0
2018-06-13 13:15,,16.0,2731,16.01,16.0,16.0,,47.0
2018-06-13 13:20,,16.0,2731,16.0,15.99,16.0,,119.0
2018-06-13 13:25,,16.0,2731,16.01,15.99,16.0,,110.0
2018-06-13 13:30,,16.1,2731,16.1,15.99,16.0,,108.0
2018-06-13 13:35,,16.1,2731,16.1,16.1,16.1,,10.0
2018-06-13 13:40,,16.12,2731,16.12,16.09,16.1,,35.0
2018-06-13 13:45,,16.1,2731,16.12,16.1,16.12,,13.0
2018-06-13 13:50,,16.09,2731,16.1,16.09,16.1,,89.0
2018-06-13 13:55,,16.1,2731,16.1,16.09,16.09,,16.0
2018-06-13 14:00,,16.09,2731,16.1,16.09,16.1,,74.0
2018-06-13 14:05,,16.09,2731,16.09,16.06,16.09,,2.0
2018-06-13 14:10,,16.08,2731,16.09,16.06,16.09,,16.0
2018-06-13 14:15,,16.02,2731,16.08,15.99,16.08,,384.0
2018-06-13 14:20,,16.01,2731,16.04,16.0,16.02,,261.0
2018-06-13 14:25,,16.04,2731,16.04,16.01,16.01,,294.0
2018-06-13 14:30,,16.04,2731,16.04,16.01,16.04,,168.0
2018-06-13 14:35,,16.05,2731,16.05,16.01,16.04,,398.0
2018-06-13 14:40,,16.08,2731,16.08,16.0,16.05,,756.0
2018-06-13 14:45,,16.06,2731,16.08,16.06,16.08,,176.0
2018-06-13 14:50,,16.02,2731,16.06,16.01,16.06,,186.0
2018-06-13 14:55,,16.02,2731,16.07,16.01,16.02,,419.0
2018-06-13 15:00,,16.01,2731,16.02,16.01,16.02,,467.0
2018-06-14 09:35,,16.02,2731,16.09,15.84,15.84,,684.0
2018-06-14 09:40,,15.96,2731,16.02,15.94,16.02,,174.0
2018-06-14 09:45,,15.94,2731,15.96,15.94,15.96,,100.0
2018-06-14 09:50,,15.95,2731,16.06,15.93,15.94,,253.0
2018-06-14 09:55,,16.0,2731,16.0,15.95,15.95,,127.0
2018-06-14 10:00,,15.98,2731,16.0,15.97,16.0,,124.0
2018-06-14 10:05,,15.97,2731,15.99,15.97,15.98,,55.0
2018-06-14 10:10,,15.95,2731,15.97,15.95,15.97,,140.0
2018-06-14 10:15,,15.95,2731,15.97,15.95,15.95,,63.0
2018-06-14 10:20,,15.96,2731,15.96,15.95,15.95,,83.0
2018-06-14 10:25,,15.99,2731,15.99,15.96,15.96,,36.0
2018-06-14 10:30,,15.97,2731,15.99,15.96,15.99,,8.0
2018-06-14 10:35,,15.91,2731,15.97,15.9,15.97,,812.0
2018-06-14 10:40,,15.92,2731,15.94,15.9,15.91,,90.0
2018-06-14 10:45,,15.92,2731,15.94,15.92,15.94,,34.0
2018-06-14 10:50,,15.93,2731,15.93,15.92,15.92,,21.0
2018-06-14 10:55,,15.91,2731,15.95,15.91,15.93,,65.0
2018-06-14 11:00,,16.02,2731,16.02,15.89,15.91,,148.0
2018-06-14 11:05,,15.97,2731,16.02,15.93,16.02,,32.0
2018-06-14 11:10,,15.92,2731,15.97,15.92,15.97,,9.0
2018-06-14 11:15,,15.92,2731,15.92,15.92,15.92,,3.0
2018-06-14 11:20,,15.93,2731,15.93,15.91,15.92,,41.0
2018-06-14 11:25,,15.93,2731,15.94,15.93,15.93,,2.0
2018-06-14 11:30,,15.92,2731,15.94,15.92,15.93,,27.0
2018-06-14 13:05,,15.94,2731,15.96,15.92,15.92,,117.0
2018-06-14 13:10,,16.0,2731,16.0,15.94,15.94,,82.0
2018-06-14 13:15,,15.91,2731,16.0,15.9,16.0,,270.0
2018-06-14 13:20,,15.91,2731,15.91,15.91,15.91,,25.0
2018-06-14 13:25,,15.93,2731,15.93,15.91,15.91,,13.0
2018-06-14 13:30,,15.91,2731,15.93,15.91,15.93,,22.0
2018-06-14 13:35,,15.93,2731,15.93,15.91,15.91,,33.0
2018-06-14 13:40,,15.92,2731,15.93,15.92,15.93,,77.0
2018-06-14 13:45,,15.91,2731,15.92,15.91,15.92,,19.0
2018-06-14 13:50,,15.91,2731,15.92,15.91,15.91,,19.0
2018-06-14 13:55,,15.91,2731,15.91,15.91,15.91,,13.0
2018-06-14 14:00,,15.93,2731,15.93,15.91,15.91,,70.0
2018-06-14 14:05,,15.93,2731,15.93,15.91,15.93,,111.0
2018-06-14 14:10,,15.92,2731,15.93,15.92,15.93,,52.0
2018-06-14 14:15,,15.91,2731,15.92,15.91,15.92,,187.0
2018-06-14 14:20,,15.93,2731,15.93,15.89,15.91,,825.0
2018-06-14 14:25,,15.93,2731,15.94,15.9,15.93,,361.0
2018-06-14 14:30,,15.94,2731,15.94,15.9,15.93,,47.0
2018-06-14 14:35,,15.97,2731,15.98,15.94,15.94,,58.0
2018-06-14 14:40,,15.93,2731,15.97,15.92,15.97,,65.0
2018-06-14 14:45,,15.93,2731,15.97,15.93,15.93,,46.0
2018-06-14 14:50,,15.94,2731,15.96,15.93,15.93,,207.0
2018-06-14 14:55,,15.91,2731,15.95,15.91,15.94,,504.0
2018-06-14 15:00,,15.91,2731,15.94,15.91,15.91,,136.0
2018-06-15 09:35,,15.95,2731,15.99,15.9,15.9,,318.0
2018-06-15 09:40,,15.96,2731,16.02,15.94,15.95,,44.0
2018-06-15 09:45,,15.96,2731,16.0,15.96,15.96,,84.0
2018-06-15 09:50,,15.93,2731,15.96,15.93,15.96,,63.0
2018-06-15 09:55,,15.89,2731,15.93,15.89,15.93,,449.0
2018-06-15 10:00,,15.9,2731,15.9,15.88,15.89,,176.0
2018-06-15 10:05,,15.86,2731,15.9,15.86,15.9,,181.0
2018-06-15 10:10,,15.85,2731,15.87,15.85,15.86,,157.0
2018-06-15 10:15,,15.86,2731,15.88,15.85,15.85,,22.0
2018-06-15 10:20,,15.86,2731,15.86,15.86,15.86,,17.0
2018-06-15 10:25,,15.86,2731,15.86,15.86,15.86,,282.0
2018-06-15 10:30,,15.86,2731,15.86,15.86,15.86,,0.0
2018-06-15 10:35,,15.88,2731,15.9,15.86,15.86,,26.0
2018-06-15 10:40,,15.86,2731,15.88,15.85,15.88,,154.0
2018-06-15 10:45,,15.85,2731,15.86,15.85,15.86,,184.0
2018-06-15 10:50,,15.58,2731,15.86,15.58,15.85,,870.0
2018-06-15 10:55,,15.74,2731,15.76,15.58,15.58,,346.0
2018-06-15 11:00,,15.7,2731,15.74,15.67,15.74,,94.0
2018-06-15 11:05,,15.7,2731,15.74,15.66,15.7,,56.0
2018-06-15 11:10,,15.67,2731,15.71,15.66,15.7,,150.0
2018-06-15 11:15,,15.66,2731,15.67,15.65,15.67,,267.0
2018-06-15 11:20,,15.64,2731,15.66,15.64,15.66,,229.0
2018-06-15 11:25,,15.58,2731,15.64,15.58,15.64,,410.0
2018-06-15 11:30,,15.54,2731,15.59,15.54,15.58,,159.0
2018-06-15 13:05,,15.54,2731,15.54,15.53,15.54,,376.0
2018-06-15 13:10,,15.6,2731,15.6,15.54,15.54,,29.0
2018-06-15 13:15,,15.61,2731,15.7,15.59,15.6,,69.0
2018-06-15 13:20,,15.61,2731,15.7,15.61,15.61,,43.0
2018-06-15 13:25,,15.61,2731,15.61,15.61,15.61,,0.0
2018-06-15 13:30,,15.69,2731,15.69,15.61,15.61,,56.0
2018-06-15 13:35,,15.61,2731,15.69,15.61,15.69,,122.0
2018-06-15 13:40,,15.61,2731,15.66,15.6,15.61,,34.0
2018-06-15 13:45,,15.66,2731,15.66,15.61,15.61,,40.0
2018-06-15 13:50,,15.66,2731,15.67,15.66,15.66,,21.0
2018-06-15 13:55,,15.61,2731,15.66,15.61,15.66,,40.0
2018-06-15 14:00,,15.6,2731,15.61,15.6,15.61,,42.0
2018-06-15 14:05,,15.5,2731,15.6,15.5,15.6,,1286.0
2018-06-15 14:10,,15.48,2731,15.5,15.4,15.5,,1523.0
2018-06-15 14:15,,15.5,2731,15.5,15.48,15.48,,84.0
2018-06-15 14:20,,15.58,2731,15.58,15.5,15.5,,33.0
2018-06-15 14:25,,15.58,2731,15.58,15.58,15.58,,0.0
2018-06-15 14:30,,15.57,2731,15.58,15.53,15.58,,143.0
2018-06-15 14:35,,15.51,2731,15.57,15.51,15.57,,344.0
2018-06-15 14:40,,15.54,2731,15.54,15.51,15.51,,13.0
2018-06-15 14:45,,15.57,2731,15.57,15.54,15.54,,12.0
2018-06-15 14:50,,15.41,2731,15.57,15.38,15.57,,987.0
2018-06-15 14:55,,15.3,2731,15.44,15.1,15.41,,1882.0
2018-06-15 15:00,,15.12,2731,15.39,15.12,15.3,,592.0
2018-06-19 09:35,,15.07,2731,15.12,15.02,15.12,,1360.0
2018-06-19 09:40,,15.08,2731,15.09,15.06,15.07,,840.0
2018-06-19 09:45,,15.1,2731,15.12,15.08,15.08,,147.0
2018-06-19 09:50,,15.1,2731,15.11,15.1,15.1,,137.0
2018-06-19 09:55,,15.09,2731,15.12,15.07,15.1,,897.0
2018-06-19 10:00,,15.07,2731,15.12,15.07,15.09,,246.0
2018-06-19 10:05,,15.04,2731,15.07,15.04,15.07,,1270.0
2018-06-19 10:10,,14.0,2731,15.07,13.61,15.04,,4295.0
2018-06-19 10:15,,14.5,2731,14.73,13.95,14.0,,3007.0
2018-06-19 10:20,,14.6,2731,14.73,14.5,14.5,,624.0
2018-06-19 10:25,,14.69,2731,14.69,14.59,14.6,,575.0
2018-06-19 10:30,,14.63,2731,14.69,14.58,14.69,,757.0
2018-06-19 10:35,,14.7,2731,14.7,14.63,14.63,,361.0
2018-06-19 10:40,,14.72,2731,14.72,14.69,14.7,,62.0
2018-06-19 10:45,,14.71,2731,14.72,14.71,14.72,,148.0
2018-06-19 10:50,,14.7,2731,14.72,14.7,14.71,,123.0
2018-06-19 10:55,,14.69,2731,14.71,14.69,14.7,,364.0
2018-06-19 11:00,,14.65,2731,14.69,14.65,14.69,,196.0
2018-06-19 11:05,,14.67,2731,14.68,14.65,14.65,,250.0
2018-06-19 11:10,,14.67,2731,14.67,14.65,14.67,,179.0
2018-06-19 11:15,,14.58,2731,14.67,14.58,14.67,,559.0
2018-06-19 11:20,,14.58,2731,14.58,14.57,14.58,,104.0
2018-06-19 11:25,,14.58,2731,14.58,14.58,14.58,,45.0
2018-06-19 11:30,,14.57,2731,14.58,14.57,14.58,,76.0
2018-06-19 13:05,,14.57,2731,14.6,14.57,14.57,,627.0
2018-06-19 13:10,,14.53,2731,14.57,14.53,14.57,,166.0
2018-06-19 13:15,,14.3,2731,14.53,14.1,14.53,,696.0
2018-06-19 13:20,,14.36,2731,14.36,14.3,14.3,,6.0
2018-06-19 13:25,,14.35,2731,14.36,14.35,14.36,,181.0
2018-06-19 13:30,,14.36,2731,14.36,14.35,14.35,,8.0
2018-06-19 13:35,,14.36,2731,14.36,14.36,14.36,,34.0
2018-06-19 13:40,,14.41,2731,14.68,14.36,14.36,,326.0
2018-06-19 13:45,,14.4,2731,14.41,14.4,14.41,,22.0
2018-06-19 13:50,,14.39,2731,14.45,14.39,14.4,,193.0
2018-06-19 13:55,,14.41,2731,14.65,14.37,14.39,,1003.0
2018-06-19 14:00,,14.41,2731,14.44,14.41,14.41,,50.0
2018-06-19 14:05,,14.37,2731,14.41,14.37,14.41,,46.0
2018-06-19 14:10,,14.36,2731,14.37,14.36,14.37,,181.0
2018-06-19 14:15,,14.21,2731,14.36,14.21,14.36,,393.0
2018-06-19 14:20,,14.3,2731,14.3,14.2,14.21,,145.0
2018-06-19 14:25,,14.25,2731,14.3,14.25,14.3,,405.0
2018-06-19 14:30,,14.25,2731,14.69,14.25,14.25,,2032.0
2018-06-19 14:35,,14.32,2731,14.32,14.25,14.25,,409.0
2018-06-19 14:40,,14.29,2731,14.32,14.26,14.32,,467.0
2018-06-19 14:45,,14.35,2731,14.35,14.26,14.29,,188.0
2018-06-19 14:50,,14.32,2731,14.35,14.28,14.35,,87.0
2018-06-19 14:55,,14.41,2731,14.65,14.29,14.32,,780.0
2018-06-19 15:00,,14.25,2731,14.6,14.25,14.41,,502.0
2018-06-20 09:35,,14.54,2731,14.54,14.25,14.25,,882.0
2018-06-20 09:40,,14.67,2731,14.77,14.54,14.54,,606.0
2018-06-20 09:45,,14.65,2731,14.7,14.65,14.67,,654.0
2018-06-20 09:50,,14.56,2731,14.67,14.5,14.65,,335.0
2018-06-20 09:55,,14.61,2731,14.65,14.55,14.56,,64.0
2018-06-20 10:00,,14.52,2731,14.67,14.52,14.61,,225.0
2018-06-20 10:05,,14.66,2731,14.66,14.52,14.52,,81.0
2018-06-20 10:10,,14.56,2731,14.68,14.53,14.66,,137.0
2018-06-20 10:15,,14.56,2731,14.66,14.56,14.56,,68.0
2018-06-20 10:20,,14.64,2731,14.65,14.56,14.56,,210.0
2018-06-20 10:25,,14.6,2731,14.65,14.6,14.64,,53.0
2018-06-20 10:30,,14.68,2731,14.68,14.6,14.6,,57.0
2018-06-20 10:35,,14.66,2731,14.68,14.66,14.68,,188.0
2018-06-20 10:40,,14.77,2731,14.79,14.66,14.66,,236.0
2018-06-20 10:45,,15.01,2731,15.1,14.75,14.77,,1270.0
2018-06-20 10:50,,15.14,2731,15.55,15.01,15.01,,970.0
2018-06-20 10:55,,15.12,2731,15.25,15.06,15.14,,842.0
2018-06-20 11:00,,15.14,2731,15.14,15.1,15.12,,204.0
2018-06-20 11:05,,15.0,2731,15.19,15.0,15.14,,366.0
2018-06-20 11:10,,15.0,2731,15.0,14.88,15.0,,59.0
2018-06-20 11:15,,14.85,2731,15.0,14.85,15.0,,26.0
2018-06-20 11:20,,14.89,2731,14.89,14.85,14.85,,6.0
2018-06-20 11:25,,15.0,2731,15.0,14.89,14.89,,107.0
2018-06-20 11:30,,14.91,2731,15.0,14.91,15.0,,40.0
2018-06-20 13:05,,14.89,2731,14.92,14.85,14.91,,144.0
2018-06-20 13:10,,14.91,2731,14.99,14.89,14.89,,160.0
2018-06-20 13:15,,14.99,2731,14.99,14.91,14.91,,4.0
2018-06-20 13:20,,15.09,2731,15.1,14.99,14.99,,308.0
2018-06-20 13:25,,15.09,2731,15.09,15.09,15.09,,261.0
2018-06-20 13:30,,15.1,2731,15.11,15.09,15.09,,255.0
2018-06-20 13:35,,15.1,2731,15.11,15.1,15.1,,180.0
2018-06-20 13:40,,15.16,2731,15.16,15.1,15.1,,157.0
2018-06-20 13:45,,15.17,2731,15.18,15.16,15.16,,140.0
2018-06-20 13:50,,15.17,2731,15.17,15.11,15.17,,166.0
2018-06-20 13:55,,15.18,2731,15.19,15.17,15.17,,184.0
2018-06-20 14:00,,15.19,2731,15.19,15.16,15.18,,200.0
2018-06-20 14:05,,15.16,2731,15.19,15.16,15.19,,121.0
2018-06-20 14:10,,15.16,2731,15.18,15.16,15.16,,9.0
2018-06-20 14:15,,15.17,2731,15.17,15.16,15.16,,218.0
2018-06-20 14:20,,15.22,2731,15.25,15.17,15.17,,1343.0
2018-06-20 14:25,,15.12,2731,15.22,15.12,15.22,,512.0
2018-06-20 14:30,,15.12,2731,15.13,15.12,15.12,,149.0
2018-06-20 14:35,,15.11,2731,15.12,15.11,15.12,,57.0
2018-06-20 14:40,,15.12,2731,15.12,15.11,15.11,,61.0
2018-06-20 14:45,,15.05,2731,15.12,15.02,15.12,,171.0
2018-06-20 14:50,,14.9,2731,15.05,14.8,15.05,,1225.0
2018-06-20 14:55,,14.85,2731,14.95,14.84,14.9,,291.0
2018-06-20 15:00,,14.85,2731,14.85,14.8,14.85,,388.0
2018-06-21 09:35,,14.88,2731,15.11,14.64,14.64,,349.0
2018-06-21 09:40,,14.93,2731,15.01,14.85,14.88,,341.0
2018-06-21 09:45,,14.98,2731,14.99,14.93,14.93,,9.0
2018-06-21 09:50,,14.96,2731,14.99,14.96,14.98,,61.0
2018-06-21 09:55,,15.01,2731,15.01,14.95,14.96,,44.0
2018-06-21 10:00,,15.01,2731,15.01,14.99,15.01,,67.0
2018-06-21 10:05,,15.02,2731,15.02,15.01,15.01,,63.0
2018-06-21 10:10,,15.02,2731,15.02,15.01,15.02,,63.0
2018-06-21 10:15,,15.1,2731,15.1,15.02,15.02,,243.0
2018-06-21 10:20,,15.11,2731,15.19,15.08,15.1,,296.0
2018-06-21 10:25,,15.06,2731,15.11,15.05,15.11,,128.0
2018-06-21 10:30,,15.06,2731,15.1,15.06,15.06,,75.0
2018-06-21 10:35,,15.09,2731,15.09,15.01,15.06,,112.0
2018-06-21 10:40,,15.01,2731,15.09,15.0,15.09,,51.0
2018-06-21 10:45,,14.97,2731,15.01,14.97,15.01,,119.0
2018-06-21 10:50,,14.97,2731,14.97,14.96,14.97,,58.0
2018-06-21 10:55,,14.95,2731,14.97,14.95,14.97,,1429.0
2018-06-21 11:00,,14.95,2731,14.96,14.95,14.95,,20.0
2018-06-21 11:05,,14.95,2731,14.95,14.95,14.95,,0.0
2018-06-21 11:10,,15.06,2731,15.06,14.95,14.95,,129.0
2018-06-21 11:15,,14.95,2731,15.06,14.95,15.06,,242.0
2018-06-21 11:20,,14.9,2731,14.95,14.9,14.95,,123.0
2018-06-21 11:25,,14.9,2731,14.95,14.9,14.9,,112.0
2018-06-21 11:30,,14.9,2731,14.9,14.89,14.9,,12.0
2018-06-21 13:05,,14.84,2731,14.95,14.84,14.9,,193.0
2018-06-21 13:10,,14.95,2731,14.95,14.83,14.84,,434.0
2018-06-21 13:15,,14.9,2731,14.95,14.85,14.95,,50.0
2018-06-21 13:20,,14.86,2731,14.9,14.86,14.9,,27.0
2018-06-21 13:25,,14.85,2731,14.86,14.85,14.86,,143.0
2018-06-21 13:30,,14.85,2731,14.85,14.85,14.85,,184.0
2018-06-21 13:35,,14.87,2731,14.87,14.85,14.85,,5.0
2018-06-21 13:40,,14.94,2731,14.95,14.87,14.87,,67.0
2018-06-21 13:45,,14.86,2731,14.94,14.85,14.94,,245.0
2018-06-21 13:50,,14.86,2731,14.86,14.85,14.86,,30.0
2018-06-21 13:55,,14.85,2731,14.86,14.85,14.86,,115.0
2018-06-21 14:00,,14.85,2731,14.85,14.84,14.85,,194.0
2018-06-21 14:05,,14.7,2731,14.85,14.7,14.85,,197.0
2018-06-21 14:10,,14.7,2731,14.7,14.7,14.7,,0.0
2018-06-21 14:15,,14.81,2731,14.81,14.7,14.7,,35.0
2018-06-21 14:20,,14.8,2731,14.81,14.78,14.81,,27.0
2018-06-21 14:25,,14.82,2731,14.83,14.8,14.8,,182.0
2018-06-21 14:30,,14.89,2731,14.89,14.81,14.82,,210.0
2018-06-21 14:35,,14.88,2731,14.89,14.88,14.89,,80.0
2018-06-21 14:40,,14.82,2731,14.88,14.81,14.88,,14.0
2018-06-21 14:45,,14.82,2731,14.82,14.81,14.82,,107.0
2018-06-21 14:50,,14.55,2731,14.82,14.41,14.82,,710.0
2018-06-21 14:55,,14.63,2731,14.77,14.55,14.55,,67.0
2018-06-21 15:00,,14.63,2731,14.65,14.63,14.63,,158.0
2018-06-22 09:35,,14.6,2731,14.75,14.6,14.62,,296.0
2018-06-22 09:40,,14.7,2731,14.7,14.53,14.6,,483.0
2018-06-22 09:45,,14.74,2731,14.76,14.65,14.7,,446.0
2018-06-22 09:50,,14.67,2731,14.74,14.65,14.74,,250.0
2018-06-22 09:55,,14.75,2731,14.75,14.67,14.67,,42.0
2018-06-22 10:00,,14.76,2731,14.76,14.75,14.75,,55.0
2018-06-22 10:05,,14.81,2731,15.0,14.72,14.76,,1403.0
2018-06-22 10:10,,14.99,2731,15.0,14.81,14.81,,260.0
2018-06-22 10:15,,14.98,2731,15.01,14.98,14.99,,287.0
2018-06-22 10:20,,14.9,2731,14.98,14.89,14.98,,27.0
2018-06-22 10:25,,14.9,2731,14.92,14.9,14.9,,8.0
2018-06-22 10:30,,14.9,2731,14.9,14.9,14.9,,6.0
2018-06-22 10:35,,14.88,2731,14.9,14.88,14.9,,24.0
2018-06-22 10:40,,14.86,2731,14.88,14.86,14.88,,10.0
2018-06-22 10:45,,14.87,2731,14.87,14.86,14.86,,2.0
2018-06-22 10:50,,14.9,2731,14.9,14.87,14.87,,3.0
2018-06-22 10:55,,14.9,2731,14.9,14.9,14.9,,11.0
2018-06-22 11:00,,14.95,2731,14.95,14.9,14.9,,25.0
2018-06-22 11:05,,14.96,2731,14.96,14.95,14.95,,70.0
2018-06-22 11:10,,14.96,2731,14.96,14.88,14.96,,187.0
2018-06-22 11:15,,15.01,2731,15.01,14.96,14.96,,986.0
2018-06-22 11:20,,14.99,2731,15.01,14.99,15.01,,370.0
2018-06-22 11:25,,14.96,2731,15.0,14.96,14.99,,791.0
2018-06-22 11:30,,14.97,2731,14.97,14.96,14.96,,244.0
2018-06-22 13:05,,14.96,2731,14.97,14.96,14.97,,32.0
2018-06-22 13:10,,14.95,2731,14.97,14.95,14.96,,51.0
2018-06-22 13:15,,15.0,2731,15.0,14.95,14.95,,7.0
2018-06-22 13:20,,15.07,2731,15.07,15.0,15.0,,111.0
2018-06-22 13:25,,15.0,2731,15.07,15.0,15.07,,7.0
2018-06-22 13:30,,14.95,2731,15.0,14.95,15.0,,29.0
2018-06-22 13:35,,14.95,2731,15.02,14.95,14.95,,21.0
2018-06-22 13:40,,14.97,2731,14.97,14.95,14.95,,109.0
2018-06-22 13:45,,14.96,2731,14.97,14.96,14.97,,11.0
2018-06-22 13:50,,14.91,2731,14.96,14.91,14.96,,77.0
2018-06-22 13:55,,14.9,2731,14.91,14.9,14.91,,119.0
2018-06-22 14:00,,14.91,2731,14.91,14.9,14.9,,27.0
2018-06-22 14:05,,14.9,2731,14.91,14.9,14.91,,55.0
2018-06-22 14:10,,14.95,2731,14.95,14.9,14.9,,16.0
2018-06-22 14:15,,14.91,2731,14.95,14.9,14.95,,109.0
2018-06-22 14:20,,14.89,2731,14.91,14.89,14.91,,58.0
2018-06-22 14:25,,14.95,2731,14.95,14.89,14.89,,97.0
2018-06-22 14:30,,14.95,2731,14.95,14.94,14.95,,60.0
2018-06-22 14:35,,14.98,2731,14.98,14.95,14.95,,18.0
2018-06-22 14:40,,14.98,2731,14.98,14.98,14.98,,0.0
2018-06-22 14:45,,14.82,2731,14.99,14.8,14.98,,753.0
2018-06-22 14:50,,14.79,2731,14.82,14.75,14.82,,377.0
2018-06-22 14:55,,14.78,2731,14.8,14.78,14.79,,181.0
2018-06-22 15:00,,14.73,2731,14.78,14.73,14.78,,200.0
2018-06-25 09:35,,14.91,2731,14.98,14.71,14.71,,511.0
2018-06-25 09:40,,14.89,2731,14.91,14.85,14.91,,78.0
2018-06-25 09:45,,14.89,2731,14.9,14.86,14.89,,45.0
2018-06-25 09:50,,14.91,2731,14.91,14.89,14.89,,40.0
2018-06-25 09:55,,14.9,2731,14.95,14.9,14.91,,85.0
2018-06-25 10:00,,14.86,2731,14.95,14.85,14.9,,141.0
2018-06-25 10:05,,14.88,2731,14.88,14.86,14.86,,13.0
2018-06-25 10:10,,14.8,2731,14.88,14.8,14.88,,227.0
2018-06-25 10:15,,14.83,2731,14.84,14.8,14.8,,127.0
2018-06-25 10:20,,14.88,2731,14.88,14.81,14.83,,90.0
2018-06-25 10:25,,14.8,2731,14.88,14.8,14.88,,24.0
2018-06-25 10:30,,14.76,2731,14.85,14.76,14.8,,55.0
2018-06-25 10:35,,14.75,2731,14.78,14.75,14.76,,68.0
2018-06-25 10:40,,14.75,2731,14.75,14.75,14.75,,12.0
2018-06-25 10:45,,14.81,2731,14.81,14.75,14.75,,13.0
2018-06-25 10:50,,14.86,2731,14.86,14.8,14.81,,34.0
2018-06-25 10:55,,14.82,2731,14.86,14.82,14.86,,17.0
2018-06-25 11:00,,14.82,2731,14.82,14.82,14.82,,24.0
2018-06-25 11:05,,14.76,2731,14.82,14.76,14.82,,36.0
2018-06-25 11:10,,14.78,2731,14.78,14.76,14.76,,7.0
2018-06-25 11:15,,14.82,2731,14.82,14.78,14.78,,16.0
2018-06-25 11:20,,14.91,2731,14.94,14.82,14.82,,39.0
2018-06-25 11:25,,14.94,2731,14.95,14.83,14.91,,117.0
2018-06-25 11:30,,14.97,2731,14.98,14.94,14.94,,144.0
2018-06-25 13:05,,14.87,2731,14.97,14.87,14.97,,52.0
2018-06-25 13:10,,14.9,2731,14.9,14.87,14.87,,1.0
2018-06-25 13:15,,14.91,2731,14.91,14.9,14.9,,18.0
2018-06-25 13:20,,14.87,2731,14.91,14.87,14.91,,15.0
2018-06-25 13:25,,14.94,2731,14.94,14.87,14.87,,14.0
2018-06-25 13:30,,14.88,2731,14.94,14.88,14.94,,8.0
2018-06-25 13:35,,14.9,2731,14.9,14.88,14.88,,11.0
2018-06-25 13:40,,14.82,2731,14.9,14.82,14.9,,166.0
2018-06-25 13:45,,14.81,2731,14.83,14.8,14.82,,73.0
2018-06-25 13:50,,14.8,2731,14.81,14.75,14.81,,134.0
2018-06-25 13:55,,14.8,2731,14.8,14.8,14.8,,5.0
2018-06-25 14:00,,14.8,2731,14.8,14.8,14.8,,0.0
2018-06-25 14:05,,14.81,2731,14.81,14.8,14.8,,3.0
2018-06-25 14:10,,14.81,2731,14.81,14.81,14.81,,1.0
2018-06-25 14:15,,14.81,2731,14.81,14.81,14.81,,0.0
2018-06-25 14:20,,14.9,2731,14.9,14.81,14.81,,42.0
2018-06-25 14:25,,14.85,2731,14.9,14.85,14.9,,12.0
2018-06-25 14:30,,14.85,2731,14.85,14.85,14.85,,0.0
2018-06-25 14:35,,14.85,2731,14.85,14.84,14.85,,6.0
2018-06-25 14:40,,14.85,2731,14.85,14.85,14.85,,47.0
2018-06-25 14:45,,14.82,2731,14.85,14.8,14.85,,274.0
2018-06-25 14:50,,14.9,2731,14.93,14.8,14.82,,499.0
2018-06-25 14:55,,14.88,2731,14.94,14.82,14.9,,462.0
2018-06-25 15:00,,14.83,2731,14.88,14.83,14.88,,48.0
2018-06-26 09:35,,14.62,2731,14.77,14.55,14.7,,840.0
2018-06-26 09:40,,14.53,2731,14.65,14.52,14.62,,346.0
2018-06-26 09:45,,14.58,2731,14.65,14.52,14.53,,156.0
2018-06-26 09:50,,14.56,2731,14.62,14.55,14.58,,74.0
2018-06-26 09:55,,14.56,2731,14.67,14.56,14.56,,234.0
2018-06-26 10:00,,14.69,2731,14.7,14.56,14.56,,175.0
2018-06-26 10:05,,14.72,2731,14.73,14.69,14.69,,167.0
2018-06-26 10:10,,14.45,2731,14.73,14.32,14.72,,976.0
2018-06-26 10:15,,14.5,2731,14.5,14.32,14.45,,716.0
2018-06-26 10:20,,14.53,2731,14.6,14.49,14.5,,303.0
2018-06-26 10:25,,14.52,2731,14.54,14.5,14.53,,2086.0
2018-06-26 10:30,,14.52,2731,14.53,14.5,14.52,,4734.0
2018-06-26 10:35,,14.55,2731,14.55,14.52,14.52,,201.0
2018-06-26 10:40,,14.66,2731,14.66,14.55,14.55,,170.0
2018-06-26 10:45,,14.78,2731,14.83,14.66,14.66,,202.0
2018-06-26 10:50,,14.78,2731,14.82,14.78,14.78,,60.0
2018-06-26 10:55,,14.9,2731,14.9,14.78,14.78,,263.0
2018-06-26 11:00,,14.88,2731,14.9,14.88,14.9,,60.0
2018-06-26 11:05,,14.92,2731,14.92,14.88,14.88,,107.0
2018-06-26 11:10,,14.9,2731,14.92,14.9,14.92,,11.0
2018-06-26 11:15,,14.9,2731,14.9,14.9,14.9,,19.0
2018-06-26 11:20,,14.89,2731,14.92,14.89,14.9,,54.0
2018-06-26 11:25,,14.92,2731,14.95,14.89,14.89,,251.0
2018-06-26 11:30,,14.89,2731,14.92,14.89,14.92,,107.0
2018-06-26 13:05,,14.89,2731,14.89,14.89,14.89,,20.0
2018-06-26 13:10,,14.91,2731,14.91,14.89,14.89,,24.0
2018-06-26 13:15,,14.95,2731,14.95,14.91,14.91,,29.0
2018-06-26 13:20,,14.95,2731,14.95,14.93,14.95,,25.0
2018-06-26 13:25,,14.91,2731,14.95,14.91,14.95,,72.0
2018-06-26 13:30,,14.8,2731,14.91,14.8,14.91,,141.0
2018-06-26 13:35,,14.8,2731,14.8,14.8,14.8,,95.0
2018-06-26 13:40,,14.8,2731,14.8,14.8,14.8,,32.0
2018-06-26 13:50,,14.82,2731,14.82,14.8,14.8,,3.0
2018-06-26 13:55,,14.87,2731,14.87,14.82,14.82,,1.0
2018-06-26 14:00,,14.86,2731,14.87,14.86,14.87,,18.0
2018-06-26 14:05,,14.93,2731,14.93,14.86,14.86,,73.0
2018-06-26 14:10,,14.84,2731,14.93,14.84,14.93,,11.0
2018-06-26 14:15,,14.84,2731,14.84,14.84,14.84,,0.0
2018-06-26 14:30,,14.89,2731,14.89,14.84,14.84,,3.0
2018-06-26 14:35,,14.84,2731,14.9,14.84,14.89,,57.0
2018-06-26 14:45,,14.89,2731,14.89,14.84,14.84,,21.0
2018-06-26 14:50,,14.88,2731,14.89,14.88,14.89,,4.0
2018-06-26 14:55,,14.84,2731,14.92,14.84,14.88,,179.0
2018-06-26 15:00,,14.9,2731,14.93,14.84,14.84,,221.0
2018-06-27 09:35,,14.86,2731,14.9,14.6,14.6,,311.0
2018-06-27 09:40,,14.8,2731,14.87,14.8,14.86,,139.0
2018-06-27 09:50,,14.87,2731,14.87,14.8,14.8,,44.0
2018-06-27 09:55,,14.86,2731,14.88,14.86,14.87,,25.0
2018-06-27 10:00,,14.9,2731,14.9,14.86,14.86,,106.0
2018-06-27 10:05,,14.89,2731,14.9,14.89,14.9,,44.0
2018-06-27 10:10,,14.9,2731,14.9,14.89,14.89,,156.0
2018-06-27 10:15,,14.9,2731,14.9,14.9,14.9,,372.0
2018-06-27 10:20,,15.01,2731,15.02,14.9,14.9,,166.0
2018-06-27 10:25,,14.96,2731,14.96,14.93,14.96,,45.0
2018-06-27 10:30,,14.99,2731,15.0,14.96,14.96,,49.0
2018-06-27 10:35,,14.99,2731,14.99,14.99,14.99,,0.0
2018-06-27 10:40,,14.93,2731,14.99,14.93,14.99,,29.0
2018-06-27 10:45,,14.86,2731,14.93,14.86,14.93,,39.0
2018-06-27 10:50,,14.86,2731,14.86,14.86,14.86,,0.0
2018-06-27 10:55,,14.83,2731,14.86,14.83,14.86,,96.0
2018-06-27 11:00,,14.8,2731,14.83,14.8,14.83,,242.0
2018-06-27 11:05,,14.77,2731,14.8,14.76,14.8,,101.0
2018-06-27 11:10,,14.77,2731,14.77,14.77,14.77,,2.0
2018-06-27 11:15,,14.77,2731,14.77,14.77,14.77,,0.0
2018-06-27 11:20,,14.78,2731,14.78,14.77,14.77,,22.0
2018-06-27 11:25,,14.78,2731,14.78,14.78,14.78,,83.0
2018-06-27 11:30,,14.78,2731,14.78,14.78,14.78,,0.0
2018-06-27 13:05,,14.8,2731,14.8,14.78,14.78,,72.0
2018-06-27 13:10,,14.79,2731,14.8,14.79,14.8,,64.0
2018-06-27 13:15,,14.78,2731,14.79,14.78,14.79,,64.0
2018-06-27 13:20,,14.83,2731,14.83,14.78,14.78,,24.0
2018-06-27 13:25,,14.83,2731,14.83,14.83,14.83,,0.0
2018-06-27 13:30,,14.78,2731,14.83,14.77,14.83,,1140.0
2018-06-27 13:35,,14.77,2731,14.82,14.77,14.78,,81.0
2018-06-27 13:40,,14.85,2731,14.85,14.77,14.77,,58.0
2018-06-27 13:45,,14.84,2731,14.85,14.76,14.85,,99.0
2018-06-27 13:50,,14.84,2731,14.84,14.84,14.84,,24.0
2018-06-27 13:55,,14.8,2731,14.84,14.79,14.84,,47.0
2018-06-27 14:00,,14.81,2731,14.85,14.8,14.8,,78.0
2018-06-27 14:05,,14.83,2731,14.84,14.81,14.81,,87.0
2018-06-27 14:10,,14.83,2731,14.83,14.83,14.83,,36.0
2018-06-27 14:20,,14.78,2731,14.83,14.78,14.83,,108.0
2018-06-27 14:25,,14.77,2731,14.78,14.75,14.78,,90.0
2018-06-27 14:30,,14.85,2731,14.85,14.77,14.77,,2.0
2018-06-27 14:35,,14.84,2731,14.85,14.75,14.85,,74.0
2018-06-27 14:40,,14.76,2731,14.84,14.76,14.84,,96.0
2018-06-27 14:45,,14.8,2731,14.83,14.71,14.76,,249.0
2018-06-27 14:50,,14.8,2731,14.84,14.76,14.8,,124.0
2018-06-27 14:55,,14.82,2731,14.83,14.8,14.8,,36.0
2018-06-27 15:00,,14.75,2731,14.82,14.75,14.82,,90.0
2018-06-28 09:35,,14.69,2731,14.84,14.65,14.65,,330.0
2018-06-28 09:40,,14.75,2731,14.77,14.69,14.69,,88.0
2018-06-28 09:45,,14.71,2731,14.8,14.7,14.75,,157.0
2018-06-28 09:50,,14.77,2731,14.79,14.71,14.71,,26.0
2018-06-28 09:55,,14.78,2731,14.78,14.75,14.77,,120.0
2018-06-28 10:00,,14.78,2731,14.78,14.76,14.78,,40.0
2018-06-28 10:05,,14.8,2731,14.8,14.78,14.78,,13.0
2018-06-28 10:20,,14.79,2731,14.8,14.79,14.8,,13.0
2018-06-28 10:25,,14.79,2731,14.79,14.79,14.79,,0.0
2018-06-28 10:35,,14.75,2731,14.79,14.75,14.79,,22.0
2018-06-28 10:40,,14.74,2731,14.75,14.74,14.75,,1.0
2018-06-28 10:45,,14.78,2731,14.78,14.74,14.74,,4.0
2018-06-28 10:50,,14.8,2731,14.8,14.78,14.78,,80.0
2018-06-28 11:00,,14.8,2731,14.8,14.79,14.8,,19.0
2018-06-28 11:05,,14.84,2731,14.84,14.71,14.8,,94.0
2018-06-28 11:10,,14.75,2731,14.84,14.75,14.84,,17.0
2018-06-28 11:15,,14.75,2731,14.75,14.75,14.75,,69.0
2018-06-28 11:20,,14.76,2731,14.76,14.75,14.75,,10.0
2018-06-28 11:25,,14.76,2731,14.77,14.76,14.76,,98.0
2018-06-28 11:30,,14.75,2731,14.76,14.75,14.76,,13.0
2018-06-28 13:05,,14.76,2731,14.76,14.75,14.75,,13.0
2018-06-28 13:10,,14.8,2731,14.8,14.76,14.76,,6.0
2018-06-28 13:20,,14.76,2731,14.8,14.76,14.8,,50.0
2018-06-28 13:25,,14.75,2731,14.76,14.75,14.76,,58.0
2018-06-28 13:30,,14.73,2731,14.75,14.73,14.75,,76.0
2018-06-28 13:35,,14.7,2731,14.74,14.7,14.73,,112.0
2018-06-28 13:40,,14.7,2731,14.71,14.7,14.7,,192.0
2018-06-28 13:45,,14.71,2731,14.71,14.7,14.7,,45.0
2018-06-28 13:50,,14.71,2731,14.71,14.71,14.71,,7.0
2018-06-28 13:55,,14.7,2731,14.71,14.7,14.71,,19.0
2018-06-28 14:00,,14.66,2731,14.7,14.66,14.7,,210.0
2018-06-28 14:05,,14.67,2731,14.67,14.66,14.66,,49.0
2018-06-28 14:10,,14.68,2731,14.68,14.66,14.67,,59.0
2018-06-28 14:15,,14.67,2731,14.68,14.67,14.68,,4.0
2018-06-28 14:20,,14.65,2731,14.67,14.65,14.67,,104.0
2018-06-28 14:25,,14.66,2731,14.69,14.66,14.69,,32.0
2018-06-28 14:30,,14.65,2731,14.67,14.65,14.66,,201.0
2018-06-28 14:35,,14.63,2731,14.65,14.63,14.65,,8.0
2018-06-28 14:40,,14.58,2731,14.63,14.58,14.63,,149.0
2018-06-28 14:45,,14.6,2731,14.6,14.57,14.58,,169.0
2018-06-28 14:50,,14.55,2731,14.6,14.55,14.6,,167.0
2018-06-28 14:55,,14.52,2731,14.56,14.52,14.55,,571.0
2018-06-28 15:00,,14.55,2731,14.55,14.52,14.52,,81.0
2018-06-29 09:35,,14.56,2731,14.61,14.5,14.5,,84.0
2018-06-29 09:40,,14.51,2731,14.56,14.51,14.56,,200.0
2018-06-29 09:45,,14.56,2731,14.56,14.51,14.51,,15.0
2018-06-29 09:50,,14.54,2731,14.56,14.54,14.56,,4.0
2018-06-29 09:55,,14.55,2731,14.55,14.54,14.54,,77.0
2018-06-29 10:00,,14.55,2731,14.6,14.55,14.55,,59.0
2018-06-29 10:05,,14.62,2731,14.62,14.55,14.55,,33.0
2018-06-29 10:10,,14.57,2731,14.62,14.56,14.62,,68.0
2018-06-29 10:15,,14.63,2731,14.63,14.57,14.57,,8.0
2018-06-29 10:20,,14.63,2731,14.63,14.63,14.63,,12.0
2018-06-29 10:25,,14.63,2731,14.63,14.63,14.63,,0.0
2018-06-29 10:30,,14.62,2731,14.63,14.61,14.63,,47.0
2018-06-29 10:35,,14.62,2731,14.62,14.62,14.62,,8.0
2018-06-29 10:40,,14.62,2731,14.62,14.62,14.62,,19.0
2018-06-29 10:45,,14.62,2731,14.62,14.62,14.62,,4.0
2018-06-29 10:50,,14.63,2731,14.63,14.61,14.62,,57.0
2018-06-29 10:55,,14.62,2731,14.63,14.62,14.63,,32.0
2018-06-29 11:00,,14.63,2731,14.63,14.62,14.62,,25.0
2018-06-29 11:05,,14.63,2731,14.63,14.63,14.63,,1.0
2018-06-29 11:10,,14.63,2731,14.63,14.63,14.63,,16.0
2018-06-29 11:15,,14.62,2731,14.63,14.62,14.63,,25.0
2018-06-29 11:20,,14.62,2731,14.62,14.61,14.62,,13.0
2018-06-29 11:25,,14.63,2731,14.63,14.62,14.62,,6.0
2018-06-29 11:30,,14.62,2731,14.63,14.62,14.63,,71.0
2018-06-29 13:05,,14.79,2731,14.8,14.62,14.62,,144.0
2018-06-29 13:10,,14.72,2731,14.79,14.72,14.79,,2.0
2018-06-29 13:15,,14.72,2731,14.72,14.69,14.72,,36.0
2018-06-29 13:20,,14.76,2731,14.76,14.72,14.72,,13.0
2018-06-29 13:25,,14.78,2731,14.8,14.76,14.76,,95.0
2018-06-29 13:30,,14.77,2731,14.78,14.77,14.78,,2.0
2018-06-29 13:35,,14.78,2731,14.78,14.77,14.77,,11.0
2018-06-29 13:40,,14.75,2731,14.78,14.75,14.78,,23.0
2018-06-29 13:45,,14.78,2731,14.78,14.75,14.75,,29.0
2018-06-29 13:50,,14.79,2731,14.79,14.78,14.78,,230.0
2018-06-29 13:55,,14.8,2731,14.81,14.79,14.79,,151.0
2018-06-29 14:00,,14.8,2731,14.8,14.8,14.8,,40.0
2018-06-29 14:10,,14.76,2731,14.8,14.76,14.8,,88.0
2018-06-29 14:15,,14.76,2731,14.76,14.75,14.76,,24.0
2018-06-29 14:20,,14.77,2731,14.77,14.76,14.76,,72.0
2018-06-29 14:25,,14.78,2731,14.78,14.77,14.77,,51.0
2018-06-29 14:30,,14.79,2731,14.8,14.77,14.78,,168.0
2018-06-29 14:35,,14.78,2731,14.79,14.77,14.79,,46.0
2018-06-29 14:40,,14.77,2731,14.78,14.76,14.78,,47.0
2018-06-29 14:45,,14.77,2731,14.77,14.75,14.77,,195.0
2018-06-29 14:50,,14.78,2731,14.79,14.77,14.77,,111.0
2018-06-29 14:55,,14.69,2731,14.79,14.68,14.78,,279.0
2018-06-29 15:00,,14.69,2731,14.74,14.69,14.69,,111.0
2018-07-02 09:35,,14.68,2731,14.87,14.65,14.65,,158.0
2018-07-02 09:40,,14.81,2731,14.81,14.68,14.68,,74.0
2018-07-02 09:45,,14.7,2731,14.81,14.7,14.81,,297.0
2018-07-02 09:50,,14.72,2731,14.75,14.7,14.7,,637.0
2018-07-02 09:55,,14.72,2731,14.72,14.7,14.72,,257.0
2018-07-02 10:00,,14.7,2731,14.72,14.69,14.72,,792.0
2018-07-02 10:05,,14.71,2731,14.72,14.7,14.7,,967.0
2018-07-02 10:10,,14.7,2731,14.71,14.7,14.71,,625.0
2018-07-02 10:15,,14.71,2731,14.71,14.7,14.7,,557.0
2018-07-02 10:20,,14.71,2731,14.71,14.7,14.71,,488.0
2018-07-02 10:25,,14.71,2731,14.72,14.71,14.71,,56.0
2018-07-02 10:30,,14.7,2731,14.71,14.7,14.71,,364.0
2018-07-02 10:35,,14.72,2731,14.72,14.7,14.7,,93.0
2018-07-02 10:40,,14.74,2731,14.74,14.72,14.72,,37.0
2018-07-02 10:45,,14.72,2731,14.74,14.72,14.74,,45.0
2018-07-02 10:50,,14.72,2731,14.72,14.72,14.72,,12.0
2018-07-02 10:55,,14.74,2731,14.74,14.72,14.72,,40.0
2018-07-02 11:00,,14.74,2731,14.75,14.74,14.74,,46.0
2018-07-02 11:05,,14.73,2731,14.74,14.73,14.74,,3.0
2018-07-02 11:10,,14.73,2731,14.73,14.73,14.73,,5.0
2018-07-02 11:15,,14.73,2731,14.73,14.72,14.73,,40.0
2018-07-02 11:20,,14.73,2731,14.74,14.73,14.73,,29.0
2018-07-02 11:25,,14.73,2731,14.73,14.72,14.73,,14.0
2018-07-02 11:30,,14.73,2731,14.73,14.73,14.73,,0.0
2018-07-02 13:05,,14.71,2731,14.73,14.7,14.73,,64.0
2018-07-02 13:10,,14.7,2731,14.71,14.7,14.71,,351.0
2018-07-02 13:15,,14.7,2731,14.7,14.7,14.7,,161.0
2018-07-02 13:20,,14.72,2731,14.72,14.7,14.7,,88.0
2018-07-02 13:25,,14.7,2731,14.73,14.7,14.72,,42.0
2018-07-02 13:30,,14.7,2731,14.7,14.7,14.7,,67.0
2018-07-02 13:35,,14.68,2731,14.7,14.68,14.7,,355.0
2018-07-02 13:40,,14.63,2731,14.69,14.61,14.68,,151.0
2018-07-02 13:45,,14.63,2731,14.63,14.58,14.63,,270.0
2018-07-02 13:50,,14.61,2731,14.63,14.6,14.63,,40.0
2018-07-02 13:55,,14.7,2731,14.7,14.59,14.61,,838.0
2018-07-02 14:00,,14.7,2731,14.71,14.69,14.7,,1476.0
2018-07-02 14:05,,14.7,2731,14.73,14.69,14.7,,1142.0
2018-07-02 14:10,,14.7,2731,14.71,14.69,14.7,,766.0
2018-07-02 14:15,,14.69,2731,14.7,14.62,14.7,,2554.0
2018-07-02 14:20,,14.56,2731,14.69,14.55,14.69,,1728.0
2018-07-02 14:25,,14.46,2731,14.6,14.46,14.56,,1217.0
2018-07-02 14:30,,14.41,2731,14.46,14.41,14.46,,181.0
2018-07-02 14:35,,14.52,2731,14.52,14.41,14.41,,25.0
2018-07-02 14:40,,14.58,2731,14.58,14.49,14.52,,104.0
2018-07-02 14:45,,14.57,2731,14.59,14.55,14.58,,95.0
2018-07-02 14:50,,14.62,2731,14.62,14.57,14.57,,169.0
2018-07-02 14:55,,14.6,2731,14.7,14.6,14.62,,536.0
2018-07-02 15:00,,14.31,2731,14.68,14.31,14.6,,893.0
2018-07-03 09:35,,14.6,2731,14.65,14.43,14.43,,578.0
2018-07-03 09:40,,14.78,2731,14.79,14.59,14.6,,446.0
2018-07-03 09:45,,14.87,2731,14.9,14.78,14.78,,805.0
2018-07-03 09:50,,14.88,2731,14.89,14.85,14.87,,928.0
2018-07-03 09:55,,15.02,2731,15.09,14.87,14.88,,1771.0
2018-07-03 10:00,,14.94,2731,15.02,14.89,15.02,,343.0
2018-07-03 10:05,,14.89,2731,14.94,14.89,14.94,,103.0
2018-07-03 10:10,,14.78,2731,14.89,14.78,14.89,,157.0
2018-07-03 10:15,,14.83,2731,14.83,14.78,14.78,,208.0
2018-07-03 10:20,,14.83,2731,14.87,14.83,14.83,,23.0
2018-07-03 10:25,,14.85,2731,14.85,14.83,14.83,,52.0
2018-07-03 10:30,,14.85,2731,14.85,14.83,14.85,,27.0
2018-07-03 10:35,,14.85,2731,14.87,14.85,14.85,,18.0
2018-07-03 10:40,,14.84,2731,14.85,14.84,14.85,,18.0
2018-07-03 10:45,,14.86,2731,14.86,14.82,14.84,,373.0
2018-07-03 10:50,,14.85,2731,14.86,14.84,14.86,,12.0
2018-07-03 10:55,,14.84,2731,14.85,14.84,14.85,,34.0
2018-07-03 11:00,,14.81,2731,14.84,14.81,14.84,,78.0
2018-07-03 11:05,,14.8,2731,14.81,14.8,14.81,,47.0
2018-07-03 11:10,,14.76,2731,14.8,14.75,14.8,,176.0
2018-07-03 11:15,,14.75,2731,14.76,14.75,14.76,,45.0
2018-07-03 11:20,,14.73,2731,14.75,14.73,14.75,,63.0
2018-07-03 11:25,,14.76,2731,14.76,14.72,14.73,,268.0
2018-07-03 11:30,,14.77,2731,14.77,14.76,14.76,,2.0
2018-07-03 13:05,,14.8,2731,14.8,14.73,14.77,,59.0
2018-07-03 13:10,,14.79,2731,14.8,14.79,14.8,,12.0
2018-07-03 13:15,,14.84,2731,14.85,14.79,14.79,,91.0
2018-07-03 13:20,,14.84,2731,14.85,14.84,14.84,,26.0
2018-07-03 13:25,,14.81,2731,14.84,14.81,14.84,,27.0
2018-07-03 13:30,,14.71,2731,14.81,14.71,14.81,,39.0
2018-07-03 13:35,,14.86,2731,14.86,14.71,14.71,,166.0
2018-07-03 13:40,,14.87,2731,14.87,14.85,14.86,,118.0
2018-07-03 13:45,,14.86,2731,14.88,14.86,14.87,,138.0
2018-07-03 13:50,,14.88,2731,14.88,14.86,14.86,,116.0
2018-07-03 13:55,,14.85,2731,14.88,14.85,14.88,,17.0
2018-07-03 14:00,,14.9,2731,14.9,14.83,14.85,,52.0
2018-07-03 14:05,,14.91,2731,14.91,14.9,14.9,,153.0
2018-07-03 14:10,,14.88,2731,14.95,14.88,14.91,,156.0
2018-07-03 14:15,,14.93,2731,14.93,14.87,14.88,,40.0
2018-07-03 14:20,,14.94,2731,14.94,14.92,14.93,,188.0
2018-07-03 14:25,,14.92,2731,14.94,14.91,14.94,,111.0
2018-07-03 14:30,,14.91,2731,14.92,14.91,14.92,,37.0
2018-07-03 14:35,,14.94,2731,14.94,14.91,14.91,,50.0
2018-07-03 14:40,,14.93,2731,14.94,14.93,14.94,,118.0
2018-07-03 14:45,,14.95,2731,14.95,14.93,14.93,,179.0
2018-07-03 14:50,,14.99,2731,14.99,14.94,14.95,,234.0
2018-07-03 14:55,,14.95,2731,15.0,14.91,14.99,,198.0
2018-07-03 15:00,,15.0,2731,15.0,14.94,14.95,,316.0
2018-07-04 09:35,,14.75,2731,14.88,14.75,14.75,,687.0
2018-07-04 09:40,,14.77,2731,14.79,14.72,14.75,,263.0
2018-07-04 09:45,,14.75,2731,14.79,14.75,14.77,,179.0
2018-07-04 09:50,,14.77,2731,14.8,14.72,14.75,,165.0
2018-07-04 10:00,,14.82,2731,14.82,14.77,14.77,,32.0
2018-07-04 10:05,,14.8,2731,14.82,14.8,14.82,,110.0
2018-07-04 10:10,,14.8,2731,14.81,14.8,14.8,,64.0
2018-07-04 10:15,,14.81,2731,14.81,14.8,14.8,,37.0
2018-07-04 10:20,,14.8,2731,14.82,14.8,14.81,,46.0
2018-07-04 10:25,,14.81,2731,14.81,14.8,14.8,,1.0
2018-07-04 10:30,,14.77,2731,14.81,14.77,14.81,,45.0
2018-07-04 10:35,,14.76,2731,14.78,14.76,14.77,,15.0
2018-07-04 10:40,,14.77,2731,14.77,14.75,14.76,,119.0
2018-07-04 10:45,,14.77,2731,14.77,14.76,14.77,,34.0
2018-07-04 10:50,,14.79,2731,14.79,14.77,14.77,,17.0
2018-07-04 10:55,,14.83,2731,14.83,14.79,14.79,,11.0
2018-07-04 11:00,,14.77,2731,14.83,14.76,14.83,,56.0
2018-07-04 11:05,,14.75,2731,14.77,14.75,14.77,,30.0
2018-07-04 11:10,,14.78,2731,14.78,14.75,14.75,,33.0
2018-07-04 11:15,,14.75,2731,14.85,14.75,14.78,,97.0
2018-07-04 11:20,,14.74,2731,14.75,14.74,14.75,,43.0
2018-07-04 11:25,,14.74,2731,14.74,14.74,14.74,,0.0
2018-07-04 11:30,,14.74,2731,14.74,14.74,14.74,,55.0
2018-07-04 13:05,,14.71,2731,14.74,14.71,14.74,,67.0
2018-07-04 13:10,,14.73,2731,14.73,14.7,14.71,,38.0
2018-07-04 13:15,,14.73,2731,14.84,14.72,14.73,,77.0
2018-07-04 13:20,,14.7,2731,14.73,14.7,14.73,,100.0
2018-07-04 13:25,,14.69,2731,14.7,14.69,14.7,,108.0
2018-07-04 13:30,,14.76,2731,14.76,14.69,14.69,,30.0
2018-07-04 13:35,,14.77,2731,14.78,14.72,14.76,,92.0
2018-07-04 13:40,,14.76,2731,14.79,14.76,14.77,,46.0
2018-07-04 13:45,,14.79,2731,14.81,14.76,14.76,,59.0
2018-07-04 13:50,,14.72,2731,14.79,14.72,14.79,,36.0
2018-07-04 13:55,,14.66,2731,14.72,14.65,14.72,,220.0
2018-07-04 14:00,,14.7,2731,14.7,14.66,14.66,,85.0
2018-07-04 14:05,,14.65,2731,14.74,14.65,14.7,,127.0
2018-07-04 14:10,,14.67,2731,14.67,14.65,14.65,,221.0
2018-07-04 14:15,,14.65,2731,14.68,14.65,14.67,,92.0
2018-07-04 14:20,,14.64,2731,14.66,14.64,14.65,,181.0
2018-07-04 14:25,,14.65,2731,14.72,14.64,14.64,,438.0
2018-07-04 14:30,,14.75,2731,14.75,14.65,14.65,,139.0
2018-07-04 14:35,,14.71,2731,14.75,14.67,14.75,,213.0
2018-07-04 14:40,,14.66,2731,14.73,14.64,14.71,,397.0
2018-07-04 14:45,,14.66,2731,14.66,14.64,14.66,,414.0
2018-07-04 14:50,,14.66,2731,14.7,14.65,14.66,,78.0
2018-07-04 14:55,,14.66,2731,14.68,14.66,14.66,,59.0
2018-07-04 15:00,,14.68,2731,14.69,14.66,14.66,,249.0
2018-07-05 09:35,,14.64,2731,14.71,14.57,14.57,,608.0
2018-07-05 09:40,,14.66,2731,14.7,14.64,14.64,,31.0
2018-07-05 09:45,,14.68,2731,14.7,14.66,14.66,,45.0
2018-07-05 09:50,,14.64,2731,14.68,14.64,14.68,,51.0
2018-07-05 09:55,,14.64,2731,14.64,14.64,14.64,,19.0
2018-07-05 10:00,,14.67,2731,14.67,14.64,14.64,,23.0
2018-07-05 10:10,,14.69,2731,14.69,14.66,14.67,,31.0
2018-07-05 10:15,,14.67,2731,14.69,14.67,14.69,,22.0
2018-07-05 10:20,,14.67,2731,14.67,14.65,14.67,,25.0
2018-07-05 10:25,,14.69,2731,14.69,14.66,14.67,,40.0
2018-07-05 10:30,,14.7,2731,14.7,14.66,14.69,,48.0
2018-07-05 10:35,,14.71,2731,14.74,14.69,14.7,,51.0
2018-07-05 10:40,,14.69,2731,14.72,14.65,14.71,,98.0
2018-07-05 10:45,,14.72,2731,14.72,14.65,14.69,,48.0
2018-07-05 10:50,,14.7,2731,14.72,14.66,14.72,,3.0
2018-07-05 10:55,,14.7,2731,14.71,14.7,14.7,,75.0
2018-07-05 11:00,,14.72,2731,14.72,14.7,14.7,,152.0
2018-07-05 11:05,,14.72,2731,14.72,14.7,14.72,,33.0
2018-07-05 11:10,,14.73,2731,14.73,14.71,14.72,,51.0
2018-07-05 11:15,,14.72,2731,14.73,14.71,14.73,,49.0
2018-07-05 11:20,,14.73,2731,14.73,14.71,14.72,,17.0
2018-07-05 11:25,,14.72,2731,14.73,14.72,14.73,,20.0
2018-07-05 11:30,,14.73,2731,14.73,14.72,14.72,,26.0
2018-07-05 13:05,,14.7,2731,14.73,14.7,14.73,,106.0
2018-07-05 13:10,,14.7,2731,14.72,14.7,14.7,,68.0
2018-07-05 13:15,,14.71,2731,14.71,14.7,14.7,,18.0
2018-07-05 13:20,,14.71,2731,14.71,14.7,14.71,,297.0
2018-07-05 13:25,,14.71,2731,14.73,14.71,14.71,,29.0
2018-07-05 13:30,,14.71,2731,14.71,14.71,14.71,,21.0
2018-07-05 13:35,,14.67,2731,14.71,14.67,14.71,,73.0
2018-07-05 13:40,,14.69,2731,14.69,14.67,14.67,,7.0
2018-07-05 13:45,,14.67,2731,14.72,14.67,14.69,,108.0
2018-07-05 13:50,,14.68,2731,14.68,14.65,14.67,,54.0
2018-07-05 13:55,,14.7,2731,14.7,14.68,14.68,,1.0
2018-07-05 14:00,,14.7,2731,14.7,14.69,14.7,,33.0
2018-07-05 14:05,,14.72,2731,14.72,14.69,14.7,,37.0
2018-07-05 14:10,,14.71,2731,14.73,14.69,14.72,,39.0
2018-07-05 14:15,,14.73,2731,14.73,14.71,14.71,,71.0
2018-07-05 14:20,,14.72,2731,14.73,14.72,14.73,,51.0
2018-07-05 14:25,,14.7,2731,14.72,14.7,14.72,,59.0
2018-07-05 14:30,,14.64,2731,14.7,14.64,14.7,,379.0
2018-07-05 14:35,,14.65,2731,14.65,14.64,14.64,,163.0
2018-07-05 14:40,,14.66,2731,14.67,14.65,14.65,,192.0
2018-07-05 14:45,,14.63,2731,14.66,14.63,14.66,,81.0
2018-07-05 14:50,,14.63,2731,14.64,14.63,14.63,,263.0
2018-07-05 14:55,,14.7,2731,14.7,14.62,14.63,,162.0
2018-07-05 15:00,,14.69,2731,14.7,14.69,14.7,,84.0
2018-07-06 09:35,,14.62,2731,14.74,14.6,14.7,,353.0
2018-07-06 09:40,,14.64,2731,14.64,14.6,14.62,,176.0
2018-07-06 09:45,,14.62,2731,14.64,14.55,14.64,,280.0
2018-07-06 09:50,,14.59,2731,14.62,14.58,14.62,,187.0
2018-07-06 09:55,,14.57,2731,14.59,14.57,14.59,,133.0
2018-07-06 10:00,,14.6,2731,14.6,14.56,14.57,,176.0
2018-07-06 10:05,,14.57,2731,14.6,14.57,14.6,,74.0
2018-07-06 10:10,,14.57,2731,14.58,14.55,14.57,,535.0
2018-07-06 10:15,,14.58,2731,14.58,14.57,14.57,,38.0
2018-07-06 10:20,,14.6,2731,14.6,14.58,14.58,,21.0
2018-07-06 10:25,,14.6,2731,14.62,14.59,14.6,,74.0
2018-07-06 10:30,,14.57,2731,14.63,14.57,14.6,,165.0
2018-07-06 10:35,,14.6,2731,14.6,14.54,14.57,,98.0
2018-07-06 10:40,,14.6,2731,14.6,14.6,14.6,,17.0
2018-07-06 10:45,,14.65,2731,14.66,14.6,14.6,,116.0
2018-07-06 10:50,,14.58,2731,14.65,14.58,14.65,,2.0
2018-07-06 10:55,,14.55,2731,14.58,14.55,14.58,,36.0
2018-07-06 11:00,,14.53,2731,14.61,14.53,14.55,,121.0
2018-07-06 11:05,,14.52,2731,14.54,14.52,14.53,,86.0
2018-07-06 11:10,,14.54,2731,14.54,14.52,14.52,,12.0
2018-07-06 11:15,,14.54,2731,14.54,14.54,14.54,,27.0
2018-07-06 11:20,,14.53,2731,14.58,14.52,14.54,,43.0
2018-07-06 11:25,,14.59,2731,14.6,14.53,14.53,,61.0
2018-07-06 11:30,,14.6,2731,14.6,14.54,14.59,,24.0
2018-07-06 13:05,,14.61,2731,14.63,14.59,14.6,,122.0
2018-07-06 13:10,,14.68,2731,14.68,14.61,14.61,,160.0
2018-07-06 13:15,,14.69,2731,14.74,14.68,14.68,,306.0
2018-07-06 13:20,,14.72,2731,14.72,14.69,14.69,,118.0
2018-07-06 13:25,,14.71,2731,14.73,14.66,14.72,,152.0
2018-07-06 13:30,,14.73,2731,14.77,14.71,14.71,,390.0
2018-07-06 13:35,,14.8,2731,14.8,14.73,14.73,,177.0
2018-07-06 13:40,,14.86,2731,14.9,14.79,14.8,,205.0
2018-07-06 13:45,,14.9,2731,14.9,14.8,14.86,,121.0
2018-07-06 13:50,,14.8,2731,14.9,14.8,14.9,,152.0
2018-07-06 13:55,,14.82,2731,14.82,14.79,14.8,,184.0
2018-07-06 14:00,,14.87,2731,14.88,14.82,14.82,,31.0
2018-07-06 14:05,,14.8,2731,14.87,14.8,14.87,,16.0
2018-07-06 14:10,,14.86,2731,14.86,14.77,14.8,,72.0
2018-07-06 14:15,,14.78,2731,14.86,14.78,14.86,,86.0
2018-07-06 14:20,,14.83,2731,14.83,14.77,14.78,,53.0
2018-07-06 14:25,,14.77,2731,14.83,14.77,14.83,,1.0
2018-07-06 14:30,,14.74,2731,14.83,14.74,14.77,,41.0
2018-07-06 14:35,,14.74,2731,14.75,14.74,14.74,,33.0
2018-07-06 14:40,,14.74,2731,14.74,14.72,14.74,,29.0
2018-07-06 14:45,,14.75,2731,14.75,14.73,14.74,,86.0
2018-07-06 14:50,,14.74,2731,14.75,14.74,14.75,,38.0
2018-07-06 14:55,,14.75,2731,14.76,14.74,14.74,,94.0
2018-07-06 15:00,,14.76,2731,14.76,14.75,14.75,,167.0
2018-07-09 09:35,,14.75,2731,14.87,14.65,14.75,,283.0
2018-07-09 09:40,,14.82,2731,14.82,14.75,14.75,,179.0
2018-07-09 09:45,,14.82,2731,14.93,14.81,14.82,,91.0
2018-07-09 09:50,,14.85,2731,14.88,14.82,14.82,,106.0
2018-07-09 09:55,,14.85,2731,14.86,14.84,14.85,,30.0
2018-07-09 10:00,,14.81,2731,14.85,14.81,14.85,,51.0
2018-07-09 10:05,,14.81,2731,14.83,14.81,14.81,,19.0
2018-07-09 10:10,,14.8,2731,14.81,14.8,14.81,,33.0
2018-07-09 10:15,,14.8,2731,14.8,14.79,14.8,,132.0
2018-07-09 10:20,,14.82,2731,14.84,14.8,14.8,,67.0
2018-07-09 10:25,,14.81,2731,14.82,14.8,14.82,,13.0
2018-07-09 10:30,,14.85,2731,14.85,14.81,14.81,,59.0
2018-07-09 10:40,,14.82,2731,14.85,14.82,14.85,,22.0
2018-07-09 10:45,,14.83,2731,14.83,14.82,14.82,,20.0
2018-07-09 10:50,,14.85,2731,14.85,14.83,14.83,,4.0
2018-07-09 10:55,,14.83,2731,14.85,14.82,14.85,,71.0
2018-07-09 11:00,,14.81,2731,14.84,14.81,14.83,,77.0
2018-07-09 11:05,,14.84,2731,14.84,14.81,14.81,,12.0
2018-07-09 11:15,,14.82,2731,14.84,14.82,14.84,,22.0
2018-07-09 11:20,,14.82,2731,14.82,14.82,14.82,,0.0
2018-07-09 11:25,,14.84,2731,14.84,14.82,14.82,,16.0
2018-07-09 11:30,,14.84,2731,14.84,14.84,14.84,,9.0
2018-07-09 13:05,,14.85,2731,14.85,14.84,14.84,,12.0
2018-07-09 13:10,,14.83,2731,14.85,14.83,14.85,,8.0
2018-07-09 13:15,,14.85,2731,14.85,14.83,14.83,,21.0
2018-07-09 13:20,,14.85,2731,14.86,14.84,14.85,,53.0
2018-07-09 13:25,,14.83,2731,14.85,14.83,14.85,,134.0
2018-07-09 13:30,,14.84,2731,14.84,14.83,14.83,,10.0
2018-07-09 13:35,,14.85,2731,14.85,14.84,14.84,,42.0
2018-07-09 13:40,,14.84,2731,14.85,14.83,14.85,,6.0
2018-07-09 13:45,,14.84,2731,14.84,14.84,14.84,,8.0
2018-07-09 13:50,,14.83,2731,14.84,14.83,14.84,,108.0
2018-07-09 14:00,,14.84,2731,14.84,14.84,14.84,,46.0
2018-07-09 14:05,,14.82,2731,14.84,14.82,14.84,,216.0
2018-07-09 14:10,,14.85,2731,14.85,14.81,14.82,,195.0
2018-07-09 14:15,,14.86,2731,14.86,14.82,14.85,,102.0
2018-07-09 14:20,,14.87,2731,14.88,14.86,14.86,,125.0
2018-07-09 14:25,,14.87,2731,14.87,14.87,14.87,,7.0
2018-07-09 14:30,,14.89,2731,14.89,14.87,14.87,,37.0
2018-07-09 14:35,,14.83,2731,14.89,14.83,14.89,,126.0
2018-07-09 14:40,,14.83,2731,14.88,14.83,14.83,,20.0
2018-07-09 14:45,,14.83,2731,14.83,14.83,14.83,,206.0
2018-07-09 14:50,,14.84,2731,14.86,14.83,14.83,,116.0
2018-07-09 14:55,,14.86,2731,14.86,14.84,14.84,,191.0
2018-07-09 15:00,,14.95,2731,14.95,14.85,14.86,,1156.0
2018-07-10 09:35,,14.9,2731,14.9,14.86,14.9,,43.0
2018-07-10 09:40,,14.92,2731,14.99,14.9,14.9,,142.0
2018-07-10 09:45,,14.85,2731,14.93,14.85,14.92,,176.0
2018-07-10 09:50,,14.87,2731,14.87,14.85,14.85,,24.0
2018-07-10 09:55,,14.88,2731,14.89,14.87,14.87,,22.0
2018-07-10 10:00,,14.9,2731,14.96,14.88,14.88,,350.0
2018-07-10 10:05,,14.94,2731,14.95,14.9,14.9,,91.0
2018-07-10 10:10,,14.95,2731,14.95,14.94,14.94,,99.0
2018-07-10 10:15,,14.95,2731,14.95,14.94,14.95,,136.0
2018-07-10 10:20,,14.94,2731,14.95,14.94,14.95,,81.0
2018-07-10 10:25,,14.95,2731,14.95,14.9,14.94,,155.0
2018-07-10 10:30,,14.88,2731,14.95,14.88,14.95,,189.0
2018-07-10 10:35,,14.9,2731,14.95,14.85,14.88,,158.0
2018-07-10 10:40,,14.93,2731,14.95,14.86,14.9,,154.0
2018-07-10 10:45,,14.8,2731,14.94,14.8,14.93,,276.0
2018-07-10 10:50,,14.9,2731,14.9,14.8,14.8,,110.0
2018-07-10 10:55,,14.94,2731,14.94,14.9,14.9,,94.0
2018-07-10 11:00,,14.94,2731,14.94,14.93,14.94,,119.0
2018-07-10 11:05,,14.83,2731,14.94,14.83,14.94,,257.0
2018-07-10 11:10,,14.85,2731,14.93,14.83,14.83,,133.0
2018-07-10 11:15,,14.94,2731,14.94,14.85,14.85,,58.0
2018-07-10 11:20,,14.94,2731,14.94,14.94,14.94,,21.0
2018-07-10 11:25,,14.9,2731,14.94,14.9,14.94,,22.0
2018-07-10 11:30,,14.87,2731,14.92,14.87,14.9,,31.0
2018-07-10 13:05,,14.94,2731,14.94,14.87,14.87,,25.0
2018-07-10 13:10,,14.94,2731,14.94,14.94,14.94,,0.0
2018-07-10 13:15,,14.94,2731,14.94,14.94,14.94,,53.0
2018-07-10 13:25,,14.94,2731,14.94,14.94,14.94,,163.0
2018-07-10 13:30,,14.92,2731,14.94,14.92,14.94,,126.0
2018-07-10 13:35,,14.92,2731,14.92,14.92,14.92,,21.0
2018-07-10 13:40,,14.95,2731,14.95,14.92,14.92,,159.0
2018-07-10 13:45,,14.91,2731,14.95,14.91,14.95,,30.0
2018-07-10 13:50,,14.91,2731,14.91,14.91,14.91,,1.0
2018-07-10 13:55,,14.91,2731,14.91,14.91,14.91,,0.0
2018-07-10 14:00,,14.91,2731,14.91,14.91,14.91,,12.0
2018-07-10 14:05,,14.93,2731,14.93,14.91,14.91,,12.0
2018-07-10 14:10,,14.92,2731,14.93,14.92,14.93,,15.0
2018-07-10 14:15,,14.94,2731,14.94,14.92,14.92,,50.0
2018-07-10 14:20,,14.93,2731,14.94,14.93,14.94,,71.0
2018-07-10 14:25,,14.93,2731,14.94,14.93,14.93,,200.0
2018-07-10 14:30,,15.0,2731,15.0,14.93,14.93,,1697.0
2018-07-10 14:35,,15.07,2731,15.15,15.0,15.0,,1028.0
2018-07-10 14:40,,15.05,2731,15.12,15.05,15.07,,219.0
2018-07-10 14:45,,15.08,2731,15.08,15.05,15.05,,56.0
2018-07-10 14:50,,15.09,2731,15.09,15.08,15.08,,20.0
2018-07-10 14:55,,15.04,2731,15.1,15.03,15.09,,100.0
2018-07-10 15:00,,15.02,2731,15.04,15.02,15.04,,164.0
2018-07-11 09:35,,14.75,2731,14.9,14.75,14.87,,278.0
2018-07-11 09:40,,14.78,2731,14.8,14.6,14.75,,678.0
2018-07-11 09:45,,14.79,2731,14.79,14.74,14.78,,32.0
2018-07-11 09:50,,14.8,2731,14.8,14.79,14.79,,68.0
2018-07-11 09:55,,14.85,2731,14.85,14.8,14.8,,102.0
2018-07-11 10:00,,14.83,2731,14.85,14.82,14.85,,68.0
2018-07-11 10:05,,14.85,2731,14.85,14.83,14.83,,65.0
2018-07-11 10:10,,14.84,2731,14.85,14.83,14.85,,112.0
2018-07-11 10:15,,14.85,2731,14.85,14.84,14.84,,75.0
2018-07-11 10:20,,14.85,2731,14.85,14.84,14.85,,24.0
2018-07-11 10:25,,14.82,2731,14.85,14.81,14.85,,57.0
2018-07-11 10:30,,14.84,2731,14.84,14.82,14.82,,85.0
2018-07-11 10:35,,14.85,2731,14.85,14.84,14.84,,63.0
2018-07-11 10:40,,14.88,2731,14.88,14.85,14.85,,53.0
2018-07-11 10:45,,14.9,2731,14.9,14.88,14.88,,47.0
2018-07-11 10:50,,14.85,2731,14.9,14.85,14.9,,70.0
2018-07-11 10:55,,14.89,2731,14.89,14.84,14.85,,13.0
2018-07-11 11:00,,14.9,2731,14.9,14.89,14.89,,18.0
2018-07-11 11:05,,14.83,2731,14.9,14.83,14.9,,37.0
2018-07-11 11:10,,14.85,2731,14.85,14.83,14.83,,11.0
2018-07-11 11:15,,14.85,2731,14.9,14.85,14.85,,74.0
2018-07-11 11:20,,14.9,2731,14.9,14.85,14.85,,24.0
2018-07-11 11:25,,14.91,2731,14.91,14.9,14.9,,15.0
2018-07-11 11:30,,15.08,2731,15.11,14.9,14.91,,1316.0
2018-07-11 13:05,,15.11,2731,15.14,15.08,15.08,,722.0
2018-07-11 13:10,,15.09,2731,15.11,15.08,15.11,,186.0
2018-07-11 13:15,,15.05,2731,15.11,15.05,15.09,,309.0
2018-07-11 13:20,,15.0,2731,15.06,15.0,15.05,,327.0
2018-07-11 13:25,,15.0,2731,15.0,15.0,15.0,,10.0
2018-07-11 13:30,,15.0,2731,15.0,15.0,15.0,,50.0
2018-07-11 13:35,,15.0,2731,15.0,14.99,15.0,,53.0
2018-07-11 13:40,,15.0,2731,15.02,14.99,15.0,,114.0
2018-07-11 13:45,,15.05,2731,15.05,14.98,15.0,,240.0
2018-07-11 13:50,,15.0,2731,15.05,15.0,15.05,,64.0
2018-07-11 13:55,,15.0,2731,15.05,14.98,15.0,,359.0
2018-07-11 14:00,,15.04,2731,15.05,15.0,15.0,,400.0
2018-07-11 14:05,,15.0,2731,15.04,15.0,15.04,,322.0
2018-07-11 14:10,,15.0,2731,15.01,15.0,15.0,,173.0
2018-07-11 14:15,,14.99,2731,15.02,14.99,15.0,,79.0
2018-07-11 14:20,,14.98,2731,14.99,14.95,14.99,,310.0
2018-07-11 14:25,,15.0,2731,15.0,14.95,14.98,,249.0
2018-07-11 14:30,,15.02,2731,15.02,14.94,15.0,,150.0
2018-07-11 14:35,,14.95,2731,15.02,14.93,15.02,,492.0
2018-07-11 14:40,,15.02,2731,15.02,14.95,14.95,,162.0
2018-07-11 14:45,,15.02,2731,15.02,14.99,15.02,,148.0
2018-07-11 14:50,,15.01,2731,15.02,14.99,15.02,,136.0
2018-07-11 14:55,,15.01,2731,15.01,14.99,15.01,,125.0
2018-07-11 15:00,,14.94,2731,15.02,14.94,15.01,,346.0
2018-07-12 09:35,,15.01,2731,15.02,14.95,15.02,,182.0
2018-07-12 09:40,,15.11,2731,15.13,15.01,15.01,,209.0
2018-07-12 09:45,,15.12,2731,15.12,15.07,15.11,,119.0
2018-07-12 09:50,,15.11,2731,15.14,15.1,15.12,,77.0
2018-07-12 09:55,,15.18,2731,15.19,15.11,15.11,,284.0
2018-07-12 10:00,,15.22,2731,15.22,15.14,15.18,,804.0
2018-07-12 10:05,,15.4,2731,15.4,15.22,15.22,,798.0
2018-07-12 10:10,,15.56,2731,15.56,15.36,15.4,,2000.0
2018-07-12 10:15,,15.5,2731,15.68,15.5,15.56,,2040.0
2018-07-12 10:20,,15.45,2731,15.5,15.45,15.5,,190.0
2018-07-12 10:25,,15.37,2731,15.45,15.37,15.45,,290.0
2018-07-12 10:30,,15.39,2731,15.42,15.37,15.37,,124.0
2018-07-12 10:35,,15.4,2731,15.4,15.37,15.39,,53.0
2018-07-12 10:40,,15.39,2731,15.4,15.39,15.4,,77.0
2018-07-12 10:45,,15.37,2731,15.39,15.37,15.39,,90.0
2018-07-12 10:50,,15.4,2731,15.4,15.35,15.37,,63.0
2018-07-12 10:55,,15.36,2731,15.4,15.35,15.4,,86.0
2018-07-12 11:00,,15.36,2731,15.36,15.34,15.36,,93.0
2018-07-12 11:05,,15.39,2731,15.39,15.35,15.36,,168.0
2018-07-12 11:10,,15.36,2731,15.39,15.35,15.39,,155.0
2018-07-12 11:15,,15.39,2731,15.39,15.36,15.36,,96.0
2018-07-12 11:20,,15.5,2731,15.5,15.39,15.39,,171.0
2018-07-12 11:25,,15.42,2731,15.5,15.42,15.5,,757.0
2018-07-12 11:30,,15.49,2731,15.49,15.38,15.42,,276.0
2018-07-12 13:05,,15.55,2731,15.56,15.49,15.49,,411.0
2018-07-12 13:10,,15.55,2731,15.57,15.55,15.55,,1107.0
2018-07-12 13:15,,15.55,2731,15.56,15.55,15.55,,161.0
2018-07-12 13:20,,15.55,2731,15.56,15.49,15.55,,101.0
2018-07-12 13:25,,15.56,2731,15.56,15.55,15.55,,142.0
2018-07-12 13:30,,15.58,2731,15.58,15.52,15.56,,1767.0
2018-07-12 13:35,,15.54,2731,15.6,15.53,15.58,,484.0
2018-07-12 13:40,,15.63,2731,15.63,15.54,15.54,,237.0
2018-07-12 13:45,,15.6,2731,15.63,15.54,15.63,,88.0
2018-07-12 13:50,,15.61,2731,15.61,15.55,15.6,,328.0
2018-07-12 13:55,,15.6,2731,15.61,15.6,15.61,,128.0
2018-07-12 14:00,,15.54,2731,15.6,15.54,15.6,,64.0
2018-07-12 14:05,,15.53,2731,15.54,15.52,15.54,,84.0
2018-07-12 14:10,,15.59,2731,15.6,15.53,15.53,,94.0
2018-07-12 14:15,,15.59,2731,15.59,15.53,15.59,,58.0
2018-07-12 14:20,,15.59,2731,15.59,15.53,15.59,,27.0
2018-07-12 14:25,,15.58,2731,15.59,15.55,15.59,,41.0
2018-07-12 14:30,,15.56,2731,15.58,15.56,15.58,,61.0
2018-07-12 14:35,,15.54,2731,15.58,15.54,15.56,,39.0
2018-07-12 14:40,,15.53,2731,15.55,15.53,15.54,,112.0
2018-07-12 14:45,,15.55,2731,15.55,15.51,15.53,,114.0
2018-07-12 14:50,,15.5,2731,15.57,15.5,15.55,,362.0
2018-07-12 14:55,,15.41,2731,15.5,15.4,15.5,,472.0
2018-07-12 15:00,,15.48,2731,15.48,15.41,15.41,,257.0
2018-07-13 09:35,,15.58,2731,15.58,15.39,15.4,,267.0
2018-07-13 09:40,,15.51,2731,15.58,15.51,15.58,,183.0
2018-07-13 09:45,,15.43,2731,15.51,15.42,15.51,,61.0
2018-07-13 09:50,,15.45,2731,15.46,15.43,15.43,,12.0
2018-07-13 09:55,,15.49,2731,15.49,15.45,15.45,,23.0
2018-07-13 10:00,,15.43,2731,15.49,15.43,15.49,,175.0
2018-07-13 10:05,,15.42,2731,15.45,15.41,15.43,,169.0
2018-07-13 10:10,,15.46,2731,15.48,15.42,15.42,,57.0
2018-07-13 10:15,,15.46,2731,15.48,15.44,15.46,,93.0
2018-07-13 10:20,,15.49,2731,15.49,15.46,15.46,,56.0
2018-07-13 10:25,,15.45,2731,15.49,15.45,15.49,,93.0
2018-07-13 10:30,,15.42,2731,15.48,15.42,15.45,,350.0
2018-07-13 10:35,,15.42,2731,15.43,15.42,15.42,,117.0
2018-07-13 10:40,,15.47,2731,15.47,15.42,15.42,,44.0
2018-07-13 10:45,,15.5,2731,15.5,15.47,15.47,,55.0
2018-07-13 10:50,,15.49,2731,15.5,15.42,15.5,,337.0
2018-07-13 10:55,,15.52,2731,15.52,15.49,15.49,,46.0
2018-07-13 11:00,,15.53,2731,15.55,15.51,15.52,,30.0
2018-07-13 11:05,,15.45,2731,15.55,15.45,15.53,,497.0
2018-07-13 11:10,,15.53,2731,15.53,15.45,15.45,,8.0
2018-07-13 11:15,,15.45,2731,15.53,15.45,15.53,,110.0
2018-07-13 11:20,,15.46,2731,15.55,15.45,15.45,,142.0
2018-07-13 11:25,,15.46,2731,15.46,15.46,15.46,,38.0
2018-07-13 11:30,,15.52,2731,15.52,15.46,15.46,,24.0
2018-07-13 13:05,,15.52,2731,15.52,15.52,15.52,,117.0
2018-07-13 13:10,,15.52,2731,15.52,15.52,15.52,,12.0
2018-07-13 13:15,,15.51,2731,15.52,15.51,15.52,,50.0
2018-07-13 13:20,,15.51,2731,15.51,15.51,15.51,,8.0
2018-07-13 13:25,,15.51,2731,15.51,15.51,15.51,,20.0
2018-07-13 13:30,,15.51,2731,15.51,15.51,15.51,,1.0
2018-07-13 13:35,,15.48,2731,15.51,15.48,15.51,,46.0
2018-07-13 13:40,,15.48,2731,15.48,15.48,15.48,,0.0
2018-07-13 13:45,,15.51,2731,15.51,15.47,15.47,,3.0
2018-07-13 13:50,,15.48,2731,15.51,15.48,15.51,,1370.0
2018-07-13 13:55,,15.52,2731,15.52,15.48,15.48,,2761.0
2018-07-13 14:00,,15.57,2731,15.58,15.52,15.52,,261.0
2018-07-13 14:05,,15.58,2731,15.58,15.54,15.57,,115.0
2018-07-13 14:10,,15.6,2731,15.6,15.56,15.58,,193.0
2018-07-13 14:15,,15.63,2731,15.63,15.6,15.6,,142.0
2018-07-13 14:20,,15.66,2731,15.66,15.63,15.63,,78.0
2018-07-13 14:25,,15.75,2731,15.8,15.66,15.66,,426.0
2018-07-13 14:30,,15.66,2731,15.75,15.65,15.75,,240.0
2018-07-13 14:35,,15.68,2731,15.68,15.63,15.66,,102.0
2018-07-13 14:40,,15.65,2731,15.68,15.64,15.68,,250.0
2018-07-13 14:45,,15.64,2731,15.67,15.63,15.65,,114.0
2018-07-13 14:50,,15.64,2731,15.66,15.63,15.64,,104.0
2018-07-13 14:55,,15.63,2731,15.68,15.62,15.64,,231.0
2018-07-13 15:00,,15.68,2731,15.68,15.62,15.63,,237.0
2018-07-16 09:35,,15.78,2731,15.82,15.68,15.68,,250.0
2018-07-16 09:40,,15.77,2731,15.8,15.71,15.78,,142.0
2018-07-16 09:45,,15.8,2731,15.8,15.73,15.77,,142.0
2018-07-16 09:50,,15.85,2731,15.87,15.8,15.8,,526.0
2018-07-16 09:55,,15.83,2731,15.85,15.83,15.85,,93.0
2018-07-16 10:00,,15.78,2731,15.83,15.75,15.83,,219.0
2018-07-16 10:05,,15.8,2731,15.82,15.78,15.78,,1604.0
2018-07-16 10:10,,15.78,2731,15.82,15.78,15.8,,147.0
2018-07-16 10:15,,15.82,2731,15.82,15.77,15.78,,138.0
2018-07-16 10:20,,15.83,2731,15.84,15.81,15.82,,86.0
2018-07-16 10:25,,15.87,2731,15.9,15.83,15.83,,428.0
2018-07-16 10:30,,15.83,2731,15.9,15.83,15.87,,99.0
2018-07-16 10:35,,15.83,2731,15.88,15.82,15.83,,165.0
2018-07-16 10:40,,15.81,2731,15.87,15.81,15.83,,112.0
2018-07-16 10:45,,15.8,2731,15.86,15.8,15.81,,176.0
2018-07-16 10:50,,15.77,2731,15.8,15.75,15.8,,212.0
2018-07-16 10:55,,15.71,2731,15.77,15.71,15.77,,187.0
2018-07-16 11:00,,15.71,2731,15.75,15.7,15.71,,213.0
2018-07-16 11:05,,15.7,2731,15.75,15.7,15.71,,265.0
2018-07-16 11:10,,15.7,2731,15.7,15.7,15.7,,17.0
2018-07-16 11:15,,15.69,2731,15.73,15.69,15.7,,173.0
2018-07-16 11:20,,15.69,2731,15.69,15.69,15.69,,47.0
2018-07-16 11:25,,15.75,2731,15.75,15.69,15.69,,29.0
2018-07-16 11:30,,15.75,2731,15.75,15.75,15.75,,0.0
2018-07-16 13:05,,15.74,2731,15.75,15.72,15.75,,16.0
2018-07-16 13:10,,15.72,2731,15.74,15.72,15.74,,75.0
2018-07-16 13:15,,15.73,2731,15.74,15.72,15.72,,28.0
2018-07-16 13:20,,15.72,2731,15.74,15.72,15.73,,98.0
2018-07-16 13:25,,15.71,2731,15.75,15.71,15.72,,123.0
2018-07-16 13:30,,15.63,2731,15.71,15.63,15.71,,300.0
2018-07-16 13:35,,15.62,2731,15.63,15.61,15.63,,196.0
2018-07-16 13:40,,15.61,2731,15.62,15.6,15.62,,647.0
2018-07-16 13:45,,15.67,2731,15.67,15.6,15.61,,240.0
2018-07-16 13:50,,15.68,2731,15.68,15.67,15.67,,187.0
2018-07-16 13:55,,15.67,2731,15.68,15.67,15.68,,81.0
2018-07-16 14:00,,15.68,2731,15.68,15.67,15.67,,52.0
2018-07-16 14:05,,15.65,2731,15.7,15.65,15.68,,404.0
2018-07-16 14:10,,15.65,2731,15.66,15.64,15.65,,418.0
2018-07-16 14:15,,15.65,2731,15.65,15.64,15.65,,449.0
2018-07-16 14:20,,15.64,2731,15.65,15.64,15.65,,334.0
2018-07-16 14:25,,15.63,2731,15.65,15.63,15.64,,965.0
2018-07-16 14:30,,15.58,2731,15.63,15.58,15.63,,369.0
2018-07-16 14:35,,15.59,2731,15.59,15.55,15.58,,466.0
2018-07-16 14:40,,15.55,2731,15.59,15.55,15.59,,131.0
2018-07-16 14:45,,15.58,2731,15.58,15.54,15.55,,221.0
2018-07-16 14:50,,15.57,2731,15.58,15.57,15.58,,17.0
2018-07-16 14:55,,15.56,2731,15.58,15.56,15.57,,46.0
2018-07-16 15:00,,15.53,2731,15.56,15.53,15.56,,191.0
2018-07-17 09:35,,15.57,2731,15.58,15.53,15.53,,135.0
2018-07-17 09:40,,15.58,2731,15.6,15.57,15.57,,79.0
2018-07-17 09:45,,15.63,2731,15.65,15.58,15.58,,132.0
2018-07-17 09:50,,15.63,2731,15.65,15.63,15.63,,132.0
2018-07-17 09:55,,15.68,2731,15.68,15.63,15.63,,371.0
2018-07-17 10:00,,15.65,2731,15.69,15.65,15.68,,172.0
2018-07-17 10:05,,15.55,2731,15.65,15.55,15.65,,39.0
2018-07-17 10:10,,15.56,2731,15.64,15.55,15.55,,157.0
2018-07-17 10:15,,15.65,2731,15.65,15.56,15.56,,40.0
2018-07-17 10:20,,15.58,2731,15.65,15.57,15.65,,60.0
2018-07-17 10:25,,15.55,2731,15.62,15.55,15.58,,62.0
2018-07-17 10:30,,15.65,2731,15.65,15.55,15.55,,148.0
2018-07-17 10:35,,15.56,2731,15.65,15.56,15.65,,31.0
2018-07-17 10:40,,15.6,2731,15.6,15.56,15.56,,9.0
2018-07-17 10:45,,15.6,2731,15.6,15.6,15.6,,5.0
2018-07-17 10:50,,15.6,2731,15.6,15.55,15.6,,48.0
2018-07-17 10:55,,15.6,2731,15.6,15.6,15.6,,0.0
2018-07-17 11:00,,15.64,2731,15.64,15.6,15.6,,11.0
2018-07-17 11:05,,15.59,2731,15.64,15.59,15.64,,3.0
2018-07-17 11:10,,15.64,2731,15.64,15.59,15.59,,17.0
2018-07-17 11:15,,15.57,2731,15.64,15.57,15.64,,7.0
2018-07-17 11:20,,15.57,2731,15.57,15.57,15.57,,0.0
2018-07-17 11:25,,15.62,2731,15.62,15.57,15.57,,15.0
2018-07-17 11:30,,15.62,2731,15.62,15.62,15.62,,0.0
2018-07-17 13:05,,15.64,2731,15.64,15.62,15.62,,89.0
2018-07-17 13:10,,15.62,2731,15.64,15.58,15.64,,16.0
2018-07-17 13:15,,15.62,2731,15.62,15.58,15.62,,37.0
2018-07-17 13:20,,15.62,2731,15.62,15.62,15.62,,7.0
2018-07-17 13:25,,15.57,2731,15.62,15.57,15.62,,6.0
2018-07-17 13:30,,15.57,2731,15.6,15.57,15.57,,29.0
2018-07-17 13:35,,15.59,2731,15.6,15.57,15.57,,10.0
2018-07-17 13:40,,15.54,2731,15.59,15.53,15.59,,62.0
2018-07-17 13:45,,15.55,2731,15.55,15.54,15.54,,32.0
2018-07-17 13:50,,15.55,2731,15.55,15.55,15.55,,8.0
2018-07-17 13:55,,15.56,2731,15.56,15.55,15.55,,25.0
2018-07-17 14:00,,15.6,2731,15.6,15.56,15.56,,25.0
2018-07-17 14:05,,15.54,2731,15.6,15.53,15.6,,102.0
2018-07-17 14:10,,15.5,2731,15.54,15.5,15.54,,271.0
2018-07-17 14:15,,15.54,2731,15.54,15.49,15.5,,122.0
2018-07-17 14:20,,15.58,2731,15.58,15.54,15.54,,42.0
2018-07-17 14:25,,15.59,2731,15.6,15.58,15.58,,41.0
2018-07-17 14:30,,15.61,2731,15.61,15.59,15.59,,64.0
2018-07-17 14:35,,15.64,2731,15.64,15.61,15.61,,36.0
2018-07-17 14:40,,15.65,2731,15.65,15.64,15.64,,143.0
2018-07-17 14:45,,15.67,2731,15.68,15.65,15.65,,51.0
2018-07-17 14:50,,15.65,2731,15.67,15.65,15.67,,89.0
2018-07-17 14:55,,15.52,2731,15.65,15.52,15.65,,930.0
2018-07-17 15:00,,15.54,2731,15.59,15.52,15.52,,540.0
2018-07-18 09:35,,15.65,2731,15.66,15.53,15.53,,22.0
2018-07-18 09:40,,15.65,2731,15.65,15.58,15.65,,139.0
2018-07-18 09:45,,15.6,2731,15.65,15.6,15.6,,102.0
2018-07-18 09:50,,15.6,2731,15.6,15.6,15.6,,49.0
2018-07-18 09:55,,15.56,2731,15.6,15.56,15.6,,101.0
2018-07-18 10:00,,15.62,2731,15.62,15.56,15.56,,46.0
2018-07-18 10:05,,15.64,2731,15.64,15.62,15.62,,15.0
2018-07-18 10:10,,15.63,2731,15.64,15.63,15.64,,20.0
2018-07-18 10:15,,15.62,2731,15.65,15.62,15.63,,1135.0
2018-07-18 10:20,,15.58,2731,15.62,15.57,15.62,,598.0
2018-07-18 10:25,,15.59,2731,15.59,15.57,15.58,,15.0
2018-07-18 10:30,,15.55,2731,15.62,15.55,15.59,,173.0
2018-07-18 10:35,,15.56,2731,15.6,15.55,15.55,,4.0
2018-07-18 10:40,,15.6,2731,15.6,15.56,15.56,,18.0
2018-07-18 10:45,,15.6,2731,15.6,15.6,15.6,,34.0
2018-07-18 10:50,,15.6,2731,15.6,15.58,15.6,,37.0
2018-07-18 10:55,,15.56,2731,15.61,15.56,15.6,,41.0
2018-07-18 11:00,,15.56,2731,15.56,15.56,15.56,,5.0
2018-07-18 11:05,,15.6,2731,15.6,15.56,15.56,,2.0
2018-07-18 11:15,,15.56,2731,15.6,15.56,15.6,,8.0
2018-07-18 11:20,,15.56,2731,15.56,15.56,15.56,,25.0
2018-07-18 11:25,,15.57,2731,15.57,15.56,15.56,,17.0
2018-07-18 11:30,,15.57,2731,15.57,15.57,15.57,,17.0
2018-07-18 13:05,,15.6,2731,15.6,15.57,15.57,,52.0
2018-07-18 13:10,,15.6,2731,15.6,15.6,15.6,,19.0
2018-07-18 13:15,,15.59,2731,15.6,15.59,15.6,,6.0
2018-07-18 13:20,,15.6,2731,15.6,15.59,15.59,,19.0
2018-07-18 13:25,,15.58,2731,15.61,15.58,15.6,,461.0
2018-07-18 13:30,,15.62,2731,15.62,15.58,15.58,,293.0
2018-07-18 13:35,,15.6,2731,15.62,15.6,15.62,,19.0
2018-07-18 13:40,,15.58,2731,15.6,15.58,15.6,,48.0
2018-07-18 13:45,,15.58,2731,15.59,15.58,15.58,,28.0
2018-07-18 13:50,,15.59,2731,15.59,15.58,15.58,,154.0
2018-07-18 13:55,,15.57,2731,15.59,15.57,15.59,,38.0
2018-07-18 14:00,,15.57,2731,15.57,15.57,15.57,,31.0
2018-07-18 14:05,,15.56,2731,15.57,15.56,15.57,,7.0
2018-07-18 14:10,,15.55,2731,15.56,15.55,15.56,,46.0
2018-07-18 14:15,,15.57,2731,15.58,15.55,15.55,,414.0
2018-07-18 14:20,,15.58,2731,15.58,15.57,15.57,,101.0
2018-07-18 14:25,,15.58,2731,15.58,15.58,15.58,,5.0
2018-07-18 14:30,,15.57,2731,15.58,15.57,15.58,,7.0
2018-07-18 14:35,,15.56,2731,15.57,15.56,15.57,,58.0
2018-07-18 14:40,,15.56,2731,15.56,15.56,15.56,,13.0
2018-07-18 14:45,,15.57,2731,15.57,15.56,15.56,,15.0
2018-07-18 14:50,,15.56,2731,15.57,15.56,15.57,,47.0
2018-07-18 14:55,,15.57,2731,15.57,15.56,15.56,,46.0
2018-07-18 15:00,,15.6,2731,15.6,15.57,15.57,,219.0
2018-07-19 09:35,,15.62,2731,15.62,15.55,15.55,,42.0
2018-07-19 09:40,,15.55,2731,15.62,15.55,15.62,,213.0
2018-07-19 09:45,,15.62,2731,15.62,15.51,15.55,,271.0
2018-07-19 09:50,,15.66,2731,15.66,15.62,15.62,,26.0
2018-07-19 09:55,,15.58,2731,15.66,15.56,15.66,,136.0
2018-07-19 10:05,,15.58,2731,15.58,15.58,15.58,,17.0
2018-07-19 10:10,,15.57,2731,15.58,15.57,15.58,,10.0
2018-07-19 10:15,,15.57,2731,15.57,15.57,15.57,,7.0
2018-07-19 10:20,,15.58,2731,15.58,15.57,15.57,,12.0
2018-07-19 10:25,,15.57,2731,15.59,15.57,15.58,,22.0
2018-07-19 10:30,,15.57,2731,15.57,15.56,15.57,,99.0
2018-07-19 10:35,,15.57,2731,15.58,15.57,15.57,,22.0
2018-07-19 10:40,,15.59,2731,15.59,15.57,15.57,,9.0
2018-07-19 10:45,,15.59,2731,15.59,15.59,15.59,,1.0
2018-07-19 10:50,,15.6,2731,15.6,15.59,15.59,,11.0
2018-07-19 10:55,,15.6,2731,15.6,15.6,15.6,,4.0
2018-07-19 11:00,,15.59,2731,15.6,15.59,15.6,,15.0
2018-07-19 11:05,,15.58,2731,15.59,15.58,15.59,,26.0
2018-07-19 11:10,,15.53,2731,15.58,15.53,15.58,,87.0
2018-07-19 11:15,,15.55,2731,15.55,15.51,15.53,,396.0
2018-07-19 11:20,,15.52,2731,15.55,15.52,15.55,,20.0
2018-07-19 11:25,,15.53,2731,15.55,15.52,15.52,,49.0
2018-07-19 11:30,,15.52,2731,15.53,15.51,15.53,,113.0
2018-07-19 13:05,,15.5,2731,15.52,15.5,15.52,,1988.0
2018-07-19 13:10,,15.5,2731,15.51,15.5,15.5,,120.0
2018-07-19 13:15,,15.51,2731,15.51,15.5,15.5,,131.0
2018-07-19 13:20,,15.51,2731,15.51,15.51,15.51,,0.0
2018-07-19 13:25,,15.51,2731,15.51,15.51,15.51,,6.0
2018-07-19 13:35,,15.45,2731,15.51,15.42,15.51,,478.0
2018-07-19 13:40,,15.45,2731,15.45,15.41,15.45,,502.0
2018-07-19 13:45,,15.49,2731,15.49,15.41,15.45,,202.0
2018-07-19 13:50,,15.57,2731,15.58,15.49,15.49,,138.0
2018-07-19 13:55,,15.5,2731,15.57,15.5,15.57,,25.0
2018-07-19 14:00,,15.5,2731,15.5,15.5,15.5,,16.0
2018-07-19 14:05,,15.5,2731,15.5,15.5,15.5,,15.0
2018-07-19 14:10,,15.46,2731,15.5,15.46,15.5,,66.0
2018-07-19 14:15,,15.47,2731,15.53,15.46,15.46,,9.0
2018-07-19 14:20,,15.45,2731,15.47,15.45,15.47,,17.0
2018-07-19 14:25,,15.45,2731,15.46,15.43,15.45,,75.0
2018-07-19 14:30,,15.46,2731,15.46,15.43,15.45,,20.0
2018-07-19 14:35,,15.42,2731,15.46,15.42,15.46,,95.0
2018-07-19 14:40,,15.41,2731,15.43,15.41,15.42,,56.0
2018-07-19 14:45,,15.45,2731,15.45,15.41,15.41,,14.0
2018-07-19 14:50,,15.45,2731,15.46,15.43,15.45,,94.0
2018-07-19 14:55,,15.43,2731,15.45,15.42,15.45,,340.0
2018-07-19 15:00,,15.45,2731,15.45,15.43,15.43,,45.0
2018-07-20 09:35,,15.41,2731,15.45,15.37,15.45,,35.0
2018-07-20 09:40,,15.52,2731,15.52,15.41,15.41,,11.0
2018-07-20 09:45,,15.43,2731,15.52,15.43,15.52,,51.0
2018-07-20 09:50,,15.37,2731,15.43,15.37,15.43,,72.0
2018-07-20 09:55,,15.38,2731,15.4,15.37,15.37,,171.0
2018-07-20 10:00,,15.42,2731,15.42,15.38,15.38,,76.0
2018-07-20 10:05,,15.42,2731,15.42,15.42,15.42,,70.0
2018-07-20 10:10,,15.4,2731,15.42,15.4,15.42,,32.0
2018-07-20 10:15,,15.4,2731,15.4,15.4,15.4,,41.0
2018-07-20 10:20,,15.38,2731,15.43,15.38,15.4,,280.0
2018-07-20 10:25,,15.4,2731,15.45,15.38,15.38,,7.0
2018-07-20 10:30,,15.41,2731,15.5,15.4,15.4,,418.0
2018-07-20 10:35,,15.48,2731,15.48,15.41,15.41,,149.0
2018-07-20 10:40,,15.64,2731,15.64,15.48,15.48,,1160.0
2018-07-20 10:45,,15.64,2731,15.66,15.62,15.64,,693.0
2018-07-20 10:50,,15.6,2731,15.63,15.51,15.51,,206.0
2018-07-20 10:55,,15.6,2731,15.6,15.45,15.6,,79.0
2018-07-20 11:00,,15.68,2731,15.68,15.6,15.6,,251.0
2018-07-20 11:05,,15.66,2731,15.68,15.63,15.68,,186.0
2018-07-20 11:10,,15.67,2731,15.67,15.63,15.66,,132.0
2018-07-20 11:15,,15.67,2731,15.68,15.67,15.67,,123.0
2018-07-20 11:20,,15.67,2731,15.67,15.67,15.67,,5.0
2018-07-20 11:25,,15.67,2731,15.67,15.67,15.67,,4.0
2018-07-20 11:30,,15.67,2731,15.67,15.67,15.67,,0.0
2018-07-20 13:05,,15.65,2731,15.67,15.64,15.67,,35.0
2018-07-20 13:10,,15.68,2731,15.68,15.65,15.65,,94.0
2018-07-20 13:15,,15.68,2731,15.69,15.68,15.68,,293.0
2018-07-20 13:20,,15.8,2731,15.8,15.68,15.68,,516.0
2018-07-20 13:25,,15.75,2731,15.8,15.75,15.8,,1040.0
2018-07-20 13:30,,15.87,2731,15.87,15.75,15.75,,801.0
2018-07-20 13:35,,15.83,2731,15.87,15.62,15.87,,779.0
2018-07-20 13:40,,15.51,2731,15.83,15.51,15.83,,1091.0
2018-07-20 13:45,,15.77,2731,15.77,15.51,15.51,,123.0
2018-07-20 13:50,,15.77,2731,15.78,15.67,15.77,,471.0
2018-07-20 13:55,,15.77,2731,15.78,15.77,15.77,,120.0
2018-07-20 14:00,,15.76,2731,15.78,15.76,15.77,,72.0
2018-07-20 14:05,,15.76,2731,15.77,15.75,15.76,,112.0
2018-07-20 14:10,,15.75,2731,15.76,15.75,15.76,,14.0
2018-07-20 14:15,,15.83,2731,15.84,15.75,15.75,,227.0
2018-07-20 14:20,,15.79,2731,15.83,15.79,15.83,,234.0
2018-07-20 14:25,,15.78,2731,15.8,15.78,15.79,,201.0
2018-07-20 14:30,,15.8,2731,15.8,15.76,15.78,,271.0
2018-07-20 14:35,,15.82,2731,15.82,15.8,15.8,,216.0
2018-07-20 14:40,,15.87,2731,15.87,15.82,15.82,,842.0
2018-07-20 14:45,,15.86,2731,15.88,15.86,15.87,,327.0
2018-07-20 14:50,,15.84,2731,15.86,15.82,15.86,,115.0
2018-07-20 14:55,,15.87,2731,15.87,15.84,15.84,,327.0
2018-07-20 15:00,,15.83,2731,15.87,15.8,15.87,,247.0
2018-07-23 09:35,,15.83,2731,15.96,15.6,15.86,,90.0
2018-07-23 09:40,,15.82,2731,15.83,15.75,15.83,,113.0
2018-07-23 09:45,,15.78,2731,15.82,15.74,15.82,,130.0
2018-07-23 09:50,,15.75,2731,15.78,15.75,15.78,,21.0
2018-07-23 09:55,,15.78,2731,15.78,15.74,15.75,,47.0
2018-07-23 10:00,,15.76,2731,15.79,15.75,15.78,,113.0
2018-07-23 10:05,,15.7,2731,15.76,15.7,15.76,,622.0
2018-07-23 10:10,,15.68,2731,15.7,15.63,15.7,,125.0
2018-07-23 10:15,,15.71,2731,15.74,15.68,15.68,,109.0
2018-07-23 10:20,,15.71,2731,15.72,15.71,15.71,,43.0
2018-07-23 10:25,,15.72,2731,15.72,15.7,15.71,,73.0
2018-07-23 10:30,,15.72,2731,15.72,15.7,15.72,,18.0
2018-07-23 10:35,,15.76,2731,15.8,15.72,15.72,,172.0
2018-07-23 10:40,,15.74,2731,15.76,15.74,15.76,,9.0
2018-07-23 10:45,,15.73,2731,15.74,15.73,15.74,,28.0
2018-07-23 10:50,,15.73,2731,15.73,15.73,15.73,,151.0
2018-07-23 10:55,,15.72,2731,15.73,15.72,15.73,,19.0
2018-07-23 11:00,,15.73,2731,15.73,15.72,15.72,,72.0
2018-07-23 11:05,,15.74,2731,15.75,15.73,15.73,,30.0
2018-07-23 11:10,,15.75,2731,15.75,15.74,15.74,,20.0
2018-07-23 11:15,,15.75,2731,15.75,15.75,15.75,,7.0
2018-07-23 11:20,,15.74,2731,15.75,15.73,15.75,,164.0
2018-07-23 11:25,,15.76,2731,15.76,15.74,15.74,,179.0
2018-07-23 11:30,,15.77,2731,15.77,15.76,15.76,,35.0
2018-07-23 13:05,,15.75,2731,15.77,15.75,15.77,,204.0
2018-07-23 13:10,,15.76,2731,15.78,15.73,15.75,,219.0
2018-07-23 13:15,,15.77,2731,15.77,15.76,15.77,,175.0
2018-07-23 13:20,,15.79,2731,15.79,15.77,15.77,,624.0
2018-07-23 13:25,,15.79,2731,15.8,15.77,15.79,,333.0
2018-07-23 13:30,,15.77,2731,15.79,15.77,15.79,,224.0
2018-07-23 13:35,,15.74,2731,15.78,15.74,15.77,,87.0
2018-07-23 13:40,,15.75,2731,15.75,15.74,15.74,,65.0
2018-07-23 13:45,,15.75,2731,15.75,15.72,15.75,,99.0
2018-07-23 13:50,,15.75,2731,15.75,15.73,15.75,,157.0
2018-07-23 13:55,,15.71,2731,15.75,15.71,15.75,,265.0
2018-07-23 14:00,,15.69,2731,15.72,15.68,15.71,,645.0
2018-07-23 14:05,,15.71,2731,15.73,15.69,15.69,,221.0
2018-07-23 14:10,,15.74,2731,15.74,15.69,15.71,,452.0
2018-07-23 14:15,,15.76,2731,15.76,15.74,15.74,,412.0
2018-07-23 14:20,,15.77,2731,15.77,15.76,15.76,,149.0
2018-07-23 14:25,,15.77,2731,15.78,15.77,15.77,,162.0
2018-07-23 14:30,,15.79,2731,15.79,15.77,15.77,,58.0
2018-07-23 14:35,,15.78,2731,15.79,15.78,15.79,,103.0
2018-07-23 14:40,,15.78,2731,15.79,15.75,15.78,,413.0
2018-07-23 14:45,,15.78,2731,15.79,15.75,15.78,,439.0
2018-07-23 14:50,,15.8,2731,15.8,15.75,15.78,,373.0
2018-07-23 14:55,,15.81,2731,15.81,15.79,15.8,,107.0
2018-07-23 15:00,,15.83,2731,15.83,15.81,15.81,,494.0
2018-07-24 09:35,,15.79,2731,15.8,15.7,15.7,,92.0
2018-07-24 09:40,,15.78,2731,15.79,15.76,15.79,,34.0
2018-07-24 09:45,,15.7,2731,15.78,15.7,15.78,,360.0
2018-07-24 09:50,,15.8,2731,15.8,15.7,15.7,,580.0
2018-07-24 09:55,,15.78,2731,15.8,15.78,15.8,,9.0
2018-07-24 10:00,,15.8,2731,15.8,15.76,15.78,,100.0
2018-07-24 10:05,,15.85,2731,15.85,15.8,15.8,,98.0
2018-07-24 10:10,,15.86,2731,15.86,15.83,15.85,,226.0
2018-07-24 10:15,,15.85,2731,15.86,15.83,15.86,,82.0
2018-07-24 10:20,,15.87,2731,15.87,15.85,15.85,,301.0
2018-07-24 10:25,,15.87,2731,15.87,15.87,15.87,,96.0
2018-07-24 10:30,,15.91,2731,15.91,15.87,15.87,,248.0
2018-07-24 10:35,,15.96,2731,15.96,15.9,15.91,,376.0
2018-07-24 10:40,,15.89,2731,15.97,15.89,15.96,,499.0
2018-07-24 10:45,,15.98,2731,15.98,15.89,15.89,,1029.0
2018-07-24 10:50,,15.94,2731,15.98,15.94,15.98,,78.0
2018-07-24 10:55,,15.9,2731,15.94,15.9,15.94,,68.0
2018-07-24 11:00,,15.9,2731,15.9,15.9,15.9,,66.0
2018-07-24 11:05,,15.9,2731,15.9,15.9,15.9,,39.0
2018-07-24 11:10,,15.91,2731,15.92,15.89,15.9,,27.0
2018-07-24 11:15,,15.93,2731,15.94,15.91,15.91,,37.0
2018-07-24 11:20,,15.91,2731,15.93,15.91,15.93,,6.0
2018-07-24 11:25,,15.92,2731,15.92,15.91,15.91,,51.0
2018-07-24 11:30,,15.94,2731,15.94,15.9,15.92,,23.0
2018-07-24 13:05,,15.95,2731,15.97,15.94,15.94,,131.0
2018-07-24 13:10,,15.91,2731,15.95,15.91,15.95,,14.0
2018-07-24 13:15,,15.91,2731,15.91,15.91,15.91,,150.0
2018-07-24 13:20,,15.89,2731,15.91,15.88,15.91,,95.0
2018-07-24 13:25,,15.9,2731,15.92,15.88,15.89,,161.0
2018-07-24 13:30,,15.89,2731,15.9,15.89,15.9,,16.0
2018-07-24 13:35,,15.88,2731,15.9,15.88,15.89,,97.0
2018-07-24 13:40,,15.88,2731,15.88,15.87,15.88,,61.0
2018-07-24 13:45,,15.85,2731,15.88,15.85,15.88,,160.0
2018-07-24 13:50,,15.84,2731,15.85,15.83,15.85,,54.0
2018-07-24 13:55,,15.85,2731,15.85,15.84,15.84,,61.0
2018-07-24 14:00,,15.86,2731,15.86,15.85,15.85,,71.0
2018-07-24 14:05,,15.86,2731,15.86,15.86,15.86,,113.0
2018-07-24 14:10,,15.86,2731,15.86,15.85,15.86,,40.0
2018-07-24 14:15,,15.85,2731,15.86,15.85,15.86,,209.0
2018-07-24 14:20,,15.89,2731,15.89,15.85,15.85,,116.0
2018-07-24 14:25,,15.89,2731,15.89,15.89,15.89,,10.0
2018-07-24 14:30,,15.89,2731,15.89,15.89,15.89,,50.0
2018-07-24 14:35,,15.88,2731,15.89,15.86,15.89,,87.0
2018-07-24 14:40,,15.87,2731,15.88,15.87,15.88,,79.0
2018-07-24 14:45,,15.89,2731,15.89,15.87,15.87,,25.0
2018-07-24 14:50,,15.89,2731,15.9,15.89,15.89,,40.0
2018-07-24 14:55,,15.9,2731,15.9,15.88,15.89,,215.0
2018-07-24 15:00,,15.86,2731,15.9,15.86,15.9,,119.0
2018-07-25 09:35,,15.83,2731,15.87,15.79,15.81,,383.0
2018-07-25 09:40,,15.88,2731,15.89,15.81,15.83,,137.0
2018-07-25 09:45,,15.89,2731,15.89,15.84,15.88,,41.0
2018-07-25 09:50,,15.9,2731,15.9,15.87,15.89,,72.0
2018-07-25 09:55,,15.9,2731,15.92,15.9,15.9,,44.0
2018-07-25 10:00,,15.87,2731,15.9,15.87,15.9,,42.0
2018-07-25 10:05,,15.8,2731,15.88,15.8,15.87,,82.0
2018-07-25 10:10,,15.8,2731,15.81,15.75,15.8,,198.0
2018-07-25 10:15,,15.8,2731,15.85,15.8,15.8,,106.0
2018-07-25 10:20,,15.85,2731,15.85,15.8,15.8,,66.0
2018-07-25 10:25,,15.8,2731,15.85,15.79,15.85,,35.0
2018-07-25 10:30,,15.8,2731,15.8,15.8,15.8,,10.0
2018-07-25 10:35,,15.8,2731,15.83,15.8,15.8,,55.0
2018-07-25 10:40,,15.84,2731,15.84,15.8,15.8,,30.0
2018-07-25 10:45,,15.85,2731,15.85,15.84,15.84,,14.0
2018-07-25 10:50,,15.85,2731,15.85,15.85,15.85,,6.0
2018-07-25 10:55,,15.84,2731,15.85,15.84,15.85,,7.0
2018-07-25 11:00,,15.84,2731,15.84,15.84,15.84,,5.0
2018-07-25 11:05,,15.84,2731,15.84,15.84,15.84,,1.0
2018-07-25 11:10,,15.86,2731,15.86,15.84,15.84,,41.0
2018-07-25 11:15,,15.86,2731,15.86,15.86,15.86,,2.0
2018-07-25 11:25,,15.86,2731,15.86,15.85,15.86,,26.0
2018-07-25 11:30,,15.84,2731,15.86,15.84,15.86,,33.0
2018-07-25 13:05,,15.8,2731,15.84,15.8,15.84,,426.0
2018-07-25 13:10,,15.83,2731,15.83,15.8,15.8,,2.0
2018-07-25 13:15,,15.8,2731,15.83,15.8,15.83,,32.0
2018-07-25 13:20,,15.8,2731,15.8,15.8,15.8,,17.0
2018-07-25 13:25,,15.83,2731,15.83,15.8,15.8,,15.0
2018-07-25 13:30,,15.84,2731,15.84,15.83,15.83,,73.0
2018-07-25 13:35,,15.84,2731,15.84,15.84,15.84,,12.0
2018-07-25 13:40,,15.83,2731,15.85,15.83,15.84,,17.0
2018-07-25 13:45,,15.83,2731,15.83,15.83,15.83,,40.0
2018-07-25 13:50,,15.82,2731,15.86,15.82,15.83,,180.0
2018-07-25 13:55,,15.85,2731,15.85,15.82,15.82,,29.0
2018-07-25 14:05,,15.82,2731,15.84,15.82,15.84,,22.0
2018-07-25 14:10,,15.84,2731,15.84,15.82,15.82,,48.0
2018-07-25 14:15,,15.8,2731,15.84,15.8,15.84,,182.0
2018-07-25 14:20,,15.83,2731,15.83,15.8,15.8,,316.0
2018-07-25 14:25,,15.85,2731,15.86,15.83,15.83,,147.0
2018-07-25 14:30,,15.86,2731,15.86,15.85,15.85,,45.0
2018-07-25 14:35,,15.86,2731,15.87,15.86,15.86,,64.0
2018-07-25 14:40,,15.84,2731,15.86,15.84,15.86,,9.0
2018-07-25 14:45,,15.86,2731,15.87,15.83,15.84,,98.0
2018-07-25 14:50,,15.85,2731,15.86,15.84,15.86,,47.0
2018-07-25 14:55,,15.87,2731,15.87,15.84,15.85,,283.0
2018-07-25 15:00,,15.9,2731,15.9,15.87,15.87,,300.0
2018-07-26 09:35,,15.88,2731,15.92,15.86,15.86,,55.0
2018-07-26 09:40,,15.89,2731,15.9,15.88,15.88,,76.0
2018-07-26 09:45,,15.88,2731,15.89,15.88,15.89,,22.0
2018-07-26 09:50,,15.85,2731,15.89,15.85,15.88,,81.0
2018-07-26 09:55,,15.81,2731,15.85,15.81,15.85,,73.0
2018-07-26 10:00,,15.84,2731,15.84,15.8,15.81,,100.0
2018-07-26 10:05,,15.84,2731,15.85,15.84,15.84,,22.0
2018-07-26 10:10,,15.87,2731,15.87,15.84,15.84,,78.0
2018-07-26 10:15,,15.81,2731,15.87,15.8,15.87,,79.0
2018-07-26 10:20,,15.83,2731,15.83,15.8,15.81,,38.0
2018-07-26 10:25,,15.83,2731,15.83,15.8,15.83,,237.0
2018-07-26 10:30,,15.81,2731,15.83,15.81,15.83,,657.0
2018-07-26 10:35,,15.81,2731,15.82,15.81,15.81,,84.0
2018-07-26 10:40,,15.8,2731,15.81,15.8,15.81,,175.0
2018-07-26 10:45,,15.81,2731,15.81,15.79,15.8,,183.0
2018-07-26 10:50,,15.76,2731,15.81,15.76,15.81,,130.0
2018-07-26 10:55,,15.76,2731,15.77,15.75,15.76,,71.0
2018-07-26 11:00,,15.76,2731,15.8,15.75,15.76,,335.0
2018-07-26 11:05,,15.77,2731,15.77,15.76,15.76,,73.0
2018-07-26 11:10,,15.75,2731,15.77,15.74,15.77,,309.0
2018-07-26 11:15,,15.75,2731,15.75,15.73,15.75,,80.0
2018-07-26 11:20,,15.73,2731,15.75,15.73,15.75,,55.0
2018-07-26 11:25,,15.71,2731,15.73,15.71,15.73,,173.0
2018-07-26 11:30,,15.68,2731,15.71,15.68,15.71,,150.0
2018-07-26 13:05,,15.7,2731,15.74,15.68,15.68,,175.0
2018-07-26 13:10,,15.68,2731,15.7,15.68,15.7,,20.0
2018-07-26 13:15,,15.7,2731,15.7,15.68,15.68,,156.0
2018-07-26 13:20,,15.7,2731,15.7,15.7,15.7,,0.0
2018-07-26 13:25,,15.7,2731,15.71,15.7,15.7,,104.0
2018-07-26 13:30,,15.74,2731,15.74,15.7,15.7,,102.0
2018-07-26 13:35,,15.78,2731,15.79,15.72,15.74,,65.0
2018-07-26 13:40,,15.7,2731,15.78,15.7,15.78,,155.0
2018-07-26 13:45,,15.75,2731,15.75,15.69,15.7,,2669.0
2018-07-26 13:50,,15.75,2731,15.75,15.74,15.75,,145.0
2018-07-26 13:55,,15.71,2731,15.75,15.71,15.75,,372.0
2018-07-26 14:00,,15.79,2731,15.79,15.71,15.71,,199.0
2018-07-26 14:05,,15.73,2731,15.79,15.72,15.79,,170.0
2018-07-26 14:10,,15.73,2731,15.73,15.73,15.73,,6.0
2018-07-26 14:15,,15.71,2731,15.77,15.71,15.73,,54.0
2018-07-26 14:20,,15.71,2731,15.71,15.71,15.71,,151.0
2018-07-26 14:25,,15.67,2731,15.71,15.66,15.71,,279.0
2018-07-26 14:30,,15.69,2731,15.69,15.67,15.67,,59.0
2018-07-26 14:35,,15.63,2731,15.69,15.61,15.69,,326.0
2018-07-26 14:40,,15.66,2731,15.66,15.61,15.63,,263.0
2018-07-26 14:45,,15.71,2731,15.71,15.63,15.66,,80.0
2018-07-26 14:50,,15.67,2731,15.71,15.67,15.71,,156.0
2018-07-26 14:55,,15.68,2731,15.7,15.67,15.67,,96.0
2018-07-26 15:00,,15.78,2731,15.78,15.68,15.68,,273.0
2018-07-27 09:35,,15.7,2731,15.72,15.68,15.7,,262.0
2018-07-27 09:40,,15.78,2731,15.78,15.69,15.7,,94.0
2018-07-27 09:45,,15.76,2731,15.78,15.76,15.78,,17.0
2018-07-27 09:50,,15.75,2731,15.76,15.75,15.76,,85.0
2018-07-27 09:55,,15.7,2731,15.77,15.69,15.75,,57.0
2018-07-27 10:00,,15.72,2731,15.77,15.7,15.7,,39.0
2018-07-27 10:05,,15.72,2731,15.73,15.72,15.72,,64.0
2018-07-27 10:10,,15.69,2731,15.72,15.68,15.72,,26.0
2018-07-27 10:15,,15.7,2731,15.7,15.68,15.69,,29.0
2018-07-27 10:20,,15.67,2731,15.72,15.67,15.7,,132.0
2018-07-27 10:25,,15.66,2731,15.68,15.63,15.67,,173.0
2018-07-27 10:30,,15.67,2731,15.67,15.66,15.66,,2.0
2018-07-27 10:35,,15.7,2731,15.7,15.6,15.67,,416.0
2018-07-27 10:40,,15.61,2731,15.7,15.61,15.7,,58.0
2018-07-27 10:45,,15.68,2731,15.68,15.6,15.61,,66.0
2018-07-27 10:50,,15.63,2731,15.68,15.63,15.68,,23.0
2018-07-27 10:55,,15.63,2731,15.63,15.63,15.63,,115.0
2018-07-27 11:00,,15.62,2731,15.63,15.62,15.63,,106.0
2018-07-27 11:05,,15.63,2731,15.64,15.62,15.62,,46.0
2018-07-27 11:10,,15.68,2731,15.68,15.62,15.63,,145.0
2018-07-27 11:15,,15.63,2731,15.68,15.63,15.68,,774.0
2018-07-27 11:20,,15.63,2731,15.63,15.63,15.63,,602.0
2018-07-27 11:25,,15.63,2731,15.64,15.63,15.63,,551.0
2018-07-27 11:30,,15.63,2731,15.63,15.63,15.63,,521.0
2018-07-27 13:05,,15.64,2731,15.64,15.63,15.63,,2.0
2018-07-27 13:10,,15.64,2731,15.64,15.64,15.64,,8.0
2018-07-27 13:15,,15.64,2731,15.64,15.63,15.64,,43.0
2018-07-27 13:20,,15.68,2731,15.68,15.64,15.64,,12.0
2018-07-27 13:25,,15.67,2731,15.68,15.67,15.68,,5.0
2018-07-27 13:30,,15.67,2731,15.67,15.67,15.67,,58.0
2018-07-27 13:35,,15.64,2731,15.67,15.64,15.67,,36.0
2018-07-27 13:40,,15.63,2731,15.64,15.63,15.64,,618.0
2018-07-27 13:45,,15.63,2731,15.63,15.63,15.63,,98.0
2018-07-27 13:50,,15.64,2731,15.64,15.63,15.63,,6.0
2018-07-27 13:55,,15.64,2731,15.64,15.64,15.64,,29.0
2018-07-27 14:00,,15.63,2731,15.64,15.63,15.64,,12.0
2018-07-27 14:05,,15.64,2731,15.64,15.63,15.63,,21.0
2018-07-27 14:10,,15.64,2731,15.64,15.64,15.64,,20.0
2018-07-27 14:15,,15.64,2731,15.64,15.62,15.64,,184.0
2018-07-27 14:20,,15.63,2731,15.64,15.63,15.64,,124.0
2018-07-27 14:25,,15.63,2731,15.64,15.63,15.63,,77.0
2018-07-27 14:30,,15.6,2731,15.64,15.6,15.63,,222.0
2018-07-27 14:35,,15.56,2731,15.6,15.56,15.6,,147.0
2018-07-27 14:40,,15.59,2731,15.59,15.56,15.56,,21.0
2018-07-27 14:45,,15.55,2731,15.59,15.55,15.59,,203.0
2018-07-27 14:50,,15.57,2731,15.57,15.55,15.55,,102.0
2018-07-27 14:55,,15.58,2731,15.58,15.55,15.57,,10.0
2018-07-27 15:00,,15.61,2731,15.61,15.58,15.58,,268.0
2018-07-30 09:35,,15.62,2731,15.71,15.61,15.61,,144.0
2018-07-30 09:40,,15.59,2731,15.64,15.56,15.62,,172.0
2018-07-30 09:45,,15.56,2731,15.59,15.55,15.59,,156.0
2018-07-30 09:50,,15.69,2731,15.71,15.56,15.56,,524.0
2018-07-30 09:55,,15.67,2731,15.7,15.67,15.69,,17.0
2018-07-30 10:00,,15.71,2731,15.71,15.67,15.67,,9.0
2018-07-30 10:05,,15.7,2731,15.71,15.68,15.71,,61.0
2018-07-30 10:10,,15.7,2731,15.7,15.7,15.7,,68.0
2018-07-30 10:15,,15.74,2731,15.74,15.69,15.7,,191.0
2018-07-30 10:20,,15.74,2731,15.74,15.74,15.74,,5.0
2018-07-30 10:25,,15.75,2731,15.77,15.72,15.74,,38.0
2018-07-30 10:30,,15.72,2731,15.75,15.72,15.75,,41.0
2018-07-30 10:35,,15.7,2731,15.72,15.69,15.72,,114.0
2018-07-30 10:40,,15.7,2731,15.7,15.69,15.7,,137.0
2018-07-30 10:45,,15.7,2731,15.7,15.69,15.7,,76.0
2018-07-30 10:50,,15.61,2731,15.7,15.6,15.7,,106.0
2018-07-30 10:55,,15.61,2731,15.61,15.61,15.61,,96.0
2018-07-30 11:00,,15.6,2731,15.61,15.6,15.61,,40.0
2018-07-30 11:05,,15.6,2731,15.6,15.58,15.6,,101.0
2018-07-30 11:10,,15.61,2731,15.61,15.6,15.6,,19.0
2018-07-30 11:15,,15.61,2731,15.61,15.6,15.61,,85.0
2018-07-30 11:20,,15.6,2731,15.61,15.58,15.61,,186.0
2018-07-30 11:25,,15.58,2731,15.61,15.58,15.6,,128.0
2018-07-30 11:30,,15.6,2731,15.6,15.58,15.58,,106.0
2018-07-30 13:05,,15.6,2731,15.65,15.6,15.6,,94.0
2018-07-30 13:10,,15.6,2731,15.6,15.6,15.6,,14.0
2018-07-30 13:20,,15.61,2731,15.61,15.6,15.6,,4.0
2018-07-30 13:25,,15.61,2731,15.61,15.61,15.61,,45.0
2018-07-30 13:30,,15.61,2731,15.61,15.61,15.61,,13.0
2018-07-30 13:35,,15.61,2731,15.61,15.61,15.61,,43.0
2018-07-30 13:40,,15.55,2731,15.6,15.55,15.6,,330.0
2018-07-30 13:45,,15.55,2731,15.6,15.55,15.55,,1147.0
2018-07-30 13:50,,15.57,2731,15.57,15.55,15.55,,106.0
2018-07-30 13:55,,15.55,2731,15.57,15.55,15.57,,81.0
2018-07-30 14:00,,15.54,2731,15.55,15.54,15.55,,341.0
2018-07-30 14:05,,15.53,2731,15.55,15.53,15.54,,380.0
2018-07-30 14:10,,15.55,2731,15.58,15.53,15.53,,378.0
2018-07-30 14:15,,15.53,2731,15.55,15.53,15.55,,492.0
2018-07-30 14:20,,15.54,2731,15.54,15.53,15.53,,27.0
2018-07-30 14:25,,15.54,2731,15.55,15.54,15.54,,14.0
2018-07-30 14:30,,15.55,2731,15.55,15.54,15.54,,5.0
2018-07-30 14:35,,15.55,2731,15.55,15.55,15.55,,11.0
2018-07-30 14:40,,15.55,2731,15.55,15.54,15.55,,97.0
2018-07-30 14:45,,15.71,2731,15.71,15.54,15.55,,320.0
2018-07-30 14:50,,15.68,2731,15.71,15.68,15.71,,108.0
2018-07-30 14:55,,15.71,2731,15.71,15.68,15.68,,17.0
2018-07-30 15:00,,15.54,2731,15.71,15.54,15.71,,-433.0
2018-07-31 09:35,,15.83,2731,15.94,15.7,15.9,,3138.0
2018-07-31 09:40,,15.84,2731,15.86,15.83,15.83,,378.0
2018-07-31 09:45,,15.78,2731,15.88,15.78,15.84,,711.0
2018-07-31 09:50,,15.79,2731,15.8,15.78,15.78,,71.0
2018-07-31 09:55,,15.7,2731,15.79,15.7,15.79,,625.0
2018-07-31 10:00,,15.71,2731,15.78,15.7,15.7,,116.0
2018-07-31 10:05,,15.68,2731,15.74,15.68,15.71,,164.0
2018-07-31 10:10,,15.74,2731,15.74,15.68,15.68,,1682.0
2018-07-31 10:15,,15.7,2731,15.74,15.7,15.74,,275.0
2018-07-31 10:20,,15.7,2731,15.7,15.7,15.7,,55.0
2018-07-31 10:25,,15.68,2731,15.71,15.68,15.7,,53.0
2018-07-31 10:30,,15.68,2731,15.68,15.68,15.68,,9.0
2018-07-31 10:35,,15.68,2731,15.7,15.68,15.68,,19.0
2018-07-31 10:45,,15.72,2731,15.73,15.7,15.71,,14.0
2018-07-31 10:50,,15.71,2731,15.72,15.71,15.72,,37.0
2018-07-31 10:55,,15.7,2731,15.71,15.7,15.71,,52.0
2018-07-31 11:00,,15.71,2731,15.79,15.7,15.7,,35.0
2018-07-31 11:05,,15.72,2731,15.72,15.71,15.71,,3.0
2018-07-31 11:10,,15.77,2731,15.77,15.72,15.72,,11.0
2018-07-31 11:15,,15.76,2731,15.77,15.7,15.77,,164.0
2018-07-31 11:20,,15.76,2731,15.76,15.76,15.76,,0.0
2018-07-31 11:25,,15.68,2731,15.76,15.68,15.76,,20.0
2018-07-31 11:30,,15.68,2731,15.68,15.68,15.68,,100.0
2018-07-31 13:05,,15.67,2731,15.68,15.67,15.68,,24.0
2018-07-31 13:10,,15.67,2731,15.67,15.67,15.67,,10.0
2018-07-31 13:20,,15.68,2731,15.71,15.66,15.67,,115.0
2018-07-31 13:25,,15.62,2731,15.68,15.6,15.68,,268.0
2018-07-31 13:30,,15.6,2731,15.62,15.58,15.62,,60.0
2018-07-31 13:35,,15.67,2731,15.67,15.6,15.6,,8.0
2018-07-31 13:40,,15.72,2731,15.73,15.67,15.67,,25.0
2018-07-31 13:45,,15.68,2731,15.72,15.67,15.72,,65.0
2018-07-31 13:50,,15.65,2731,15.7,15.62,15.68,,448.0
2018-07-31 13:55,,15.65,2731,15.7,15.65,15.65,,25.0
2018-07-31 14:00,,15.62,2731,15.65,15.61,15.65,,300.0
2018-07-31 14:05,,15.62,2731,15.62,15.61,15.62,,71.0
2018-07-31 14:10,,15.67,2731,15.67,15.62,15.62,,52.0
2018-07-31 14:15,,15.63,2731,15.67,15.62,15.67,,70.0
2018-07-31 14:20,,15.68,2731,15.68,15.63,15.63,,17.0
2018-07-31 14:25,,15.67,2731,15.68,15.64,15.68,,7.0
2018-07-31 14:30,,15.64,2731,15.67,15.64,15.67,,84.0
2018-07-31 14:35,,15.62,2731,15.65,15.62,15.64,,222.0
2018-07-31 14:40,,15.63,2731,15.64,15.62,15.62,,31.0
2018-07-31 14:45,,15.64,2731,15.64,15.63,15.63,,9.0
2018-07-31 14:50,,15.68,2731,15.68,15.64,15.64,,160.0
2018-07-31 14:55,,15.7,2731,15.7,15.67,15.68,,68.0
2018-07-31 15:00,,15.83,2731,15.83,15.7,15.7,,206.0
2018-08-01 09:35,,15.77,2731,15.8,15.66,15.8,,342.0
2018-08-01 09:40,,15.6,2731,15.77,15.6,15.77,,240.0
2018-08-01 09:45,,15.65,2731,15.65,15.55,15.6,,386.0
2018-08-01 09:50,,15.64,2731,15.7,15.64,15.65,,76.0
2018-08-01 09:55,,15.71,2731,15.71,15.64,15.64,,77.0
2018-08-01 10:00,,15.71,2731,15.71,15.65,15.71,,38.0
2018-08-01 10:05,,15.69,2731,15.71,15.69,15.71,,19.0
2018-08-01 10:10,,15.64,2731,15.69,15.64,15.69,,8.0
2018-08-01 10:15,,15.62,2731,15.64,15.62,15.64,,97.0
2018-08-01 10:20,,15.66,2731,15.66,15.62,15.62,,129.0
2018-08-01 10:25,,15.65,2731,15.66,15.65,15.66,,12.0
2018-08-01 10:30,,15.66,2731,15.66,15.62,15.65,,51.0
2018-08-01 10:35,,15.63,2731,15.66,15.6,15.66,,138.0
2018-08-01 10:40,,15.6,2731,15.63,15.58,15.63,,170.0
2018-08-01 10:45,,15.6,2731,15.6,15.6,15.6,,27.0
2018-08-01 10:50,,15.6,2731,15.6,15.59,15.6,,74.0
2018-08-01 10:55,,15.56,2731,15.6,15.55,15.6,,349.0
2018-08-01 11:00,,15.53,2731,15.59,15.53,15.56,,504.0
2018-08-01 11:05,,15.54,2731,15.54,15.53,15.53,,44.0
2018-08-01 11:10,,15.6,2731,15.6,15.54,15.54,,192.0
2018-08-01 11:15,,15.6,2731,15.6,15.59,15.6,,52.0
2018-08-01 11:20,,15.53,2731,15.6,15.53,15.6,,94.0
2018-08-01 11:25,,15.55,2731,15.55,15.53,15.53,,12.0
2018-08-01 11:30,,15.53,2731,15.55,15.53,15.55,,59.0
2018-08-01 13:05,,15.54,2731,15.54,15.53,15.53,,15.0
2018-08-01 13:10,,15.6,2731,15.6,15.54,15.54,,39.0
2018-08-01 13:15,,15.6,2731,15.6,15.6,15.6,,80.0
2018-08-01 13:20,,15.6,2731,15.6,15.6,15.6,,8.0
2018-08-01 13:25,,15.6,2731,15.6,15.6,15.6,,2.0
2018-08-01 13:35,,15.56,2731,15.6,15.56,15.6,,2.0
2018-08-01 13:40,,15.55,2731,15.61,15.55,15.56,,73.0
2018-08-01 13:45,,15.55,2731,15.55,15.54,15.55,,30.0
2018-08-01 13:50,,15.61,2731,15.63,15.55,15.55,,42.0
2018-08-01 13:55,,15.61,2731,15.61,15.61,15.61,,10.0
2018-08-01 14:00,,15.61,2731,15.61,15.61,15.61,,1.0
2018-08-01 14:05,,15.58,2731,15.61,15.58,15.61,,1.0
2018-08-01 14:10,,15.6,2731,15.6,15.58,15.58,,25.0
2018-08-01 14:15,,15.58,2731,15.6,15.58,15.6,,14.0
2018-08-01 14:20,,15.6,2731,15.6,15.58,15.58,,20.0
2018-08-01 14:25,,15.6,2731,15.6,15.58,15.6,,26.0
2018-08-01 14:30,,15.57,2731,15.6,15.57,15.6,,68.0
2018-08-01 14:35,,15.57,2731,15.57,15.57,15.57,,10.0
2018-08-01 14:40,,15.54,2731,15.59,15.53,15.57,,153.0
2018-08-01 14:45,,15.53,2731,15.59,15.53,15.54,,141.0
2018-08-01 14:50,,15.6,2731,15.6,15.53,15.53,,124.0
2018-08-01 14:55,,15.55,2731,15.6,15.55,15.6,,40.0
2018-08-01 15:00,,15.63,2731,15.63,15.54,15.55,,180.0
2018-08-02 09:35,,15.49,2731,15.57,15.49,15.49,,172.0
2018-08-02 09:40,,15.4,2731,15.5,15.4,15.49,,356.0
2018-08-02 09:45,,15.4,2731,15.41,15.38,15.4,,268.0
2018-08-02 09:50,,15.38,2731,15.42,15.37,15.4,,139.0
2018-08-02 09:55,,15.39,2731,15.41,15.37,15.38,,169.0
2018-08-02 10:00,,15.42,2731,15.42,15.37,15.39,,371.0
2018-08-02 10:05,,15.41,2731,15.42,15.37,15.42,,553.0
2018-08-02 10:10,,15.41,2731,15.45,15.4,15.41,,366.0
2018-08-02 10:15,,15.4,2731,15.41,15.4,15.41,,85.0
2018-08-02 10:20,,15.4,2731,15.42,15.4,15.4,,104.0
2018-08-02 10:25,,15.49,2731,15.49,15.37,15.4,,426.0
2018-08-02 10:30,,15.41,2731,15.49,15.41,15.49,,41.0
2018-08-02 10:35,,15.4,2731,15.45,15.4,15.41,,444.0
2018-08-02 10:40,,15.41,2731,15.41,15.4,15.4,,328.0
2018-08-02 10:45,,15.4,2731,15.41,15.4,15.41,,124.0
2018-08-02 10:50,,15.39,2731,15.4,15.39,15.4,,167.0
2018-08-02 10:55,,15.4,2731,15.4,15.38,15.39,,188.0
2018-08-02 11:00,,15.44,2731,15.44,15.4,15.4,,62.0
2018-08-02 11:05,,15.4,2731,15.44,15.4,15.44,,1535.0
2018-08-02 11:10,,15.41,2731,15.41,15.39,15.4,,63.0
2018-08-02 11:15,,15.39,2731,15.41,15.39,15.41,,59.0
2018-08-02 11:20,,15.39,2731,15.39,15.38,15.39,,57.0
2018-08-02 11:25,,15.39,2731,15.39,15.39,15.39,,65.0
2018-08-02 11:30,,15.39,2731,15.39,15.38,15.39,,46.0
2018-08-02 13:05,,15.38,2731,15.4,15.38,15.39,,370.0
2018-08-02 13:10,,15.3,2731,15.39,15.3,15.38,,841.0
2018-08-02 13:15,,15.33,2731,15.33,15.3,15.3,,106.0
2018-08-02 13:20,,15.28,2731,15.33,15.28,15.33,,481.0
2018-08-02 13:25,,15.29,2731,15.29,15.28,15.28,,102.0
2018-08-02 13:30,,15.29,2731,15.3,15.29,15.29,,42.0
2018-08-02 13:35,,15.26,2731,15.29,15.25,15.29,,316.0
2018-08-02 13:40,,15.25,2731,15.26,15.25,15.26,,178.0
2018-08-02 13:45,,15.26,2731,15.29,15.24,15.25,,146.0
2018-08-02 13:50,,15.26,2731,15.28,15.26,15.26,,36.0
2018-08-02 13:55,,15.28,2731,15.28,15.26,15.26,,92.0
2018-08-02 14:00,,15.33,2731,15.33,15.28,15.28,,87.0
2018-08-02 14:05,,15.37,2731,15.37,15.33,15.33,,327.0
2018-08-02 14:10,,15.37,2731,15.38,15.37,15.37,,53.0
2018-08-02 14:15,,15.37,2731,15.37,15.33,15.37,,31.0
2018-08-02 14:20,,15.34,2731,15.37,15.34,15.37,,66.0
2018-08-02 14:25,,15.36,2731,15.36,15.34,15.34,,92.0
2018-08-02 14:30,,15.34,2731,15.36,15.34,15.36,,30.0
2018-08-02 14:35,,15.36,2731,15.36,15.34,15.34,,39.0
2018-08-02 14:40,,15.4,2731,15.4,15.35,15.36,,90.0
2018-08-02 14:45,,15.44,2731,15.44,15.4,15.4,,3.0
2018-08-02 14:50,,15.42,2731,15.44,15.4,15.44,,210.0
2018-08-02 14:55,,15.45,2731,15.45,15.41,15.42,,87.0
2018-08-02 15:00,,15.48,2731,15.48,15.41,15.45,,119.0
2018-08-03 09:35,,15.41,2731,15.48,15.41,15.46,,94.0
2018-08-03 09:40,,15.42,2731,15.44,15.41,15.41,,37.0
2018-08-03 09:45,,15.4,2731,15.42,15.4,15.42,,28.0
2018-08-03 09:50,,15.46,2731,15.46,15.4,15.4,,240.0
2018-08-03 09:55,,15.45,2731,15.47,15.45,15.46,,85.0
2018-08-03 10:00,,15.45,2731,15.46,15.45,15.45,,52.0
2018-08-03 10:05,,15.45,2731,15.45,15.45,15.45,,38.0
2018-08-03 10:10,,15.45,2731,15.46,15.45,15.45,,38.0
2018-08-03 10:15,,15.44,2731,15.45,15.44,15.45,,81.0
2018-08-03 10:20,,15.45,2731,15.45,15.44,15.44,,34.0
2018-08-03 10:25,,15.45,2731,15.45,15.45,15.45,,4.0
2018-08-03 10:30,,15.45,2731,15.45,15.45,15.45,,0.0
2018-08-03 10:35,,15.41,2731,15.45,15.41,15.45,,31.0
2018-08-03 10:40,,15.4,2731,15.41,15.4,15.41,,25.0
2018-08-03 10:45,,15.42,2731,15.42,15.4,15.4,,32.0
2018-08-03 10:50,,15.4,2731,15.42,15.4,15.42,,53.0
2018-08-03 10:55,,15.39,2731,15.4,15.37,15.4,,53.0
2018-08-03 11:00,,15.39,2731,15.4,15.39,15.39,,82.0
2018-08-03 11:05,,15.4,2731,15.4,15.39,15.39,,7.0
2018-08-03 11:10,,15.4,2731,15.4,15.4,15.4,,83.0
2018-08-03 11:15,,15.49,2731,15.49,15.4,15.4,,65.0
2018-08-03 11:20,,15.48,2731,15.49,15.39,15.49,,34.0
2018-08-03 11:25,,15.49,2731,15.49,15.48,15.48,,67.0
2018-08-03 11:30,,15.49,2731,15.49,15.49,15.49,,66.0
2018-08-03 13:05,,15.49,2731,15.5,15.49,15.49,,22.0
2018-08-03 13:10,,15.49,2731,15.49,15.49,15.49,,0.0
2018-08-03 13:15,,15.49,2731,15.49,15.49,15.49,,40.0
2018-08-03 13:20,,15.49,2731,15.49,15.49,15.49,,47.0
2018-08-03 13:25,,15.5,2731,15.5,15.49,15.49,,25.0
2018-08-03 13:30,,15.46,2731,15.5,15.46,15.5,,4.0
2018-08-03 13:35,,15.45,2731,15.46,15.45,15.46,,11.0
2018-08-03 13:40,,15.41,2731,15.45,15.41,15.45,,29.0
2018-08-03 13:45,,15.43,2731,15.43,15.41,15.41,,10.0
2018-08-03 13:50,,15.47,2731,15.47,15.43,15.43,,12.0
2018-08-03 13:55,,15.47,2731,15.47,15.47,15.47,,10.0
2018-08-03 14:00,,15.47,2731,15.47,15.43,15.47,,43.0
2018-08-03 14:05,,15.47,2731,15.47,15.44,15.47,,25.0
2018-08-03 14:10,,15.44,2731,15.5,15.44,15.47,,228.0
2018-08-03 14:15,,15.5,2731,15.5,15.44,15.44,,290.0
2018-08-03 14:20,,15.5,2731,15.52,15.5,15.5,,184.0
2018-08-03 14:25,,15.66,2731,15.66,15.5,15.5,,406.0
2018-08-03 14:30,,15.59,2731,15.66,15.55,15.66,,475.0
2018-08-03 14:35,,15.56,2731,15.59,15.56,15.59,,43.0
2018-08-03 14:40,,15.6,2731,15.6,15.53,15.56,,337.0
2018-08-03 14:45,,15.65,2731,15.66,15.6,15.6,,930.0
2018-08-03 14:50,,15.58,2731,15.66,15.56,15.65,,403.0
2018-08-03 14:55,,15.62,2731,15.62,15.58,15.58,,665.0
2018-08-03 15:00,,15.65,2731,15.66,15.62,15.62,,619.0
2018-08-06 09:35,,15.45,2731,15.58,15.45,15.58,,175.0
2018-08-06 09:40,,15.52,2731,15.52,15.42,15.45,,176.0
2018-08-06 09:45,,15.43,2731,15.52,15.43,15.52,,39.0
2018-08-06 09:50,,15.47,2731,15.47,15.43,15.43,,8.0
2018-08-06 09:55,,15.51,2731,15.51,15.47,15.47,,66.0
2018-08-06 10:00,,15.46,2731,15.51,15.46,15.51,,171.0
2018-08-06 10:05,,15.45,2731,15.46,15.45,15.46,,174.0
2018-08-06 10:15,,15.51,2731,15.51,15.45,15.45,,41.0
2018-08-06 10:20,,15.56,2731,15.56,15.46,15.51,,55.0
2018-08-06 10:25,,15.52,2731,15.56,15.52,15.56,,46.0
2018-08-06 10:30,,15.52,2731,15.52,15.52,15.52,,0.0
2018-08-06 10:35,,15.57,2731,15.57,15.52,15.52,,27.0
2018-08-06 10:40,,15.57,2731,15.57,15.57,15.57,,1.0
2018-08-06 10:45,,15.53,2731,15.57,15.53,15.57,,21.0
2018-08-06 10:50,,15.47,2731,15.53,15.47,15.53,,23.0
2018-08-06 10:55,,15.46,2731,15.47,15.45,15.47,,64.0
2018-08-06 11:00,,15.5,2731,15.5,15.46,15.46,,15.0
2018-08-06 11:05,,15.51,2731,15.51,15.5,15.5,,36.0
2018-08-06 11:15,,15.5,2731,15.51,15.5,15.51,,149.0
2018-08-06 11:20,,15.5,2731,15.5,15.5,15.5,,11.0
2018-08-06 11:25,,15.47,2731,15.5,15.47,15.5,,41.0
2018-08-06 11:30,,15.47,2731,15.47,15.47,15.47,,48.0
2018-08-06 13:05,,15.47,2731,15.47,15.47,15.47,,34.0
2018-08-06 13:10,,15.44,2731,15.47,15.44,15.47,,41.0
2018-08-06 13:15,,15.45,2731,15.45,15.42,15.44,,100.0
2018-08-06 13:20,,15.5,2731,15.5,15.4,15.45,,132.0
2018-08-06 13:25,,15.5,2731,15.5,15.5,15.5,,27.0
2018-08-06 13:30,,15.5,2731,15.5,15.5,15.5,,0.0
2018-08-06 13:35,,15.42,2731,15.5,15.42,15.5,,68.0
2018-08-06 13:40,,15.4,2731,15.42,15.4,15.42,,44.0
2018-08-06 13:45,,15.42,2731,15.42,15.4,15.4,,33.0
2018-08-06 13:50,,15.42,2731,15.46,15.42,15.42,,34.0
2018-08-06 13:55,,15.42,2731,15.42,15.42,15.42,,5.0
2018-08-06 14:00,,15.43,2731,15.43,15.42,15.42,,6.0
2018-08-06 14:05,,15.42,2731,15.43,15.42,15.43,,31.0
2018-08-06 14:10,,15.42,2731,15.42,15.42,15.42,,20.0
2018-08-06 14:15,,15.43,2731,15.43,15.42,15.42,,19.0
2018-08-06 14:20,,15.41,2731,15.45,15.4,15.43,,48.0
2018-08-06 14:25,,15.41,2731,15.41,15.41,15.41,,22.0
2018-08-06 14:30,,15.42,2731,15.42,15.41,15.41,,26.0
2018-08-06 14:35,,15.4,2731,15.42,15.4,15.42,,91.0
2018-08-06 14:40,,15.41,2731,15.42,15.4,15.4,,79.0
2018-08-06 14:45,,15.44,2731,15.44,15.41,15.41,,20.0
2018-08-06 14:50,,15.46,2731,15.46,15.43,15.44,,97.0
2018-08-06 14:55,,15.5,2731,15.5,15.43,15.46,,86.0
2018-08-06 15:00,,15.58,2731,15.58,15.5,15.5,,180.0
2018-08-07 09:35,,15.49,2731,15.58,15.49,15.58,,156.0
2018-08-07 09:40,,15.44,2731,15.58,15.42,15.49,,187.0
2018-08-07 09:45,,15.56,2731,15.56,15.44,15.44,,8.0
2018-08-07 09:50,,15.46,2731,15.56,15.45,15.56,,83.0
2018-08-07 09:55,,15.45,2731,15.46,15.45,15.46,,106.0
2018-08-07 10:00,,15.45,2731,15.45,15.45,15.45,,2.0
2018-08-07 10:10,,15.43,2731,15.46,15.43,15.45,,57.0
2018-08-07 10:15,,15.44,2731,15.44,15.43,15.43,,22.0
2018-08-07 10:20,,15.33,2731,15.44,15.33,15.44,,212.0
2018-08-07 10:25,,15.33,2731,15.33,15.31,15.33,,142.0
2018-08-07 10:30,,15.42,2731,15.42,15.33,15.33,,39.0
2018-08-07 10:35,,15.43,2731,15.43,15.38,15.42,,28.0
2018-08-07 10:40,,15.4,2731,15.44,15.39,15.43,,19.0
2018-08-07 10:45,,15.45,2731,15.45,15.31,15.4,,63.0
2018-08-07 10:50,,15.45,2731,15.45,15.42,15.45,,48.0
2018-08-07 10:55,,15.45,2731,15.45,15.45,15.45,,3.0
2018-08-07 11:00,,15.41,2731,15.45,15.41,15.45,,17.0
2018-08-07 11:05,,15.41,2731,15.41,15.41,15.41,,0.0
2018-08-07 11:10,,15.46,2731,15.46,15.41,15.41,,12.0
2018-08-07 11:15,,15.46,2731,15.46,15.46,15.46,,0.0
2018-08-07 11:20,,15.43,2731,15.46,15.43,15.46,,3.0
2018-08-07 11:25,,15.43,2731,15.43,15.43,15.43,,0.0
2018-08-07 11:30,,15.4,2731,15.43,15.4,15.43,,9.0
2018-08-07 13:05,,15.49,2731,15.49,15.37,15.4,,104.0
2018-08-07 13:10,,15.48,2731,15.49,15.48,15.49,,31.0
2018-08-07 13:15,,15.36,2731,15.48,15.36,15.48,,103.0
2018-08-07 13:20,,15.37,2731,15.37,15.36,15.36,,9.0
2018-08-07 13:25,,15.37,2731,15.44,15.37,15.37,,66.0
2018-08-07 13:30,,15.37,2731,15.37,15.37,15.37,,61.0
2018-08-07 13:35,,15.37,2731,15.37,15.37,15.37,,11.0
2018-08-07 13:40,,15.44,2731,15.44,15.37,15.37,,66.0
2018-08-07 13:45,,15.4,2731,15.44,15.4,15.44,,1.0
2018-08-07 13:50,,15.4,2731,15.4,15.4,15.4,,9.0
2018-08-07 13:55,,15.39,2731,15.4,15.39,15.4,,23.0
2018-08-07 14:00,,15.39,2731,15.39,15.39,15.39,,15.0
2018-08-07 14:05,,15.4,2731,15.4,15.39,15.39,,63.0
2018-08-07 14:10,,15.41,2731,15.41,15.4,15.4,,20.0
2018-08-07 14:15,,15.44,2731,15.44,15.41,15.41,,74.0
2018-08-07 14:20,,15.5,2731,15.5,15.44,15.44,,61.0
2018-08-07 14:25,,15.51,2731,15.51,15.46,15.5,,48.0
2018-08-07 14:30,,15.51,2731,15.51,15.46,15.51,,23.0
2018-08-07 14:35,,15.47,2731,15.51,15.47,15.51,,10.0
2018-08-07 14:40,,15.47,2731,15.47,15.47,15.47,,0.0
2018-08-07 14:45,,15.41,2731,15.5,15.38,15.47,,307.0
2018-08-07 14:50,,15.51,2731,15.52,15.41,15.41,,102.0
2018-08-07 14:55,,15.47,2731,15.52,15.46,15.51,,111.0
2018-08-07 15:00,,15.52,2731,15.52,15.47,15.47,,197.0
2018-08-08 09:35,,15.51,2731,15.56,15.51,15.56,,79.0
2018-08-08 09:40,,15.5,2731,15.51,15.5,15.51,,10.0
2018-08-08 09:45,,15.41,2731,15.5,15.41,15.5,,15.0
2018-08-08 09:50,,15.45,2731,15.45,15.41,15.41,,32.0
2018-08-08 09:55,,15.4,2731,15.45,15.4,15.45,,55.0
2018-08-08 10:00,,15.36,2731,15.44,15.36,15.4,,35.0
2018-08-08 10:05,,15.36,2731,15.36,15.36,15.36,,86.0
2018-08-08 10:10,,15.38,2731,15.43,15.36,15.36,,10.0
2018-08-08 10:15,,15.38,2731,15.38,15.37,15.38,,15.0
2018-08-08 10:20,,15.38,2731,15.38,15.38,15.38,,4.0
2018-08-08 10:25,,15.38,2731,15.38,15.38,15.38,,3.0
2018-08-08 10:30,,15.38,2731,15.4,15.38,15.38,,25.0
2018-08-08 10:35,,15.37,2731,15.38,15.37,15.38,,37.0
2018-08-08 10:40,,15.37,2731,15.37,15.36,15.37,,26.0
2018-08-08 10:45,,15.34,2731,15.38,15.34,15.37,,102.0
2018-08-08 10:50,,15.33,2731,15.34,15.33,15.34,,36.0
2018-08-08 10:55,,15.31,2731,15.33,15.31,15.33,,121.0
2018-08-08 11:00,,15.3,2731,15.31,15.3,15.31,,76.0
2018-08-08 11:05,,15.3,2731,15.31,15.3,15.3,,64.0
2018-08-08 11:10,,15.29,2731,15.31,15.29,15.3,,78.0
2018-08-08 11:15,,15.27,2731,15.29,15.27,15.29,,48.0
2018-08-08 11:20,,15.3,2731,15.3,15.27,15.27,,10.0
2018-08-08 11:25,,15.27,2731,15.3,15.27,15.3,,75.0
2018-08-08 11:30,,15.27,2731,15.29,15.27,15.27,,36.0
2018-08-08 13:05,,15.26,2731,15.27,15.26,15.27,,144.0
2018-08-08 13:10,,15.29,2731,15.3,15.26,15.26,,37.0
2018-08-08 13:15,,15.24,2731,15.29,15.24,15.29,,62.0
2018-08-08 13:20,,15.3,2731,15.3,15.24,15.24,,30.0
2018-08-08 13:25,,15.3,2731,15.3,15.3,15.3,,0.0
2018-08-08 13:30,,15.3,2731,15.3,15.3,15.3,,3.0
2018-08-08 13:35,,15.24,2731,15.3,15.24,15.3,,154.0
2018-08-08 13:40,,15.23,2731,15.24,15.21,15.24,,104.0
2018-08-08 13:45,,15.22,2731,15.23,15.22,15.23,,35.0
2018-08-08 13:50,,15.22,2731,15.22,15.22,15.22,,0.0
2018-08-08 13:55,,15.2,2731,15.22,15.2,15.22,,124.0
2018-08-08 14:00,,15.16,2731,15.24,15.16,15.2,,70.0
2018-08-08 14:05,,15.16,2731,15.16,15.13,15.16,,23.0
2018-08-08 14:10,,15.16,2731,15.16,15.16,15.16,,1.0
2018-08-08 14:15,,15.11,2731,15.16,15.1,15.16,,220.0
2018-08-08 14:20,,15.12,2731,15.12,15.11,15.11,,3.0
2018-08-08 14:25,,15.14,2731,15.14,15.12,15.12,,12.0
2018-08-08 14:30,,15.15,2731,15.15,15.14,15.14,,8.0
2018-08-08 14:35,,15.12,2731,15.15,15.12,15.15,,47.0
2018-08-08 14:40,,15.14,2731,15.14,15.11,15.12,,81.0
2018-08-08 14:45,,15.09,2731,15.14,15.09,15.14,,176.0
2018-08-08 14:50,,15.03,2731,15.11,15.03,15.09,,663.0
2018-08-08 14:55,,15.1,2731,15.1,15.03,15.03,,436.0
2018-08-08 15:00,,15.06,2731,15.1,15.06,15.1,,62.0
2018-08-09 09:35,,15.08,2731,15.13,15.05,15.05,,3049.0
2018-08-09 09:40,,15.17,2731,15.25,15.08,15.08,,463.0
2018-08-09 09:45,,15.08,2731,15.19,15.08,15.17,,733.0
2018-08-09 09:50,,15.1,2731,15.1,15.08,15.08,,2600.0
2018-08-09 09:55,,15.1,2731,15.16,15.1,15.1,,1319.0
2018-08-09 10:00,,15.1,2731,15.1,15.1,15.1,,220.0
2018-08-09 10:05,,15.16,2731,15.16,15.09,15.1,,159.0
2018-08-09 10:10,,15.15,2731,15.16,15.14,15.16,,2.0
2018-08-09 10:15,,15.12,2731,15.15,15.12,15.15,,88.0
2018-08-09 10:20,,15.16,2731,15.17,15.12,15.12,,51.0
2018-08-09 10:25,,15.18,2731,15.18,15.16,15.16,,21.0
2018-08-09 10:30,,15.18,2731,15.19,15.18,15.18,,107.0
2018-08-09 10:35,,15.17,2731,15.18,15.17,15.18,,103.0
2018-08-09 10:40,,15.19,2731,15.2,15.17,15.17,,76.0
2018-08-09 10:45,,15.2,2731,15.2,15.19,15.19,,5.0
2018-08-09 10:50,,15.2,2731,15.2,15.2,15.2,,36.0
2018-08-09 10:55,,15.2,2731,15.2,15.18,15.2,,20.0
2018-08-09 11:00,,15.2,2731,15.2,15.2,15.2,,95.0
2018-08-09 11:05,,15.2,2731,15.2,15.2,15.2,,346.0
2018-08-09 11:10,,15.2,2731,15.2,15.2,15.2,,18.0
2018-08-09 11:15,,15.25,2731,15.25,15.2,15.2,,2.0
2018-08-09 11:20,,15.2,2731,15.25,15.2,15.25,,7.0
2018-08-09 11:25,,15.22,2731,15.22,15.2,15.2,,16.0
2018-08-09 13:05,,15.2,2731,15.22,15.2,15.22,,24.0
2018-08-09 13:10,,15.25,2731,15.25,15.2,15.2,,103.0
2018-08-09 13:15,,15.25,2731,15.25,15.25,15.25,,1.0
2018-08-09 13:20,,15.3,2731,15.3,15.25,15.25,,49.0
2018-08-09 13:30,,15.25,2731,15.3,15.25,15.3,,52.0
2018-08-09 13:35,,15.24,2731,15.25,15.24,15.25,,30.0
2018-08-09 13:40,,15.2,2731,15.24,15.2,15.24,,23.0
2018-08-09 13:45,,15.21,2731,15.21,15.2,15.2,,75.0
2018-08-09 13:50,,15.22,2731,15.22,15.21,15.21,,4.0
2018-08-09 13:55,,15.23,2731,15.23,15.22,15.22,,40.0
2018-08-09 14:00,,15.25,2731,15.25,15.23,15.23,,29.0
2018-08-09 14:05,,15.25,2731,15.25,15.25,15.25,,5.0
2018-08-09 14:10,,15.28,2731,15.28,15.25,15.25,,35.0
2018-08-09 14:15,,15.3,2731,15.33,15.28,15.28,,38.0
2018-08-09 14:20,,15.24,2731,15.3,15.24,15.3,,42.0
2018-08-09 14:25,,15.25,2731,15.25,15.24,15.24,,20.0
2018-08-09 14:30,,15.24,2731,15.25,15.24,15.25,,38.0
2018-08-09 14:35,,15.22,2731,15.24,15.22,15.24,,59.0
2018-08-09 14:40,,15.23,2731,15.23,15.22,15.22,,38.0
2018-08-09 14:45,,15.23,2731,15.23,15.23,15.23,,21.0
2018-08-09 14:50,,15.18,2731,15.23,15.18,15.23,,120.0
2018-08-09 14:55,,15.2,2731,15.23,15.15,15.18,,157.0
2018-08-09 15:00,,15.17,2731,15.2,15.15,15.2,,80.0
2018-08-10 09:35,,15.17,2731,15.25,15.15,15.15,,3822.0
2018-08-10 09:40,,15.15,2731,15.18,15.15,15.17,,1174.0
2018-08-10 09:45,,15.15,2731,15.16,15.12,15.15,,1095.0
2018-08-10 09:50,,15.18,2731,15.18,15.15,15.15,,460.0
2018-08-10 09:55,,15.16,2731,15.18,15.15,15.18,,198.0
2018-08-10 10:00,,15.16,2731,15.16,15.15,15.16,,141.0
2018-08-10 10:05,,15.17,2731,15.18,15.15,15.16,,242.0
2018-08-10 10:10,,15.18,2731,15.18,15.17,15.17,,21.0
2018-08-10 10:15,,15.18,2731,15.18,15.17,15.18,,12.0
2018-08-10 10:20,,15.16,2731,15.18,15.16,15.18,,267.0
2018-08-10 10:25,,15.14,2731,15.16,15.14,15.16,,145.0
2018-08-10 10:30,,15.14,2731,15.14,15.14,15.14,,47.0
2018-08-10 10:35,,15.14,2731,15.14,15.14,15.14,,30.0
2018-08-10 10:40,,15.15,2731,15.15,15.14,15.14,,3.0
2018-08-10 10:45,,15.14,2731,15.15,15.14,15.15,,52.0
2018-08-10 10:50,,15.14,2731,15.14,15.14,15.14,,10.0
2018-08-10 10:55,,15.14,2731,15.14,15.14,15.14,,1.0
2018-08-10 11:00,,15.15,2731,15.15,15.14,15.14,,14.0
2018-08-10 11:05,,15.17,2731,15.17,15.15,15.15,,6.0
2018-08-10 11:10,,15.17,2731,15.17,15.17,15.17,,0.0
2018-08-10 11:15,,15.14,2731,15.17,15.14,15.17,,23.0
2018-08-10 11:20,,15.14,2731,15.14,15.14,15.14,,0.0
2018-08-10 11:25,,15.15,2731,15.15,15.14,15.14,,9.0
2018-08-10 11:30,,15.15,2731,15.15,15.15,15.15,,20.0
2018-08-10 13:05,,15.14,2731,15.15,15.14,15.15,,5.0
2018-08-10 13:20,,15.14,2731,15.14,15.14,15.14,,40.0
2018-08-10 13:25,,15.13,2731,15.14,15.13,15.14,,20.0
2018-08-10 13:30,,15.15,2731,15.15,15.13,15.13,,1.0
2018-08-10 13:35,,15.15,2731,15.15,15.15,15.15,,3.0
2018-08-10 13:40,,15.13,2731,15.15,15.13,15.15,,8.0
2018-08-10 13:45,,15.14,2731,15.14,15.13,15.13,,13.0
2018-08-10 13:50,,15.13,2731,15.14,15.13,15.14,,89.0
2018-08-10 13:55,,15.12,2731,15.14,15.12,15.13,,51.0
2018-08-10 14:00,,15.15,2731,15.15,15.12,15.12,,19.0
2018-08-10 14:05,,15.15,2731,15.16,15.15,15.15,,48.0
2018-08-10 14:10,,15.13,2731,15.15,15.13,15.15,,163.0
2018-08-10 14:15,,15.13,2731,15.13,15.13,15.13,,1.0
2018-08-10 14:20,,15.13,2731,15.13,15.12,15.13,,14.0
2018-08-10 14:25,,15.14,2731,15.14,15.13,15.13,,152.0
2018-08-10 14:30,,15.14,2731,15.14,15.13,15.14,,87.0
2018-08-10 14:35,,15.13,2731,15.14,15.13,15.14,,27.0
2018-08-10 14:40,,15.15,2731,15.15,15.12,15.13,,57.0
2018-08-10 14:45,,15.15,2731,15.18,15.15,15.15,,103.0
2018-08-10 14:50,,15.15,2731,15.15,15.14,15.15,,63.0
2018-08-10 14:55,,15.15,2731,15.17,15.14,15.15,,77.0
2018-08-10 15:00,,15.1,2731,15.15,15.1,15.15,,269.0
2018-08-13 09:35,,15.1,2731,15.1,15.0,15.04,,1008.0
2018-08-13 09:40,,15.1,2731,15.1,15.08,15.1,,100.0
2018-08-13 09:45,,15.16,2731,15.17,15.1,15.1,,254.0
2018-08-13 09:50,,15.1,2731,15.16,15.1,15.16,,28.0
2018-08-13 09:55,,15.15,2731,15.16,15.09,15.1,,136.0
2018-08-13 10:00,,15.18,2731,15.19,15.15,15.15,,181.0
2018-08-13 10:05,,15.13,2731,15.18,15.1,15.18,,126.0
2018-08-13 10:10,,15.15,2731,15.15,15.11,15.13,,47.0
2018-08-13 10:20,,15.15,2731,15.15,15.12,15.15,,7.0
2018-08-13 10:30,,15.15,2731,15.15,15.15,15.15,,0.0
2018-08-13 10:45,,15.08,2731,15.15,15.08,15.15,,83.0
2018-08-13 10:50,,15.09,2731,15.09,15.08,15.08,,65.0
2018-08-13 10:55,,15.08,2731,15.09,15.08,15.09,,19.0
2018-08-13 11:00,,15.07,2731,15.08,15.07,15.08,,39.0
2018-08-13 11:05,,15.05,2731,15.07,15.05,15.07,,72.0
2018-08-13 11:10,,15.04,2731,15.05,15.04,15.05,,121.0
2018-08-13 11:15,,15.04,2731,15.04,15.04,15.04,,0.0
2018-08-13 11:20,,15.05,2731,15.05,15.04,15.04,,1.0
2018-08-13 11:25,,15.05,2731,15.05,15.05,15.05,,5.0
2018-08-13 11:30,,15.13,2731,15.14,15.02,15.05,,121.0
2018-08-13 13:05,,15.04,2731,15.13,15.03,15.13,,45.0
2018-08-13 13:10,,15.04,2731,15.11,15.03,15.04,,13.0
2018-08-13 13:15,,15.04,2731,15.04,15.04,15.04,,11.0
2018-08-13 13:20,,15.03,2731,15.04,15.03,15.04,,42.0
2018-08-13 13:25,,15.09,2731,15.09,15.03,15.03,,1.0
2018-08-13 13:30,,15.06,2731,15.09,15.06,15.09,,16.0
2018-08-13 13:35,,15.06,2731,15.06,15.06,15.06,,6.0
2018-08-13 13:40,,15.09,2731,15.09,15.06,15.06,,1.0
2018-08-13 13:45,,15.08,2731,15.09,15.08,15.09,,7.0
2018-08-13 13:50,,15.07,2731,15.09,15.07,15.08,,17.0
2018-08-13 13:55,,15.08,2731,15.08,15.07,15.07,,6.0
2018-08-13 14:00,,15.08,2731,15.08,15.08,15.08,,0.0
2018-08-13 14:05,,15.1,2731,15.1,15.07,15.08,,27.0
2018-08-13 14:10,,15.1,2731,15.11,15.06,15.1,,59.0
2018-08-13 14:15,,15.11,2731,15.11,15.1,15.1,,7.0
2018-08-13 14:20,,15.1,2731,15.12,15.1,15.11,,9.0
2018-08-13 14:25,,15.14,2731,15.14,15.1,15.1,,60.0
2018-08-13 14:30,,15.14,2731,15.14,15.12,15.14,,49.0
2018-08-13 14:35,,15.17,2731,15.17,15.14,15.14,,104.0
2018-08-13 14:40,,15.15,2731,15.17,15.15,15.17,,33.0
2018-08-13 14:45,,15.14,2731,15.15,15.14,15.15,,15.0
2018-08-13 14:50,,15.14,2731,15.14,15.12,15.14,,46.0
2018-08-13 14:55,,15.13,2731,15.14,15.13,15.14,,96.0
2018-08-13 15:00,,15.12,2731,15.13,15.12,15.13,,39.0
2018-08-14 09:35,,15.18,2731,15.2,15.1,15.1,,234.0
2018-08-14 09:40,,15.18,2731,15.19,15.17,15.18,,115.0
2018-08-14 09:45,,15.18,2731,15.18,15.17,15.18,,85.0
2018-08-14 09:50,,15.16,2731,15.18,15.16,15.18,,29.0
2018-08-14 09:55,,15.16,2731,15.16,15.16,15.16,,0.0
2018-08-14 10:00,,15.16,2731,15.18,15.16,15.16,,37.0
2018-08-14 10:05,,15.19,2731,15.19,15.16,15.16,,76.0
2018-08-14 10:10,,15.18,2731,15.19,15.18,15.19,,27.0
2018-08-14 10:15,,15.18,2731,15.18,15.16,15.18,,52.0
2018-08-14 10:20,,15.18,2731,15.18,15.18,15.18,,22.0
2018-08-14 10:25,,15.18,2731,15.18,15.16,15.18,,78.0
2018-08-14 10:30,,15.19,2731,15.19,15.18,15.18,,15.0
2018-08-14 10:35,,15.19,2731,15.19,15.19,15.19,,0.0
2018-08-14 10:40,,15.18,2731,15.19,15.18,15.19,,35.0
2018-08-14 10:45,,15.17,2731,15.18,15.16,15.18,,580.0
2018-08-14 10:50,,15.16,2731,15.17,15.16,15.17,,20.0
2018-08-14 10:55,,15.16,2731,15.16,15.16,15.16,,132.0
2018-08-14 11:05,,15.16,2731,15.16,15.16,15.16,,40.0
2018-08-14 11:15,,15.16,2731,15.16,15.16,15.16,,56.0
2018-08-14 11:20,,15.17,2731,15.17,15.16,15.16,,70.0
2018-08-14 11:25,,15.17,2731,15.17,15.17,15.17,,17.0
2018-08-14 13:05,,15.17,2731,15.17,15.16,15.17,,105.0
2018-08-14 13:10,,15.18,2731,15.18,15.17,15.17,,28.0
2018-08-14 13:15,,15.18,2731,15.18,15.18,15.18,,3.0
2018-08-14 13:20,,15.16,2731,15.18,15.16,15.18,,260.0
2018-08-14 13:30,,15.16,2731,15.16,15.16,15.16,,10.0
2018-08-14 13:45,,15.18,2731,15.18,15.16,15.16,,15.0
2018-08-14 13:50,,15.16,2731,15.18,15.16,15.18,,3.0
2018-08-14 13:55,,15.16,2731,15.17,15.16,15.16,,112.0
2018-08-14 14:00,,15.15,2731,15.16,15.15,15.16,,13.0
2018-08-14 14:15,,15.16,2731,15.16,15.15,15.15,,13.0
2018-08-14 14:20,,15.12,2731,15.16,15.12,15.16,,105.0
2018-08-14 14:25,,15.12,2731,15.12,15.12,15.12,,0.0
2018-08-14 14:30,,15.16,2731,15.16,15.12,15.12,,40.0
2018-08-14 14:40,,15.17,2731,15.18,15.16,15.16,,66.0
2018-08-14 14:45,,15.17,2731,15.17,15.17,15.17,,1.0
2018-08-14 14:50,,15.19,2731,15.19,15.15,15.17,,133.0
2018-08-14 14:55,,15.17,2731,15.19,15.17,15.19,,126.0
2018-08-14 15:00,,15.19,2731,15.19,15.17,15.17,,38.0
2018-08-15 09:35,,15.23,2731,15.25,15.07,15.07,,8626.0
2018-08-15 09:40,,15.17,2731,15.23,15.17,15.23,,122.0
2018-08-15 09:45,,15.22,2731,15.23,15.17,15.17,,272.0
2018-08-15 09:50,,15.2,2731,15.22,15.2,15.22,,37.0
2018-08-15 09:55,,15.16,2731,15.2,15.16,15.2,,72.0
2018-08-15 10:00,,15.17,2731,15.17,15.16,15.16,,39.0
2018-08-15 10:05,,15.18,2731,15.18,15.16,15.17,,59.0
2018-08-15 10:10,,15.18,2731,15.18,15.18,15.18,,19.0
2018-08-15 10:15,,15.18,2731,15.18,15.18,15.18,,0.0
2018-08-15 10:20,,15.18,2731,15.18,15.18,15.18,,62.0
2018-08-15 10:25,,15.19,2731,15.19,15.18,15.18,,17.0
2018-08-15 10:30,,15.18,2731,15.19,15.18,15.19,,42.0
2018-08-15 10:35,,15.16,2731,15.18,15.16,15.18,,84.0
2018-08-15 10:40,,15.17,2731,15.17,15.15,15.16,,402.0
2018-08-15 10:45,,15.17,2731,15.17,15.17,15.17,,34.0
2018-08-15 10:50,,15.12,2731,15.17,15.12,15.17,,135.0
2018-08-15 10:55,,15.15,2731,15.15,15.11,15.12,,204.0
2018-08-15 11:00,,15.17,2731,15.17,15.15,15.15,,50.0
2018-08-15 11:10,,15.15,2731,15.17,15.15,15.17,,2.0
2018-08-15 11:20,,15.13,2731,15.15,15.13,15.15,,120.0
2018-08-15 11:25,,15.13,2731,15.15,15.13,15.13,,76.0
2018-08-15 11:30,,15.13,2731,15.15,15.13,15.13,,37.0
2018-08-15 13:05,,15.13,2731,15.14,15.13,15.13,,41.0
2018-08-15 13:10,,15.13,2731,15.13,15.13,15.13,,0.0
2018-08-15 13:20,,15.12,2731,15.13,15.11,15.13,,43.0
2018-08-15 13:25,,15.11,2731,15.12,15.11,15.12,,106.0
2018-08-15 13:30,,15.11,2731,15.11,15.11,15.11,,26.0
2018-08-15 13:35,,15.12,2731,15.13,15.11,15.11,,9.0
2018-08-15 13:40,,15.11,2731,15.12,15.11,15.12,,65.0
2018-08-15 13:45,,15.1,2731,15.11,15.1,15.11,,68.0
2018-08-15 13:50,,15.13,2731,15.13,15.1,15.1,,5.0
2018-08-15 13:55,,15.11,2731,15.13,15.11,15.13,,83.0
2018-08-15 14:00,,15.13,2731,15.13,15.11,15.11,,11.0
2018-08-15 14:05,,15.13,2731,15.13,15.13,15.13,,106.0
2018-08-15 14:10,,15.13,2731,15.13,15.12,15.13,,11.0
2018-08-15 14:15,,15.15,2731,15.15,15.13,15.13,,34.0
2018-08-15 14:20,,15.15,2731,15.15,15.15,15.15,,21.0
2018-08-15 14:25,,15.16,2731,15.16,15.15,15.15,,3.0
2018-08-15 14:30,,15.17,2731,15.17,15.16,15.16,,89.0
2018-08-15 14:35,,15.11,2731,15.17,15.11,15.17,,51.0
2018-08-15 14:40,,15.15,2731,15.15,15.11,15.11,,7.0
2018-08-15 14:45,,15.13,2731,15.15,15.13,15.15,,94.0
2018-08-15 14:50,,15.13,2731,15.15,15.13,15.13,,256.0
2018-08-15 14:55,,15.16,2731,15.17,15.13,15.13,,361.0
2018-08-15 15:00,,15.17,2731,15.17,15.15,15.16,,104.0
2018-08-16 09:35,,15.08,2731,15.12,15.07,15.1,,527.0
2018-08-16 09:40,,15.05,2731,15.08,15.05,15.08,,69.0
2018-08-16 09:45,,15.05,2731,15.06,15.04,15.05,,112.0
2018-08-16 09:50,,15.05,2731,15.06,15.04,15.05,,214.0
2018-08-16 09:55,,15.06,2731,15.06,15.05,15.05,,22.0
2018-08-16 10:00,,15.07,2731,15.07,15.05,15.06,,84.0
2018-08-16 10:05,,15.09,2731,15.09,15.06,15.07,,72.0
2018-08-16 10:10,,15.08,2731,15.1,15.08,15.09,,7.0
2018-08-16 10:15,,15.1,2731,15.1,15.08,15.08,,34.0
2018-08-16 10:20,,15.11,2731,15.12,15.1,15.1,,26.0
2018-08-16 10:25,,15.11,2731,15.11,15.11,15.11,,3.0
2018-08-16 10:30,,15.08,2731,15.11,15.08,15.11,,10.0
2018-08-16 10:35,,15.08,2731,15.11,15.07,15.08,,149.0
2018-08-16 10:45,,15.08,2731,15.09,15.08,15.08,,126.0
2018-08-16 10:50,,15.08,2731,15.08,15.08,15.08,,20.0
2018-08-16 11:00,,15.07,2731,15.07,15.07,15.07,,3.0
2018-08-16 11:05,,15.07,2731,15.08,15.07,15.07,,13.0
2018-08-16 11:10,,15.08,2731,15.08,15.07,15.07,,17.0
2018-08-16 11:15,,15.07,2731,15.08,15.07,15.08,,32.0
2018-08-16 11:20,,15.07,2731,15.07,15.07,15.07,,204.0
2018-08-16 11:25,,15.07,2731,15.07,15.07,15.07,,134.0
2018-08-16 11:30,,15.07,2731,15.07,15.07,15.07,,0.0
2018-08-16 13:05,,15.08,2731,15.08,15.06,15.07,,67.0
2018-08-16 13:10,,15.07,2731,15.08,15.07,15.08,,38.0
2018-08-16 13:20,,15.09,2731,15.09,15.07,15.07,,23.0
2018-08-16 13:25,,15.09,2731,15.09,15.09,15.09,,0.0
2018-08-16 13:30,,15.07,2731,15.09,15.06,15.09,,53.0
2018-08-16 13:35,,15.07,2731,15.07,15.07,15.07,,38.0
2018-08-16 13:40,,15.07,2731,15.07,15.07,15.07,,1.0
2018-08-16 13:45,,15.08,2731,15.08,15.07,15.07,,5.0
2018-08-16 13:50,,15.08,2731,15.09,15.08,15.08,,2.0
2018-08-16 13:55,,15.07,2731,15.08,15.07,15.08,,20.0
2018-08-16 14:00,,15.08,2731,15.08,15.07,15.07,,1.0
2018-08-16 14:05,,15.07,2731,15.08,15.07,15.08,,22.0
2018-08-16 14:15,,15.07,2731,15.07,15.06,15.07,,37.0
2018-08-16 14:20,,15.06,2731,15.07,15.06,15.07,,64.0
2018-08-16 14:25,,15.06,2731,15.06,15.06,15.06,,2.0
2018-08-16 14:30,,15.06,2731,15.06,15.06,15.06,,10.0
2018-08-16 14:35,,15.05,2731,15.06,15.05,15.06,,27.0
2018-08-16 14:40,,15.07,2731,15.07,15.05,15.05,,236.0
2018-08-16 14:45,,15.06,2731,15.07,15.05,15.07,,71.0
2018-08-16 14:50,,15.08,2731,15.12,15.05,15.06,,369.0
2018-08-16 14:55,,15.15,2731,15.19,15.08,15.08,,439.0
2018-08-16 15:00,,15.14,2731,15.15,15.11,15.15,,369.0
2018-08-17 09:35,,15.07,2731,15.12,15.07,15.1,,184.0
2018-08-17 09:40,,15.1,2731,15.1,15.07,15.07,,138.0
2018-08-17 09:45,,15.09,2731,15.1,15.09,15.1,,57.0
2018-08-17 09:50,,15.08,2731,15.09,15.03,15.09,,1247.0
2018-08-17 09:55,,15.19,2731,15.19,15.08,15.08,,2043.0
2018-08-17 10:05,,15.1,2731,15.19,15.1,15.19,,72.0
2018-08-17 10:10,,15.09,2731,15.1,15.09,15.1,,22.0
2018-08-17 10:15,,15.1,2731,15.1,15.08,15.09,,99.0
2018-08-17 10:20,,15.1,2731,15.1,15.1,15.1,,16.0
2018-08-17 10:25,,15.09,2731,15.1,15.09,15.1,,4.0
2018-08-17 10:30,,15.08,2731,15.09,15.08,15.09,,26.0
2018-08-17 10:35,,15.08,2731,15.08,15.08,15.08,,37.0
2018-08-17 10:40,,15.08,2731,15.09,15.08,15.08,,23.0
2018-08-17 10:50,,15.08,2731,15.08,15.08,15.08,,12.0
2018-08-17 10:55,,15.08,2731,15.08,15.08,15.08,,18.0
2018-08-17 11:00,,15.09,2731,15.09,15.08,15.08,,14.0
2018-08-17 11:05,,15.1,2731,15.1,15.09,15.09,,61.0
2018-08-17 11:10,,15.12,2731,15.12,15.08,15.1,,119.0
2018-08-17 11:15,,15.12,2731,15.12,15.12,15.12,,1.0
2018-08-17 11:20,,15.12,2731,15.12,15.12,15.12,,11.0
2018-08-17 11:25,,15.13,2731,15.13,15.12,15.12,,25.0
2018-08-17 11:30,,15.12,2731,15.13,15.12,15.13,,3.0
2018-08-17 13:05,,15.1,2731,15.12,15.1,15.12,,34.0
2018-08-17 13:10,,15.15,2731,15.15,15.09,15.1,,5159.0
2018-08-17 13:15,,15.14,2731,15.15,15.14,15.15,,2.0
2018-08-17 13:20,,15.18,2731,15.18,15.14,15.14,,132.0
2018-08-17 13:25,,15.18,2731,15.19,15.16,15.18,,98.0
2018-08-17 13:30,,15.19,2731,15.19,15.18,15.18,,202.0
2018-08-17 13:35,,15.18,2731,15.19,15.18,15.19,,77.0
2018-08-17 13:40,,15.14,2731,15.18,15.13,15.18,,201.0
2018-08-17 13:45,,15.14,2731,15.14,15.14,15.14,,9.0
2018-08-17 13:50,,15.2,2731,15.2,15.14,15.14,,441.0
2018-08-17 13:55,,15.2,2731,15.2,15.2,15.2,,79.0
2018-08-17 14:00,,15.21,2731,15.21,15.2,15.2,,3.0
2018-08-17 14:05,,15.26,2731,15.3,15.2,15.21,,560.0
2018-08-17 14:10,,15.21,2731,15.28,15.21,15.28,,183.0
2018-08-17 14:15,,15.26,2731,15.26,15.21,15.21,,174.0
2018-08-17 14:20,,15.19,2731,15.26,15.19,15.26,,69.0
2018-08-17 14:25,,15.21,2731,15.24,15.19,15.19,,60.0
2018-08-17 14:30,,15.21,2731,15.21,15.2,15.21,,65.0
2018-08-17 14:35,,15.2,2731,15.21,15.18,15.21,,99.0
2018-08-17 14:40,,15.18,2731,15.21,15.18,15.2,,71.0
2018-08-17 14:45,,15.15,2731,15.18,15.1,15.18,,71.0
2018-08-17 14:50,,15.12,2731,15.15,15.1,15.15,,163.0
2018-08-17 14:55,,15.14,2731,15.14,15.11,15.12,,74.0
2018-08-17 15:00,,15.19,2731,15.19,15.14,15.14,,120.0
2018-08-20 09:35,,15.22,2731,15.22,15.12,15.15,,188.0
2018-08-20 09:40,,15.23,2731,15.23,15.2,15.22,,48.0
2018-08-20 09:45,,15.21,2731,15.25,15.21,15.23,,84.0
2018-08-20 09:50,,15.2,2731,15.21,15.2,15.21,,58.0
2018-08-20 09:55,,15.2,2731,15.2,15.2,15.2,,26.0
2018-08-20 10:00,,15.22,2731,15.22,15.2,15.2,,38.0
2018-08-20 10:05,,15.2,2731,15.22,15.2,15.22,,99.0
2018-08-20 10:10,,15.16,2731,15.2,15.16,15.2,,38.0
2018-08-20 10:15,,15.15,2731,15.16,15.15,15.16,,148.0
2018-08-20 10:20,,15.17,2731,15.17,15.15,15.15,,4.0
2018-08-20 10:25,,15.17,2731,15.17,15.17,15.17,,10.0
2018-08-20 10:30,,15.15,2731,15.2,15.15,15.17,,4.0
2018-08-20 10:35,,15.14,2731,15.15,15.14,15.15,,26.0
2018-08-20 10:40,,15.14,2731,15.14,15.14,15.14,,19.0
2018-08-20 10:45,,15.14,2731,15.14,15.14,15.14,,20.0
2018-08-20 10:55,,15.19,2731,15.19,15.14,15.14,,102.0
2018-08-20 11:00,,15.14,2731,15.19,15.14,15.19,,42.0
2018-08-20 11:05,,15.19,2731,15.19,15.13,15.14,,76.0
2018-08-20 11:15,,15.18,2731,15.19,15.13,15.19,,24.0
2018-08-20 11:20,,15.13,2731,15.18,15.13,15.18,,58.0
2018-08-20 11:25,,15.17,2731,15.17,15.13,15.13,,9.0
2018-08-20 11:30,,15.19,2731,15.19,15.17,15.17,,46.0
2018-08-20 13:05,,15.13,2731,15.19,15.13,15.19,,50.0
2018-08-20 13:10,,15.13,2731,15.13,15.13,15.13,,10.0
2018-08-20 13:15,,15.12,2731,15.13,15.11,15.13,,57.0
2018-08-20 13:20,,15.12,2731,15.12,15.12,15.12,,10.0
2018-08-20 13:25,,15.13,2731,15.13,15.12,15.12,,10.0
2018-08-20 13:30,,15.12,2731,15.13,15.12,15.13,,4.0
2018-08-20 13:35,,15.12,2731,15.12,15.12,15.12,,117.0
2018-08-20 13:40,,15.12,2731,15.12,15.12,15.12,,9.0
2018-08-20 13:45,,15.11,2731,15.12,15.11,15.12,,27.0
2018-08-20 13:50,,15.1,2731,15.11,15.1,15.11,,10.0
2018-08-20 13:55,,15.12,2731,15.12,15.1,15.1,,60.0
2018-08-20 14:00,,15.12,2731,15.12,15.1,15.12,,25.0
2018-08-20 14:10,,15.1,2731,15.12,15.1,15.12,,16.0
2018-08-20 14:15,,15.12,2731,15.12,15.1,15.1,,41.0
2018-08-20 14:20,,15.13,2731,15.13,15.1,15.12,,118.0
2018-08-20 14:25,,15.12,2731,15.13,15.12,15.13,,2.0
2018-08-20 14:30,,15.13,2731,15.13,15.12,15.12,,28.0
2018-08-20 14:35,,15.13,2731,15.13,15.13,15.13,,133.0
2018-08-20 14:40,,15.19,2731,15.19,15.13,15.13,,76.0
2018-08-20 14:45,,15.19,2731,15.2,15.19,15.19,,303.0
2018-08-20 14:50,,15.14,2731,15.2,15.14,15.19,,57.0
2018-08-20 14:55,,15.19,2731,15.19,15.14,15.14,,77.0
2018-08-20 15:00,,15.19,2731,15.19,15.15,15.19,,74.0
2018-08-21 09:35,,15.11,2731,15.25,15.11,15.25,,104.0
2018-08-21 09:40,,15.2,2731,15.2,15.11,15.11,,114.0
2018-08-21 09:45,,15.13,2731,15.21,15.13,15.2,,67.0
2018-08-21 09:50,,15.19,2731,15.19,15.13,15.13,,18.0
2018-08-21 09:55,,15.18,2731,15.19,15.18,15.19,,84.0
2018-08-21 10:00,,15.12,2731,15.18,15.11,15.18,,21.0
2018-08-21 10:15,,15.14,2731,15.14,15.12,15.12,,10.0
2018-08-21 10:20,,15.14,2731,15.14,15.14,15.14,,6.0
2018-08-21 10:25,,15.2,2731,15.2,15.14,15.14,,1.0
2018-08-21 10:30,,15.19,2731,15.2,15.19,15.2,,8.0
2018-08-21 10:35,,15.15,2731,15.19,15.15,15.19,,18.0
2018-08-21 10:40,,15.14,2731,15.19,15.14,15.15,,13.0
2018-08-21 10:45,,15.18,2731,15.18,15.14,15.14,,15.0
2018-08-21 10:50,,15.18,2731,15.18,15.16,15.18,,36.0
2018-08-21 10:55,,15.19,2731,15.19,15.18,15.18,,94.0
2018-08-21 11:05,,15.18,2731,15.19,15.16,15.19,,81.0
2018-08-21 11:10,,15.18,2731,15.18,15.17,15.18,,58.0
2018-08-21 11:15,,15.17,2731,15.18,15.17,15.18,,2.0
2018-08-21 11:20,,15.17,2731,15.17,15.16,15.17,,80.0
2018-08-21 11:25,,15.17,2731,15.17,15.17,15.17,,128.0
2018-08-21 11:30,,15.16,2731,15.17,15.16,15.17,,16.0
2018-08-21 13:05,,15.16,2731,15.16,15.16,15.16,,2.0
2018-08-21 13:10,,15.17,2731,15.17,15.16,15.16,,38.0
2018-08-21 13:15,,15.16,2731,15.17,15.16,15.17,,10.0
2018-08-21 13:20,,15.16,2731,15.17,15.16,15.16,,19.0
2018-08-21 13:25,,15.16,2731,15.17,15.16,15.16,,21.0
2018-08-21 13:30,,15.17,2731,15.17,15.16,15.16,,5.0
2018-08-21 13:35,,15.17,2731,15.17,15.17,15.17,,59.0
2018-08-21 13:40,,15.17,2731,15.17,15.1,15.17,,201.0
2018-08-21 13:45,,15.11,2731,15.17,15.11,15.17,,10.0
2018-08-21 13:50,,15.15,2731,15.15,15.11,15.11,,5.0
2018-08-21 14:00,,15.12,2731,15.15,15.12,15.15,,16.0
2018-08-21 14:05,,15.1,2731,15.12,15.1,15.12,,109.0
2018-08-21 14:10,,15.11,2731,15.11,15.1,15.1,,28.0
2018-08-21 14:15,,15.11,2731,15.11,15.11,15.11,,31.0
2018-08-21 14:20,,15.11,2731,15.11,15.1,15.11,,80.0
2018-08-21 14:25,,15.12,2731,15.12,15.11,15.11,,57.0
2018-08-21 14:30,,15.1,2731,15.12,15.1,15.12,,41.0
2018-08-21 14:35,,15.11,2731,15.11,15.07,15.1,,386.0
2018-08-21 14:40,,15.1,2731,15.11,15.1,15.11,,210.0
2018-08-21 14:45,,15.12,2731,15.12,15.1,15.1,,74.0
2018-08-21 14:50,,15.12,2731,15.12,15.11,15.12,,33.0
2018-08-21 14:55,,15.12,2731,15.16,15.12,15.12,,59.0
2018-08-21 15:00,,15.15,2731,15.16,15.1,15.12,,409.0
2018-08-22 09:35,,15.1,2731,15.15,15.1,15.15,,68.0
2018-08-22 09:40,,15.12,2731,15.12,15.1,15.1,,38.0
2018-08-22 09:45,,15.08,2731,15.12,15.08,15.12,,64.0
2018-08-22 09:50,,15.08,2731,15.08,15.08,15.08,,63.0
2018-08-22 09:55,,15.11,2731,15.11,15.06,15.08,,140.0
2018-08-22 10:00,,15.13,2731,15.13,15.11,15.11,,49.0
2018-08-22 10:05,,15.09,2731,15.13,15.09,15.13,,5.0
2018-08-22 10:10,,15.08,2731,15.09,15.08,15.09,,38.0
2018-08-22 10:20,,15.08,2731,15.09,15.08,15.08,,81.0
2018-08-22 10:25,,15.08,2731,15.1,15.08,15.08,,25.0
2018-08-22 10:35,,15.08,2731,15.08,15.08,15.08,,8.0
2018-08-22 10:40,,15.08,2731,15.08,15.08,15.08,,17.0
2018-08-22 10:45,,15.08,2731,15.08,15.08,15.08,,21.0
2018-08-22 10:50,,15.07,2731,15.08,15.07,15.08,,41.0
2018-08-22 10:55,,15.07,2731,15.07,15.07,15.07,,115.0
2018-08-22 11:00,,15.06,2731,15.07,15.06,15.07,,27.0
2018-08-22 11:05,,15.07,2731,15.08,15.06,15.06,,50.0
2018-08-22 11:10,,15.09,2731,15.09,15.07,15.07,,6.0
2018-08-22 11:15,,15.09,2731,15.09,15.07,15.09,,24.0
2018-08-22 11:20,,15.09,2731,15.1,15.09,15.09,,27.0
2018-08-22 11:25,,15.09,2731,15.1,15.09,15.1,,56.0
2018-08-22 13:05,,15.08,2731,15.09,15.08,15.09,,53.0
2018-08-22 13:10,,15.08,2731,15.08,15.08,15.08,,30.0
2018-08-22 13:15,,15.07,2731,15.08,15.07,15.08,,10.0
2018-08-22 13:20,,15.1,2731,15.1,15.07,15.07,,21.0
2018-08-22 13:25,,15.08,2731,15.1,15.08,15.1,,21.0
2018-08-22 13:30,,15.09,2731,15.09,15.08,15.08,,10.0
2018-08-22 13:35,,15.09,2731,15.09,15.09,15.09,,13.0
2018-08-22 13:40,,15.09,2731,15.09,15.08,15.09,,549.0
2018-08-22 13:45,,15.1,2731,15.1,15.09,15.09,,3.0
2018-08-22 13:50,,15.1,2731,15.11,15.1,15.1,,38.0
2018-08-22 13:55,,15.1,2731,15.1,15.1,15.1,,4.0
2018-08-22 14:00,,15.09,2731,15.1,15.08,15.1,,85.0
2018-08-22 14:05,,15.11,2731,15.11,15.1,15.1,,10.0
2018-08-22 14:10,,15.11,2731,15.11,15.11,15.11,,0.0
2018-08-22 14:15,,15.12,2731,15.12,15.09,15.11,,46.0
2018-08-22 14:20,,15.1,2731,15.12,15.1,15.12,,12.0
2018-08-22 14:25,,15.08,2731,15.1,15.08,15.1,,45.0
2018-08-22 14:30,,15.08,2731,15.08,15.07,15.08,,57.0
2018-08-22 14:35,,15.11,2731,15.12,15.08,15.08,,38.0
2018-08-22 14:40,,15.11,2731,15.11,15.11,15.11,,128.0
2018-08-22 14:45,,15.08,2731,15.11,15.08,15.11,,15.0
2018-08-22 14:50,,15.08,2731,15.08,15.07,15.08,,32.0
2018-08-22 14:55,,15.14,2731,15.14,15.08,15.08,,267.0
2018-08-22 15:00,,15.13,2731,15.14,15.13,15.14,,149.0
2018-08-23 09:35,,15.14,2731,15.16,15.08,15.08,,48.0
2018-08-23 09:40,,15.12,2731,15.14,15.12,15.14,,20.0
2018-08-23 09:45,,15.11,2731,15.13,15.11,15.12,,16.0
2018-08-23 09:50,,15.14,2731,15.14,15.11,15.11,,12.0
2018-08-23 09:55,,15.14,2731,15.14,15.14,15.14,,14.0
2018-08-23 10:00,,15.12,2731,15.14,15.11,15.14,,4.0
2018-08-23 10:10,,15.14,2731,15.14,15.14,15.14,,3.0
2018-08-23 10:15,,15.12,2731,15.14,15.12,15.14,,19.0
2018-08-23 10:20,,15.13,2731,15.13,15.12,15.12,,34.0
2018-08-23 10:25,,15.13,2731,15.13,15.12,15.13,,5.0
2018-08-23 10:35,,15.13,2731,15.13,15.11,15.13,,22.0
2018-08-23 10:40,,15.15,2731,15.16,15.13,15.13,,344.0
2018-08-23 10:45,,15.18,2731,15.18,15.13,15.15,,274.0
2018-08-23 10:50,,15.18,2731,15.19,15.17,15.18,,265.0
2018-08-23 10:55,,15.19,2731,15.19,15.18,15.18,,120.0
2018-08-23 11:00,,15.19,2731,15.19,15.19,15.19,,12.0
2018-08-23 11:05,,15.18,2731,15.19,15.18,15.19,,66.0
2018-08-23 11:10,,15.19,2731,15.19,15.18,15.18,,138.0
2018-08-23 11:15,,15.19,2731,15.19,15.13,15.19,,288.0
2018-08-23 11:20,,15.19,2731,15.19,15.18,15.19,,188.0
2018-08-23 11:25,,15.19,2731,15.19,15.15,15.19,,224.0
2018-08-23 11:30,,15.19,2731,15.19,15.18,15.19,,393.0
2018-08-23 13:05,,15.15,2731,15.19,15.15,15.19,,70.0
2018-08-23 13:15,,15.15,2731,15.15,15.15,15.15,,11.0
2018-08-23 13:20,,15.14,2731,15.15,15.14,15.15,,36.0
2018-08-23 13:25,,15.15,2731,15.15,15.13,15.14,,39.0
2018-08-23 13:30,,15.19,2731,15.19,15.15,15.15,,45.0
2018-08-23 13:35,,15.14,2731,15.19,15.14,15.19,,17.0
2018-08-23 13:45,,15.19,2731,15.19,15.14,15.14,,37.0
2018-08-23 13:50,,15.19,2731,15.19,15.19,15.19,,26.0
2018-08-23 13:55,,15.19,2731,15.19,15.19,15.19,,60.0
2018-08-23 14:00,,15.16,2731,15.19,15.16,15.19,,14.0
2018-08-23 14:05,,15.16,2731,15.16,15.16,15.16,,11.0
2018-08-23 14:10,,15.18,2731,15.18,15.16,15.16,,0.0
2018-08-23 14:15,,15.18,2731,15.18,15.18,15.18,,10.0
2018-08-23 14:25,,15.19,2731,15.19,15.18,15.18,,18.0
2018-08-23 14:30,,15.18,2731,15.19,15.18,15.19,,20.0
2018-08-23 14:35,,15.19,2731,15.19,15.18,15.18,,122.0
2018-08-23 14:40,,15.15,2731,15.19,15.15,15.19,,124.0
2018-08-23 14:45,,15.15,2731,15.15,15.13,15.15,,397.0
2018-08-23 14:50,,15.14,2731,15.15,15.14,15.15,,6.0
2018-08-23 14:55,,15.17,2731,15.19,15.14,15.14,,107.0
2018-08-24 09:35,,15.15,2731,15.24,15.12,15.15,,48.0
2018-08-24 09:40,,15.16,2731,15.16,15.15,15.15,,34.0
2018-08-24 09:45,,15.16,2731,15.17,15.15,15.16,,32.0
2018-08-24 10:00,,15.19,2731,15.19,15.16,15.16,,12.0
2018-08-24 10:05,,15.18,2731,15.19,15.18,15.19,,39.0
2018-08-24 10:10,,15.18,2731,15.18,15.18,15.18,,6.0
2018-08-24 10:15,,15.16,2731,15.18,15.16,15.18,,2.0
2018-08-24 10:20,,15.17,2731,15.2,15.16,15.16,,37.0
2018-08-24 10:25,,15.22,2731,15.22,15.17,15.17,,41.0
2018-08-24 10:30,,15.19,2731,15.22,15.19,15.22,,36.0
2018-08-24 10:35,,15.19,2731,15.19,15.19,15.19,,56.0
2018-08-24 10:40,,15.17,2731,15.19,15.17,15.19,,34.0
2018-08-24 10:50,,15.18,2731,15.18,15.17,15.17,,27.0
2018-08-24 10:55,,15.2,2731,15.21,15.18,15.18,,45.0
2018-08-24 11:00,,15.2,2731,15.2,15.2,15.2,,38.0
2018-08-24 11:05,,15.2,2731,15.2,15.2,15.2,,1.0
2018-08-24 11:10,,15.19,2731,15.2,15.19,15.2,,14.0
2018-08-24 11:15,,15.18,2731,15.19,15.18,15.19,,14.0
2018-08-24 11:20,,15.18,2731,15.18,15.18,15.18,,13.0
2018-08-24 11:25,,15.18,2731,15.19,15.18,15.18,,25.0
2018-08-24 13:05,,15.19,2731,15.19,15.18,15.18,,1.0
2018-08-24 13:10,,15.2,2731,15.2,15.19,15.19,,140.0
2018-08-24 13:15,,15.21,2731,15.22,15.19,15.2,,296.0
2018-08-24 13:20,,15.21,2731,15.21,15.2,15.21,,197.0
2018-08-24 13:25,,15.23,2731,15.23,15.21,15.21,,133.0
2018-08-24 13:30,,15.24,2731,15.24,15.23,15.23,,108.0
2018-08-24 13:35,,15.24,2731,15.24,15.24,15.24,,39.0
2018-08-24 13:40,,15.24,2731,15.24,15.24,15.24,,66.0
2018-08-24 13:45,,15.23,2731,15.24,15.23,15.24,,72.0
2018-08-24 13:50,,15.25,2731,15.25,15.23,15.23,,41.0
2018-08-24 13:55,,15.24,2731,15.25,15.24,15.25,,66.0
2018-08-24 14:00,,15.24,2731,15.24,15.23,15.24,,36.0
2018-08-24 14:05,,15.24,2731,15.24,15.23,15.24,,16.0
2018-08-24 14:10,,15.24,2731,15.24,15.24,15.24,,6.0
2018-08-24 14:15,,15.24,2731,15.24,15.24,15.24,,103.0
2018-08-24 14:20,,15.25,2731,15.25,15.24,15.24,,71.0
2018-08-24 14:25,,15.24,2731,15.25,15.24,15.25,,9.0
2018-08-24 14:30,,15.24,2731,15.24,15.24,15.24,,0.0
2018-08-24 14:35,,15.24,2731,15.24,15.24,15.24,,15.0
2018-08-24 14:40,,15.24,2731,15.24,15.2,15.24,,77.0
2018-08-24 14:45,,15.23,2731,15.24,15.23,15.24,,16.0
2018-08-24 14:50,,15.24,2731,15.24,15.23,15.23,,49.0
2018-08-24 14:55,,15.2,2731,15.24,15.2,15.24,,233.0
2018-08-24 15:00,,15.18,2731,15.2,15.18,15.2,,57.0
2018-08-27 09:35,,15.2,2731,15.2,15.15,15.15,,52.0
2018-08-27 09:40,,15.2,2731,15.24,15.2,15.2,,10.0
2018-08-27 09:45,,15.23,2731,15.24,15.18,15.2,,24.0
2018-08-27 09:50,,15.23,2731,15.23,15.22,15.23,,42.0
2018-08-27 09:55,,15.23,2731,15.23,15.23,15.23,,17.0
2018-08-27 10:00,,15.23,2731,15.23,15.23,15.23,,24.0
2018-08-27 10:05,,15.22,2731,15.23,15.22,15.23,,53.0
2018-08-27 10:10,,15.22,2731,15.22,15.22,15.22,,30.0
2018-08-27 10:15,,15.22,2731,15.22,15.18,15.22,,11.0
2018-08-27 10:20,,15.24,2731,15.24,15.18,15.22,,80.0
2018-08-27 10:25,,15.22,2731,15.24,15.22,15.24,,117.0
2018-08-27 10:30,,15.24,2731,15.24,15.21,15.22,,51.0
2018-08-27 10:35,,15.24,2731,15.24,15.2,15.24,,114.0
2018-08-27 10:40,,15.21,2731,15.24,15.21,15.24,,40.0
2018-08-27 10:45,,15.21,2731,15.21,15.2,15.21,,82.0
2018-08-27 10:50,,15.21,2731,15.21,15.21,15.21,,90.0
2018-08-27 10:55,,15.2,2731,15.21,15.2,15.21,,42.0
2018-08-27 11:00,,15.21,2731,15.21,15.2,15.2,,111.0
2018-08-27 11:05,,15.3,2731,15.3,15.21,15.21,,90.0
2018-08-27 11:10,,15.32,2731,15.32,15.3,15.3,,227.0
2018-08-27 11:15,,15.31,2731,15.34,15.3,15.32,,47.0
2018-08-27 11:20,,15.28,2731,15.31,15.26,15.31,,53.0
2018-08-27 11:25,,15.28,2731,15.28,15.28,15.28,,5.0
2018-08-27 11:30,,15.3,2731,15.34,15.28,15.28,,47.0
2018-08-27 13:05,,15.3,2731,15.34,15.3,15.3,,30.0
2018-08-27 13:10,,15.32,2731,15.32,15.3,15.3,,43.0
2018-08-27 13:15,,15.34,2731,15.34,15.31,15.32,,186.0
2018-08-27 13:20,,15.31,2731,15.34,15.31,15.34,,39.0
2018-08-27 13:25,,15.31,2731,15.31,15.31,15.31,,11.0
2018-08-27 13:30,,15.34,2731,15.34,15.31,15.31,,221.0
2018-08-27 13:35,,15.32,2731,15.34,15.32,15.34,,88.0
2018-08-27 13:40,,15.31,2731,15.32,15.31,15.32,,75.0
2018-08-27 13:45,,15.32,2731,15.32,15.31,15.31,,20.0
2018-08-27 13:50,,15.31,2731,15.32,15.31,15.32,,23.0
2018-08-27 13:55,,15.29,2731,15.31,15.29,15.31,,53.0
2018-08-27 14:00,,15.33,2731,15.33,15.29,15.29,,198.0
2018-08-27 14:05,,15.31,2731,15.33,15.31,15.33,,9.0
2018-08-27 14:10,,15.31,2731,15.31,15.31,15.31,,48.0
2018-08-27 14:15,,15.31,2731,15.33,15.31,15.31,,23.0
2018-08-27 14:20,,15.33,2731,15.33,15.31,15.31,,12.0
2018-08-27 14:25,,15.33,2731,15.33,15.33,15.33,,21.0
2018-08-27 14:30,,15.31,2731,15.33,15.31,15.33,,19.0
2018-08-27 14:35,,15.32,2731,15.32,15.31,15.31,,11.0
2018-08-27 14:40,,15.32,2731,15.32,15.32,15.32,,2.0
2018-08-27 14:45,,15.31,2731,15.32,15.31,15.32,,91.0
2018-08-27 14:50,,15.32,2731,15.32,15.3,15.31,,173.0
2018-08-27 14:55,,15.3,2731,15.32,15.3,15.32,,73.0
2018-08-27 15:00,,15.31,2731,15.31,15.3,15.3,,10.0
2018-08-28 09:35,,15.35,2731,15.35,15.28,15.35,,141.0
2018-08-28 09:40,,15.35,2731,15.35,15.32,15.35,,79.0
2018-08-28 09:45,,15.38,2731,15.38,15.32,15.35,,50.0
2018-08-28 09:50,,15.34,2731,15.38,15.34,15.38,,13.0
2018-08-28 09:55,,15.32,2731,15.34,15.3,15.34,,139.0
2018-08-28 10:00,,15.2,2731,15.32,15.2,15.32,,157.0
2018-08-28 10:05,,15.22,2731,15.28,15.2,15.2,,443.0
2018-08-28 10:10,,15.29,2731,15.29,15.2,15.22,,82.0
2018-08-28 10:15,,15.2,2731,15.29,15.2,15.29,,44.0
2018-08-28 10:20,,15.22,2731,15.22,15.2,15.2,,21.0
2018-08-28 10:30,,15.23,2731,15.23,15.22,15.22,,6.0
2018-08-28 10:35,,15.24,2731,15.24,15.23,15.23,,2.0
2018-08-28 10:45,,15.25,2731,15.25,15.24,15.24,,14.0
2018-08-28 10:50,,15.24,2731,15.25,15.23,15.25,,32.0
2018-08-28 11:00,,15.23,2731,15.24,15.23,15.24,,17.0
2018-08-28 11:05,,15.24,2731,15.24,15.23,15.23,,11.0
2018-08-28 11:10,,15.24,2731,15.24,15.24,15.24,,4.0
2018-08-28 11:15,,15.23,2731,15.24,15.23,15.24,,31.0
2018-08-28 11:20,,15.23,2731,15.23,15.23,15.23,,0.0
2018-08-28 11:25,,15.25,2731,15.25,15.23,15.23,,2.0
2018-08-28 11:30,,15.25,2731,15.25,15.25,15.25,,0.0
2018-08-28 13:05,,15.26,2731,15.26,15.25,15.25,,80.0
2018-08-28 13:10,,15.26,2731,15.26,15.26,15.26,,5.0
2018-08-28 13:15,,15.25,2731,15.26,15.25,15.26,,10.0
2018-08-28 13:20,,15.25,2731,15.26,15.25,15.25,,11.0
2018-08-28 13:25,,15.25,2731,15.25,15.25,15.25,,4.0
2018-08-28 13:30,,15.25,2731,15.25,15.25,15.25,,3.0
2018-08-28 13:35,,15.23,2731,15.25,15.23,15.25,,51.0
2018-08-28 13:40,,15.25,2731,15.25,15.23,15.23,,20.0
2018-08-28 13:45,,15.25,2731,15.25,15.24,15.25,,20.0
2018-08-28 13:50,,15.24,2731,15.25,15.24,15.25,,10.0
2018-08-28 13:55,,15.23,2731,15.24,15.23,15.24,,45.0
2018-08-28 14:00,,15.24,2731,15.24,15.23,15.23,,33.0
2018-08-28 14:05,,15.25,2731,15.25,15.24,15.24,,1.0
2018-08-28 14:20,,15.23,2731,15.25,15.23,15.25,,8.0
2018-08-28 14:25,,15.25,2731,15.25,15.23,15.23,,13.0
2018-08-28 14:35,,15.23,2731,15.25,15.23,15.25,,80.0
2018-08-28 14:40,,15.22,2731,15.23,15.22,15.23,,7.0
2018-08-28 14:45,,15.22,2731,15.22,15.22,15.22,,54.0
2018-08-28 14:50,,15.2,2731,15.26,15.2,15.22,,217.0
2018-08-28 14:55,,15.2,2731,15.22,15.17,15.2,,379.0
2018-08-28 15:00,,15.21,2731,15.21,15.2,15.2,,13.0
2018-08-29 09:35,,15.2,2731,15.25,15.2,15.25,,26.0
2018-08-29 09:40,,15.2,2731,15.24,15.2,15.2,,18.0
2018-08-29 09:45,,15.19,2731,15.2,15.19,15.2,,18.0
2018-08-29 09:50,,15.21,2731,15.24,15.19,15.19,,4.0
2018-08-29 09:55,,15.24,2731,15.24,15.21,15.21,,80.0
2018-08-29 10:00,,15.21,2731,15.24,15.2,15.24,,286.0
2018-08-29 10:05,,15.16,2731,15.24,15.16,15.21,,765.0
2018-08-29 10:10,,15.24,2731,15.24,15.16,15.16,,119.0
2018-08-29 10:15,,15.19,2731,15.25,15.19,15.24,,724.0
2018-08-29 10:20,,15.24,2731,15.24,15.18,15.19,,128.0
2018-08-29 10:25,,15.24,2731,15.24,15.19,15.24,,120.0
2018-08-29 10:30,,15.25,2731,15.25,15.24,15.24,,43.0
2018-08-29 10:35,,15.29,2731,15.3,15.25,15.25,,172.0
2018-08-29 10:40,,15.25,2731,15.3,15.25,15.29,,40.0
2018-08-29 10:45,,15.29,2731,15.29,15.25,15.25,,33.0
2018-08-29 10:50,,15.26,2731,15.29,15.26,15.29,,63.0
2018-08-29 10:55,,15.24,2731,15.26,15.24,15.26,,100.0
2018-08-29 11:00,,15.24,2731,15.24,15.24,15.24,,20.0
2018-08-29 11:05,,15.24,2731,15.24,15.2,15.24,,20.0
2018-08-29 11:10,,15.24,2731,15.24,15.24,15.24,,7.0
2018-08-29 11:20,,15.19,2731,15.24,15.19,15.24,,70.0
2018-08-29 11:25,,15.24,2731,15.24,15.19,15.19,,39.0
2018-08-29 11:30,,15.24,2731,15.24,15.23,15.24,,68.0
2018-08-29 13:05,,15.2,2731,15.24,15.2,15.24,,19.0
2018-08-29 13:10,,15.19,2731,15.2,15.19,15.2,,51.0
2018-08-29 13:15,,15.2,2731,15.2,15.19,15.19,,20.0
2018-08-29 13:20,,15.2,2731,15.2,15.2,15.2,,0.0
2018-08-29 13:35,,15.26,2731,15.26,15.2,15.2,,10.0
2018-08-29 13:40,,15.26,2731,15.27,15.26,15.26,,18.0
2018-08-29 13:45,,15.26,2731,15.27,15.26,15.26,,35.0
2018-08-29 13:50,,15.27,2731,15.27,15.26,15.26,,73.0
2018-08-29 13:55,,15.27,2731,15.27,15.27,15.27,,77.0
2018-08-29 14:00,,15.26,2731,15.28,15.26,15.27,,65.0
2018-08-29 14:05,,15.25,2731,15.28,15.23,15.26,,127.0
2018-08-29 14:10,,15.27,2731,15.28,15.25,15.25,,115.0
2018-08-29 14:15,,15.27,2731,15.27,15.27,15.27,,85.0
2018-08-29 14:20,,15.26,2731,15.27,15.26,15.27,,2.0
2018-08-29 14:25,,15.26,2731,15.28,15.26,15.26,,99.0
2018-08-29 14:30,,15.26,2731,15.26,15.26,15.26,,10.0
2018-08-29 14:35,,15.27,2731,15.27,15.26,15.26,,17.0
2018-08-29 14:40,,15.26,2731,15.28,15.26,15.27,,42.0
2018-08-29 14:45,,15.27,2731,15.27,15.25,15.26,,61.0
2018-08-29 14:50,,15.27,2731,15.27,15.24,15.27,,185.0
2018-08-29 14:55,,15.28,2731,15.28,15.27,15.27,,177.0
2018-08-29 15:00,,15.28,2731,15.28,15.28,15.28,,117.0
2018-08-30 09:35,,15.26,2731,15.32,15.23,15.23,,57.0
2018-08-30 09:40,,15.27,2731,15.27,15.26,15.26,,55.0
2018-08-30 09:45,,15.28,2731,15.31,15.27,15.27,,123.0
2018-08-30 09:50,,15.28,2731,15.31,15.26,15.28,,49.0
2018-08-30 09:55,,15.27,2731,15.28,15.27,15.28,,22.0
2018-08-30 10:00,,15.27,2731,15.27,15.27,15.27,,3.0
2018-08-30 10:05,,15.26,2731,15.27,15.26,15.27,,31.0
2018-08-30 10:10,,15.3,2731,15.3,15.24,15.26,,122.0
2018-08-30 10:15,,15.31,2731,15.31,15.3,15.3,,24.0
2018-08-30 10:20,,15.27,2731,15.31,15.27,15.31,,80.0
2018-08-30 10:25,,15.27,2731,15.28,15.26,15.27,,114.0
2018-08-30 10:30,,15.24,2731,15.27,15.24,15.27,,67.0
2018-08-30 10:35,,15.24,2731,15.25,15.23,15.24,,79.0
2018-08-30 10:40,,15.25,2731,15.25,15.23,15.24,,74.0
2018-08-30 10:45,,15.25,2731,15.25,15.25,15.25,,21.0
2018-08-30 10:50,,15.24,2731,15.25,15.22,15.25,,231.0
2018-08-30 10:55,,15.25,2731,15.25,15.24,15.24,,36.0
2018-08-30 11:00,,15.21,2731,15.25,15.21,15.25,,119.0
2018-08-30 11:05,,15.18,2731,15.24,15.18,15.21,,194.0
2018-08-30 11:10,,15.21,2731,15.22,15.18,15.18,,35.0
2018-08-30 11:15,,15.17,2731,15.21,15.17,15.21,,171.0
2018-08-30 11:20,,15.18,2731,15.18,15.16,15.17,,165.0
2018-08-30 11:25,,15.24,2731,15.24,15.17,15.18,,102.0
2018-08-30 11:30,,15.23,2731,15.24,15.23,15.24,,119.0
2018-08-30 13:05,,15.17,2731,15.23,15.17,15.23,,17.0
2018-08-30 13:15,,15.23,2731,15.23,15.17,15.17,,41.0
2018-08-30 13:20,,15.21,2731,15.23,15.21,15.23,,24.0
2018-08-30 13:25,,15.22,2731,15.22,15.21,15.21,,37.0
2018-08-30 13:30,,15.22,2731,15.22,15.21,15.22,,35.0
2018-08-30 13:35,,15.22,2731,15.22,15.18,15.22,,44.0
2018-08-30 13:40,,15.22,2731,15.22,15.22,15.22,,35.0
2018-08-30 13:45,,15.23,2731,15.23,15.22,15.22,,36.0
2018-08-30 13:50,,15.25,2731,15.25,15.23,15.23,,33.0
2018-08-30 13:55,,15.25,2731,15.25,15.24,15.25,,77.0
2018-08-30 14:00,,15.27,2731,15.27,15.25,15.25,,63.0
2018-08-30 14:05,,15.26,2731,15.27,15.25,15.27,,157.0
2018-08-30 14:10,,15.25,2731,15.26,15.25,15.26,,20.0
2018-08-30 14:15,,15.2,2731,15.25,15.18,15.25,,2666.0
2018-08-30 14:25,,15.25,2731,15.25,15.2,15.2,,13.0
2018-08-30 14:30,,15.27,2731,15.27,15.25,15.25,,52.0
2018-08-30 14:35,,15.27,2731,15.29,15.27,15.27,,121.0
2018-08-30 14:40,,15.25,2731,15.27,15.25,15.27,,33.0
2018-08-30 14:45,,15.22,2731,15.25,15.22,15.25,,393.0
2018-08-30 14:50,,15.27,2731,15.27,15.22,15.22,,61.0
2018-08-30 14:55,,15.26,2731,15.28,15.26,15.27,,99.0
2018-08-30 15:00,,15.28,2731,15.28,15.25,15.26,,50.0
2018-08-31 09:35,,15.3,2731,15.31,15.27,15.28,,113.0
2018-08-31 09:40,,15.29,2731,15.3,15.24,15.3,,17.0
2018-08-31 09:45,,15.23,2731,15.29,15.23,15.29,,56.0
2018-08-31 09:50,,15.25,2731,15.25,15.23,15.23,,6.0
2018-08-31 09:55,,15.29,2731,15.29,15.23,15.25,,45.0
2018-08-31 10:00,,15.29,2731,15.3,15.29,15.29,,21.0
2018-08-31 10:05,,15.26,2731,15.29,15.26,15.29,,29.0
2018-08-31 10:10,,15.25,2731,15.26,15.25,15.26,,59.0
2018-08-31 10:15,,15.25,2731,15.25,15.25,15.25,,32.0
2018-08-31 10:20,,15.24,2731,15.25,15.24,15.25,,42.0
2018-08-31 10:25,,15.28,2731,15.28,15.24,15.24,,13.0
2018-08-31 10:30,,15.24,2731,15.28,15.24,15.28,,38.0
2018-08-31 10:35,,15.25,2731,15.25,15.24,15.24,,7.0
2018-08-31 10:40,,15.26,2731,15.26,15.25,15.25,,31.0
2018-08-31 10:45,,15.27,2731,15.27,15.26,15.26,,29.0
2018-08-31 10:50,,15.28,2731,15.28,15.27,15.27,,20.0
2018-08-31 10:55,,15.26,2731,15.29,15.26,15.28,,7.0
2018-08-31 11:00,,15.29,2731,15.29,15.26,15.26,,48.0
2018-08-31 11:05,,15.25,2731,15.29,15.25,15.29,,30.0
2018-08-31 11:10,,15.29,2731,15.29,15.25,15.25,,76.0
2018-08-31 11:15,,15.29,2731,15.29,15.29,15.29,,15.0
2018-08-31 11:20,,15.28,2731,15.29,15.26,15.29,,33.0
2018-08-31 11:25,,15.29,2731,15.29,15.28,15.28,,57.0
2018-08-31 11:30,,15.24,2731,15.29,15.24,15.29,,36.0
2018-08-31 13:05,,15.25,2731,15.29,15.24,15.24,,116.0
2018-08-31 13:10,,15.26,2731,15.26,15.25,15.25,,243.0
2018-08-31 13:15,,15.28,2731,15.28,15.26,15.26,,228.0
2018-08-31 13:20,,15.3,2731,15.3,15.26,15.28,,1240.0
2018-08-31 13:25,,15.27,2731,15.3,15.27,15.3,,25.0
2018-08-31 13:30,,15.3,2731,15.3,15.27,15.27,,51.0
2018-08-31 13:35,,15.29,2731,15.3,15.29,15.3,,66.0
2018-08-31 13:40,,15.29,2731,15.29,15.28,15.29,,114.0
2018-08-31 13:45,,15.29,2731,15.29,15.28,15.29,,120.0
2018-08-31 13:50,,15.29,2731,15.29,15.27,15.29,,52.0
2018-08-31 13:55,,15.29,2731,15.29,15.29,15.29,,38.0
2018-08-31 14:00,,15.29,2731,15.29,15.29,15.29,,37.0
2018-08-31 14:05,,15.29,2731,15.29,15.29,15.29,,27.0
2018-08-31 14:10,,15.3,2731,15.3,15.27,15.29,,131.0
2018-08-31 14:15,,15.29,2731,15.3,15.28,15.3,,35.0
2018-08-31 14:20,,15.29,2731,15.29,15.29,15.29,,61.0
2018-08-31 14:25,,15.29,2731,15.29,15.28,15.29,,68.0
2018-08-31 14:30,,15.3,2731,15.3,15.29,15.29,,99.0
2018-08-31 14:35,,15.3,2731,15.3,15.29,15.3,,76.0
2018-08-31 14:40,,15.3,2731,15.3,15.3,15.3,,25.0
2018-08-31 14:45,,15.29,2731,15.3,15.28,15.3,,45.0
2018-08-31 14:50,,15.28,2731,15.29,15.27,15.29,,93.0
2018-08-31 14:55,,15.28,2731,15.3,15.28,15.28,,76.0
2018-08-31 15:00,,15.29,2731,15.29,15.28,15.28,,55.0
2018-09-03 09:35,,15.27,2731,15.27,15.2,15.25,,457.0
2018-09-03 09:40,,15.21,2731,15.27,15.2,15.27,,437.0
2018-09-03 09:45,,15.22,2731,15.22,15.21,15.21,,302.0
2018-09-03 09:50,,15.21,2731,15.22,15.21,15.22,,186.0
2018-09-03 09:55,,15.2,2731,15.22,15.19,15.21,,217.0
2018-09-03 10:00,,15.19,2731,15.2,15.19,15.2,,234.0
2018-09-03 10:05,,15.16,2731,15.2,15.16,15.18,,338.0
2018-09-03 10:10,,15.2,2731,15.2,15.16,15.16,,195.0
2018-09-03 10:15,,15.2,2731,15.2,15.17,15.2,,143.0
2018-09-03 10:20,,15.2,2731,15.2,15.15,15.2,,423.0
2018-09-03 10:25,,15.18,2731,15.22,15.17,15.2,,157.0
2018-09-03 10:30,,15.16,2731,15.18,15.16,15.18,,168.0
2018-09-03 10:35,,15.2,2731,15.2,15.15,15.16,,172.0
2018-09-03 10:40,,15.22,2731,15.22,15.19,15.2,,132.0
2018-09-03 10:45,,15.25,2731,15.25,15.16,15.22,,131.0
2018-09-03 10:50,,15.25,2731,15.28,15.2,15.25,,184.0
2018-09-03 10:55,,15.25,2731,15.25,15.24,15.25,,35.0
2018-09-03 11:00,,15.25,2731,15.25,15.23,15.25,,72.0
2018-09-03 11:05,,15.21,2731,15.25,15.21,15.25,,44.0
2018-09-03 11:10,,15.21,2731,15.21,15.21,15.21,,15.0
2018-09-03 11:15,,15.22,2731,15.22,15.2,15.21,,18.0
2018-09-03 11:20,,15.2,2731,15.22,15.2,15.22,,35.0
2018-09-03 11:25,,15.22,2731,15.22,15.2,15.2,,60.0
2018-09-03 11:30,,15.22,2731,15.22,15.21,15.22,,53.0
2018-09-03 13:05,,15.22,2731,15.22,15.2,15.22,,40.0
2018-09-03 13:10,,15.21,2731,15.22,15.2,15.22,,54.0
2018-09-03 13:15,,15.23,2731,15.23,15.21,15.21,,71.0
2018-09-03 13:20,,15.25,2731,15.25,15.18,15.23,,91.0
2018-09-03 13:25,,15.25,2731,15.25,15.19,15.25,,86.0
2018-09-03 13:30,,15.21,2731,15.27,15.21,15.25,,80.0
2018-09-03 13:35,,15.2,2731,15.21,15.2,15.21,,88.0
2018-09-03 13:40,,15.22,2731,15.22,15.2,15.2,,122.0
2018-09-03 13:45,,15.2,2731,15.22,15.2,15.22,,80.0
2018-09-03 13:50,,15.22,2731,15.22,15.2,15.2,,10.0
2018-09-03 13:55,,15.25,2731,15.25,15.22,15.22,,28.0
2018-09-03 14:00,,15.25,2731,15.25,15.25,15.25,,12.0
2018-09-03 14:05,,15.25,2731,15.25,15.25,15.25,,15.0
2018-09-03 14:10,,15.27,2731,15.27,15.25,15.25,,83.0
2018-09-03 14:15,,15.25,2731,15.27,15.25,15.27,,85.0
2018-09-03 14:20,,15.28,2731,15.28,15.25,15.25,,34.0
2018-09-03 14:25,,15.27,2731,15.28,15.25,15.28,,22.0
2018-09-03 14:30,,15.27,2731,15.27,15.25,15.27,,31.0
2018-09-03 14:35,,15.27,2731,15.27,15.24,15.27,,24.0
2018-09-03 14:40,,15.27,2731,15.27,15.24,15.25,,50.0
2018-09-03 14:45,,15.25,2731,15.28,15.25,15.27,,43.0
2018-09-03 14:50,,15.28,2731,15.29,15.25,15.25,,242.0
2018-09-03 14:55,,15.25,2731,15.29,15.25,15.28,,106.0
2018-09-03 15:00,,15.29,2731,15.29,15.25,15.25,,283.0
2018-09-04 09:35,,15.25,2731,15.25,15.23,15.23,,92.0
2018-09-04 09:40,,15.25,2731,15.25,15.23,15.25,,111.0
2018-09-04 09:45,,15.27,2731,15.27,15.23,15.25,,91.0
2018-09-04 09:50,,15.25,2731,15.28,15.25,15.27,,447.0
2018-09-04 09:55,,15.27,2731,15.28,15.25,15.25,,260.0
2018-09-04 10:00,,15.28,2731,15.28,15.25,15.27,,126.0
2018-09-04 10:05,,15.25,2731,15.28,15.25,15.28,,140.0
2018-09-04 10:10,,15.23,2731,15.28,15.23,15.25,,347.0
2018-09-04 10:15,,15.23,2731,15.24,15.23,15.23,,98.0
2018-09-04 10:20,,15.23,2731,15.27,15.23,15.23,,347.0
2018-09-04 10:25,,15.22,2731,15.23,15.22,15.23,,26.0
2018-09-04 10:30,,15.23,2731,15.23,15.21,15.22,,45.0
2018-09-04 10:35,,15.22,2731,15.23,15.22,15.23,,57.0
2018-09-04 10:40,,15.23,2731,15.23,15.22,15.22,,102.0
2018-09-04 10:45,,15.23,2731,15.23,15.22,15.23,,240.0
2018-09-04 10:50,,15.2,2731,15.23,15.2,15.23,,84.0
2018-09-04 11:00,,15.24,2731,15.25,15.24,15.25,,169.0
2018-09-04 11:05,,15.23,2731,15.25,15.23,15.24,,113.0
2018-09-04 11:10,,15.25,2731,15.25,15.23,15.23,,192.0
2018-09-04 11:15,,15.23,2731,15.25,15.21,15.25,,192.0
2018-09-04 11:20,,15.19,2731,15.23,15.19,15.23,,205.0
2018-09-04 11:25,,15.23,2731,15.23,15.19,15.19,,171.0
2018-09-04 11:30,,15.2,2731,15.23,15.2,15.23,,46.0
2018-09-04 13:05,,15.2,2731,15.22,15.2,15.2,,103.0
2018-09-04 13:10,,15.22,2731,15.22,15.2,15.2,,20.0
2018-09-04 13:15,,15.22,2731,15.23,15.2,15.22,,27.0
2018-09-04 13:20,,15.23,2731,15.23,15.22,15.22,,22.0
2018-09-04 13:25,,15.25,2731,15.25,15.23,15.23,,30.0
2018-09-04 13:30,,15.24,2731,15.26,15.24,15.25,,38.0
2018-09-04 13:35,,15.27,2731,15.27,15.24,15.24,,81.0
2018-09-04 13:40,,15.28,2731,15.28,15.27,15.27,,67.0
2018-09-04 13:45,,15.28,2731,15.29,15.28,15.28,,59.0
2018-09-04 13:50,,15.29,2731,15.29,15.28,15.28,,98.0
2018-09-04 13:55,,15.29,2731,15.29,15.29,15.29,,97.0
2018-09-04 14:00,,15.29,2731,15.29,15.28,15.29,,187.0
2018-09-04 14:05,,15.29,2731,15.3,15.29,15.29,,99.0
2018-09-04 14:10,,15.28,2731,15.3,15.27,15.29,,176.0
2018-09-04 14:15,,15.3,2731,15.31,15.27,15.28,,217.0
2018-09-04 14:20,,15.27,2731,15.31,15.26,15.3,,285.0
2018-09-04 14:25,,15.25,2731,15.28,15.25,15.27,,419.0
2018-09-04 14:30,,15.25,2731,15.26,15.25,15.25,,415.0
2018-09-04 14:35,,15.25,2731,15.25,15.24,15.25,,166.0
2018-09-04 14:40,,15.26,2731,15.26,15.25,15.25,,396.0
2018-09-04 14:45,,15.26,2731,15.26,15.25,15.26,,1095.0
2018-09-04 14:50,,15.25,2731,15.26,15.25,15.26,,169.0
2018-09-04 14:55,,15.25,2731,15.26,15.25,15.25,,165.0
2018-09-04 15:00,,15.25,2731,15.25,15.23,15.25,,107.0
2018-09-05 09:35,,15.2,2731,15.28,15.2,15.28,,398.0
2018-09-05 09:40,,15.2,2731,15.25,15.2,15.2,,140.0
2018-09-05 09:45,,15.25,2731,15.25,15.2,15.2,,114.0
2018-09-05 09:50,,15.25,2731,15.25,15.22,15.25,,117.0
2018-09-05 09:55,,15.24,2731,15.25,15.18,15.25,,182.0
2018-09-05 10:00,,15.2,2731,15.25,15.2,15.24,,79.0
2018-09-05 10:05,,15.21,2731,15.24,15.2,15.2,,1419.0
2018-09-05 10:10,,15.21,2731,15.23,15.21,15.21,,486.0
2018-09-05 10:15,,15.21,2731,15.24,15.21,15.21,,328.0
2018-09-05 10:20,,15.22,2731,15.25,15.21,15.21,,1493.0
2018-09-05 10:25,,15.2,2731,15.25,15.2,15.22,,94.0
2018-09-05 10:30,,15.21,2731,15.21,15.2,15.2,,201.0
2018-09-05 10:35,,15.21,2731,15.21,15.21,15.21,,34.0
2018-09-05 10:40,,15.2,2731,15.21,15.2,15.21,,44.0
2018-09-05 10:45,,15.2,2731,15.21,15.2,15.2,,28.0
2018-09-05 10:50,,15.23,2731,15.23,15.2,15.2,,13.0
2018-09-05 10:55,,15.22,2731,15.23,15.22,15.23,,92.0
2018-09-05 11:00,,15.22,2731,15.23,15.22,15.22,,67.0
2018-09-05 11:05,,15.22,2731,15.24,15.22,15.22,,268.0
2018-09-05 11:10,,15.23,2731,15.24,15.22,15.22,,144.0
2018-09-05 11:15,,15.23,2731,15.24,15.23,15.23,,78.0
2018-09-05 11:20,,15.23,2731,15.23,15.22,15.23,,52.0
2018-09-05 11:25,,15.24,2731,15.24,15.23,15.23,,31.0
2018-09-05 11:30,,15.22,2731,15.24,15.22,15.24,,28.0
2018-09-05 13:05,,15.25,2731,15.25,15.22,15.22,,47.0
2018-09-05 13:10,,15.25,2731,15.25,15.25,15.25,,84.0
2018-09-05 13:15,,15.22,2731,15.26,15.22,15.25,,80.0
2018-09-05 13:20,,15.22,2731,15.23,15.22,15.22,,68.0
2018-09-05 13:25,,15.22,2731,15.22,15.22,15.22,,31.0
2018-09-05 13:30,,15.22,2731,15.22,15.22,15.22,,27.0
2018-09-05 13:35,,15.25,2731,15.25,15.22,15.22,,21.0
2018-09-05 13:40,,15.24,2731,15.25,15.23,15.25,,11.0
2018-09-05 13:45,,15.25,2731,15.25,15.23,15.24,,24.0
2018-09-05 13:50,,15.25,2731,15.25,15.24,15.25,,55.0
2018-09-05 13:55,,15.24,2731,15.25,15.24,15.25,,65.0
2018-09-05 14:00,,15.25,2731,15.25,15.23,15.24,,65.0
2018-09-05 14:05,,15.24,2731,15.25,15.22,15.25,,66.0
2018-09-05 14:10,,15.23,2731,15.25,15.23,15.24,,66.0
2018-09-05 14:15,,15.25,2731,15.25,15.21,15.23,,82.0
2018-09-05 14:20,,15.25,2731,15.25,15.24,15.25,,60.0
2018-09-05 14:25,,15.21,2731,15.25,15.21,15.25,,132.0
2018-09-05 14:30,,15.2,2731,15.21,15.19,15.21,,244.0
2018-09-05 14:35,,15.2,2731,15.2,15.2,15.2,,69.0
2018-09-05 14:40,,15.23,2731,15.23,15.2,15.2,,151.0
2018-09-05 14:45,,15.2,2731,15.23,15.2,15.23,,131.0
2018-09-05 14:50,,15.2,2731,15.2,15.19,15.2,,301.0
2018-09-05 14:55,,15.2,2731,15.2,15.18,15.2,,925.0
2018-09-05 15:00,,15.18,2731,15.2,15.18,15.2,,219.0
2018-09-06 09:35,,15.23,2731,15.23,15.17,15.18,,161.0
2018-09-06 09:40,,15.23,2731,15.24,15.23,15.23,,107.0
2018-09-06 09:45,,15.23,2731,15.24,15.22,15.23,,94.0
2018-09-06 09:50,,15.23,2731,15.23,15.22,15.23,,118.0
2018-09-06 09:55,,15.23,2731,15.24,15.22,15.23,,62.0
2018-09-06 10:00,,15.24,2731,15.24,15.23,15.23,,74.0
2018-09-06 10:05,,15.24,2731,15.24,15.22,15.24,,528.0
2018-09-06 10:10,,15.24,2731,15.24,15.23,15.24,,74.0
2018-09-06 10:15,,15.23,2731,15.25,15.22,15.24,,150.0
2018-09-06 10:20,,15.23,2731,15.23,15.22,15.23,,213.0
2018-09-06 10:25,,15.24,2731,15.24,15.23,15.23,,274.0
2018-09-06 10:30,,15.24,2731,15.24,15.24,15.24,,62.0
2018-09-06 10:35,,15.23,2731,15.24,15.23,15.24,,106.0
2018-09-06 10:40,,15.23,2731,15.24,15.23,15.23,,39.0
2018-09-06 10:45,,15.24,2731,15.24,15.23,15.23,,42.0
2018-09-06 10:50,,15.23,2731,15.24,15.23,15.24,,50.0
2018-09-06 10:55,,15.23,2731,15.23,15.23,15.23,,124.0
2018-09-06 11:00,,15.21,2731,15.23,15.21,15.23,,148.0
2018-09-06 11:05,,15.23,2731,15.23,15.21,15.21,,92.0
2018-09-06 11:10,,15.23,2731,15.23,15.2,15.23,,39.0
2018-09-06 11:15,,15.23,2731,15.23,15.23,15.23,,41.0
2018-09-06 11:25,,15.23,2731,15.23,15.21,15.23,,31.0
2018-09-06 11:30,,15.23,2731,15.23,15.23,15.23,,12.0
2018-09-06 13:05,,15.23,2731,15.23,15.23,15.23,,63.0
2018-09-06 13:10,,15.21,2731,15.23,15.21,15.23,,115.0
2018-09-06 13:15,,15.2,2731,15.21,15.2,15.21,,128.0
2018-09-06 13:20,,15.2,2731,15.2,15.2,15.2,,326.0
2018-09-06 13:25,,15.18,2731,15.2,15.18,15.2,,167.0
2018-09-06 13:30,,15.18,2731,15.2,15.18,15.18,,144.0
2018-09-06 13:35,,15.18,2731,15.21,15.18,15.18,,111.0
2018-09-06 13:40,,15.19,2731,15.21,15.18,15.18,,86.0
2018-09-06 13:45,,15.18,2731,15.22,15.18,15.19,,241.0
2018-09-06 13:50,,15.18,2731,15.18,15.17,15.18,,51.0
2018-09-06 13:55,,15.18,2731,15.2,15.17,15.18,,111.0
2018-09-06 14:00,,15.18,2731,15.18,15.18,15.18,,71.0
2018-09-06 14:05,,15.16,2731,15.18,15.15,15.18,,297.0
2018-09-06 14:10,,15.15,2731,15.17,15.15,15.16,,232.0
2018-09-06 14:15,,15.17,2731,15.17,15.15,15.15,,170.0
2018-09-06 14:20,,15.16,2731,15.17,15.15,15.17,,102.0
2018-09-06 14:25,,15.2,2731,15.2,15.16,15.16,,99.0
2018-09-06 14:30,,15.23,2731,15.23,15.2,15.2,,112.0
2018-09-06 14:35,,15.23,2731,15.23,15.22,15.23,,99.0
2018-09-06 14:40,,15.18,2731,15.24,15.18,15.23,,18.0
2018-09-06 14:45,,15.17,2731,15.22,15.17,15.18,,93.0
2018-09-06 14:50,,15.18,2731,15.23,15.17,15.17,,135.0
2018-09-06 14:55,,15.18,2731,15.23,15.18,15.18,,27.0
2018-09-06 15:00,,15.23,2731,15.23,15.18,15.18,,92.0
2018-09-07 09:35,,15.23,2731,15.23,15.19,15.2,,625.0
2018-09-07 09:40,,15.24,2731,15.24,15.23,15.23,,28.0
2018-09-07 09:45,,15.26,2731,15.26,15.24,15.24,,108.0
2018-09-07 09:50,,15.24,2731,15.26,15.21,15.26,,354.0
2018-09-07 09:55,,15.24,2731,15.24,15.24,15.24,,68.0
2018-09-07 10:00,,15.25,2731,15.25,15.21,15.24,,248.0
2018-09-07 10:05,,15.25,2731,15.25,15.23,15.25,,113.0
2018-09-07 10:10,,15.24,2731,15.25,15.24,15.25,,127.0
2018-09-07 10:15,,15.24,2731,15.24,15.24,15.24,,86.0
2018-09-07 10:20,,15.25,2731,15.25,15.24,15.24,,83.0
2018-09-07 10:25,,15.25,2731,15.25,15.23,15.25,,200.0
2018-09-07 10:30,,15.25,2731,15.26,15.25,15.25,,348.0
2018-09-07 10:35,,15.25,2731,15.27,15.25,15.25,,144.0
2018-09-07 10:40,,15.26,2731,15.26,15.25,15.25,,58.0
2018-09-07 10:45,,15.26,2731,15.26,15.25,15.26,,245.0
2018-09-07 10:50,,15.26,2731,15.26,15.25,15.26,,117.0
2018-09-07 10:55,,15.25,2731,15.26,15.25,15.26,,35.0
2018-09-07 11:00,,15.26,2731,15.26,15.25,15.25,,17.0
2018-09-07 11:05,,15.26,2731,15.26,15.26,15.26,,46.0
2018-09-07 11:10,,15.27,2731,15.27,15.26,15.26,,68.0
2018-09-07 11:15,,15.27,2731,15.27,15.26,15.27,,68.0
2018-09-07 11:20,,15.26,2731,15.26,15.25,15.26,,87.0
2018-09-07 11:25,,15.26,2731,15.26,15.25,15.26,,45.0
2018-09-07 11:30,,15.26,2731,15.26,15.25,15.26,,106.0
2018-09-07 13:05,,15.27,2731,15.27,15.24,15.26,,420.0
2018-09-07 13:10,,15.25,2731,15.27,15.25,15.27,,114.0
2018-09-07 13:15,,15.27,2731,15.27,15.25,15.25,,143.0
2018-09-07 13:20,,15.27,2731,15.28,15.26,15.27,,43.0
2018-09-07 13:25,,15.27,2731,15.27,15.26,15.27,,174.0
2018-09-07 13:30,,15.28,2731,15.28,15.27,15.27,,339.0
2018-09-07 13:35,,15.29,2731,15.29,15.28,15.28,,140.0
2018-09-07 13:40,,15.29,2731,15.3,15.29,15.29,,184.0
2018-09-07 13:45,,15.36,2731,15.36,15.29,15.29,,1219.0
2018-09-07 13:50,,15.41,2731,15.44,15.38,15.38,,1522.0
2018-09-07 13:55,,15.4,2731,15.41,15.38,15.41,,215.0
2018-09-07 14:00,,15.41,2731,15.41,15.39,15.4,,141.0
2018-09-07 14:05,,15.41,2731,15.41,15.39,15.41,,237.0
2018-09-07 14:10,,15.41,2731,15.42,15.4,15.41,,464.0
2018-09-07 14:15,,15.41,2731,15.41,15.4,15.41,,159.0
2018-09-07 14:20,,15.42,2731,15.42,15.41,15.41,,257.0
2018-09-07 14:25,,15.43,2731,15.6,15.42,15.42,,2892.0
2018-09-07 14:30,,15.46,2731,15.5,15.41,15.43,,1151.0
2018-09-07 14:35,,15.41,2731,15.46,15.4,15.46,,373.0
2018-09-07 14:40,,15.41,2731,15.41,15.4,15.41,,181.0
2018-09-07 14:45,,15.4,2731,15.41,15.4,15.41,,107.0
2018-09-07 14:50,,15.41,2731,15.41,15.4,15.4,,281.0
2018-09-07 14:55,,15.4,2731,15.41,15.33,15.41,,574.0
2018-09-07 15:00,,15.32,2731,15.4,15.32,15.4,,369.0
2018-09-10 09:35,,15.26,2731,15.35,15.26,15.27,,621.0
2018-09-10 09:40,,15.26,2731,15.34,15.24,15.26,,689.0
2018-09-10 09:45,,15.23,2731,15.26,15.19,15.26,,572.0
2018-09-10 09:50,,15.23,2731,15.23,15.2,15.23,,64.0
2018-09-10 09:55,,15.21,2731,15.23,15.2,15.23,,104.0
2018-09-10 10:00,,15.21,2731,15.23,15.21,15.21,,87.0
2018-09-10 10:05,,15.23,2731,15.23,15.21,15.21,,173.0
2018-09-10 10:10,,15.22,2731,15.23,15.22,15.23,,77.0
2018-09-10 10:15,,15.23,2731,15.23,15.21,15.22,,70.0
2018-09-10 10:20,,15.23,2731,15.23,15.21,15.23,,102.0
2018-09-10 10:25,,15.23,2731,15.23,15.21,15.23,,82.0
2018-09-10 10:30,,15.22,2731,15.23,15.22,15.23,,95.0
2018-09-10 10:35,,15.2,2731,15.22,15.2,15.22,,309.0
2018-09-10 10:40,,15.22,2731,15.22,15.2,15.2,,83.0
2018-09-10 10:45,,15.22,2731,15.22,15.18,15.22,,164.0
2018-09-10 10:50,,15.2,2731,15.22,15.2,15.22,,149.0
2018-09-10 10:55,,15.23,2731,15.23,15.2,15.2,,50.0
2018-09-10 11:00,,15.24,2731,15.24,15.21,15.23,,178.0
2018-09-10 11:05,,15.21,2731,15.25,15.21,15.24,,99.0
2018-09-10 11:10,,15.24,2731,15.24,15.21,15.21,,34.0
2018-09-10 11:15,,15.22,2731,15.24,15.21,15.24,,64.0
2018-09-10 11:20,,15.21,2731,15.22,15.21,15.22,,152.0
2018-09-10 11:25,,15.22,2731,15.23,15.21,15.21,,107.0
2018-09-10 11:30,,15.22,2731,15.23,15.22,15.22,,39.0
2018-09-10 13:05,,15.22,2731,15.23,15.22,15.22,,166.0
2018-09-10 13:10,,15.22,2731,15.22,15.21,15.22,,259.0
2018-09-10 13:15,,15.24,2731,15.24,15.22,15.22,,193.0
2018-09-10 13:20,,15.22,2731,15.24,15.21,15.24,,292.0
2018-09-10 13:25,,15.21,2731,15.22,15.21,15.22,,163.0
2018-09-10 13:30,,15.21,2731,15.22,15.21,15.21,,119.0
2018-09-10 13:35,,15.24,2731,15.24,15.21,15.21,,394.0
2018-09-10 13:40,,15.25,2731,15.25,15.21,15.24,,175.0
2018-09-10 13:45,,15.24,2731,15.25,15.24,15.25,,67.0
2018-09-10 13:50,,15.21,2731,15.25,15.21,15.24,,128.0
2018-09-10 13:55,,15.25,2731,15.25,15.2,15.21,,41.0
2018-09-10 14:00,,15.25,2731,15.26,15.24,15.25,,276.0
2018-09-10 14:05,,15.22,2731,15.27,15.22,15.25,,166.0
2018-09-10 14:10,,15.24,2731,15.26,15.22,15.22,,64.0
2018-09-10 14:15,,15.24,2731,15.26,15.24,15.24,,150.0
2018-09-10 14:20,,15.21,2731,15.26,15.21,15.24,,130.0
2018-09-10 14:25,,15.17,2731,15.21,15.13,15.21,,1059.0
2018-09-10 14:30,,15.17,2731,15.2,15.17,15.17,,614.0
2018-09-10 14:35,,15.22,2731,15.22,15.16,15.17,,37.0
2018-09-10 14:40,,15.18,2731,15.22,15.16,15.22,,49.0
2018-09-10 14:45,,15.25,2731,15.25,15.16,15.18,,179.0
2018-09-10 14:50,,15.25,2731,15.25,15.22,15.25,,61.0
2018-09-10 14:55,,15.18,2731,15.25,15.15,15.25,,204.0
2018-09-10 15:00,,15.16,2731,15.18,15.16,15.18,,106.0
2018-09-11 09:35,,15.18,2731,15.18,15.08,15.1,,551.0
2018-09-11 09:40,,15.16,2731,15.2,15.13,15.18,,159.0
2018-09-11 09:45,,15.2,2731,15.2,15.14,15.16,,159.0
2018-09-11 09:50,,15.2,2731,15.2,15.14,15.2,,46.0
2018-09-11 09:55,,15.19,2731,15.2,15.14,15.2,,27.0
2018-09-11 10:00,,15.19,2731,15.19,15.14,15.19,,144.0
2018-09-11 10:05,,15.19,2731,15.19,15.15,15.19,,72.0
2018-09-11 10:10,,15.19,2731,15.19,15.16,15.19,,70.0
2018-09-11 10:15,,15.2,2731,15.2,15.19,15.19,,13.0
2018-09-11 10:20,,15.18,2731,15.21,15.18,15.2,,371.0
2018-09-11 10:25,,15.21,2731,15.21,15.1,15.18,,841.0
2018-09-11 10:30,,15.17,2731,15.21,15.17,15.21,,200.0
2018-09-11 10:35,,15.15,2731,15.17,15.14,15.17,,597.0
2018-09-11 10:40,,15.19,2731,15.2,15.15,15.15,,64.0
2018-09-11 10:45,,15.19,2731,15.2,15.19,15.19,,63.0
2018-09-11 10:50,,15.21,2731,15.21,15.19,15.19,,279.0
2018-09-11 10:55,,15.19,2731,15.21,15.19,15.21,,50.0
2018-09-11 11:00,,15.21,2731,15.21,15.19,15.19,,68.0
2018-09-11 11:05,,15.21,2731,15.22,15.19,15.21,,69.0
2018-09-11 11:10,,15.22,2731,15.22,15.21,15.21,,60.0
2018-09-11 11:15,,15.22,2731,15.22,15.22,15.22,,23.0
2018-09-11 11:20,,15.19,2731,15.22,15.19,15.22,,24.0
2018-09-11 11:25,,15.22,2731,15.22,15.19,15.19,,39.0
2018-09-11 13:05,,15.22,2731,15.22,15.19,15.22,,126.0
2018-09-11 13:10,,15.2,2731,15.23,15.18,15.22,,76.0
2018-09-11 13:15,,15.18,2731,15.2,15.18,15.2,,90.0
2018-09-11 13:20,,15.2,2731,15.2,15.18,15.18,,71.0
2018-09-11 13:25,,15.22,2731,15.22,15.2,15.2,,81.0
2018-09-11 13:30,,15.23,2731,15.23,15.22,15.22,,263.0
2018-09-11 13:35,,15.25,2731,15.25,15.22,15.23,,97.0
2018-09-11 13:40,,15.23,2731,15.25,15.23,15.25,,45.0
2018-09-11 13:50,,15.24,2731,15.24,15.23,15.23,,110.0
2018-09-11 13:55,,15.23,2731,15.24,15.23,15.24,,38.0
2018-09-11 14:00,,15.24,2731,15.24,15.23,15.23,,79.0
2018-09-11 14:05,,15.25,2731,15.25,15.24,15.24,,50.0
2018-09-11 14:10,,15.23,2731,15.25,15.23,15.25,,61.0
2018-09-11 14:15,,15.25,2731,15.25,15.23,15.23,,203.0
2018-09-11 14:20,,15.22,2731,15.25,15.22,15.25,,188.0
2018-09-11 14:25,,15.23,2731,15.23,15.22,15.22,,33.0
2018-09-11 14:30,,15.23,2731,15.24,15.22,15.23,,34.0
2018-09-11 14:35,,15.27,2731,15.27,15.23,15.23,,201.0
2018-09-11 14:40,,15.27,2731,15.27,15.26,15.27,,132.0
2018-09-11 14:45,,15.26,2731,15.28,15.26,15.27,,268.0
2018-09-11 14:50,,15.25,2731,15.26,15.24,15.26,,154.0
2018-09-11 14:55,,15.22,2731,15.26,15.22,15.25,,328.0
2018-09-11 15:00,,15.24,2731,15.24,15.22,15.22,,181.0
2018-09-12 09:35,,15.23,2731,15.23,15.2,15.2,,128.0
2018-09-12 09:40,,15.24,2731,15.24,15.2,15.23,,50.0
2018-09-12 09:45,,15.24,2731,15.24,15.24,15.24,,110.0
2018-09-12 09:50,,15.25,2731,15.26,15.24,15.24,,42.0
2018-09-12 09:55,,15.24,2731,15.26,15.24,15.25,,32.0
2018-09-12 10:00,,15.24,2731,15.25,15.24,15.24,,11.0
2018-09-12 10:05,,15.23,2731,15.25,15.23,15.24,,47.0
2018-09-12 10:10,,15.25,2731,15.25,15.23,15.23,,86.0
2018-09-12 10:15,,15.23,2731,15.25,15.23,15.25,,111.0
2018-09-12 10:20,,15.26,2731,15.26,15.23,15.23,,77.0
2018-09-12 10:25,,15.27,2731,15.28,15.26,15.26,,195.0
2018-09-12 10:30,,15.28,2731,15.28,15.27,15.27,,173.0
2018-09-12 10:35,,15.28,2731,15.29,15.28,15.28,,135.0
2018-09-12 10:40,,15.27,2731,15.29,15.27,15.28,,209.0
2018-09-12 10:50,,15.27,2731,15.28,15.26,15.26,,164.0
2018-09-12 10:55,,15.28,2731,15.28,15.25,15.27,,60.0
2018-09-12 11:00,,15.28,2731,15.28,15.28,15.28,,0.0
2018-09-12 11:05,,15.26,2731,15.29,15.26,15.28,,166.0
2018-09-12 11:10,,15.26,2731,15.26,15.26,15.26,,50.0
2018-09-12 11:15,,15.26,2731,15.28,15.25,15.26,,121.0
2018-09-12 11:20,,15.28,2731,15.28,15.26,15.26,,105.0
2018-09-12 11:25,,15.3,2731,15.3,15.27,15.28,,109.0
2018-09-12 11:30,,15.29,2731,15.3,15.29,15.3,,47.0
2018-09-12 13:05,,15.3,2731,15.3,15.29,15.29,,18.0
2018-09-12 13:10,,15.32,2731,15.32,15.29,15.3,,331.0
2018-09-12 13:15,,15.3,2731,15.32,15.3,15.32,,270.0
2018-09-12 13:25,,15.28,2731,15.3,15.28,15.3,,43.0
2018-09-12 13:30,,15.28,2731,15.28,15.27,15.28,,88.0
2018-09-12 13:35,,15.26,2731,15.28,15.26,15.28,,35.0
2018-09-12 13:40,,15.29,2731,15.29,15.26,15.26,,140.0
2018-09-12 13:45,,15.28,2731,15.29,15.26,15.29,,72.0
2018-09-12 13:50,,15.28,2731,15.28,15.27,15.28,,19.0
2018-09-12 13:55,,15.29,2731,15.29,15.28,15.28,,22.0
2018-09-12 14:00,,15.29,2731,15.29,15.29,15.29,,6.0
2018-09-12 14:05,,15.28,2731,15.29,15.28,15.29,,23.0
2018-09-12 14:10,,15.28,2731,15.28,15.27,15.28,,22.0
2018-09-12 14:15,,15.27,2731,15.28,15.27,15.28,,15.0
2018-09-12 14:20,,15.26,2731,15.28,15.26,15.27,,52.0
2018-09-12 14:25,,15.26,2731,15.26,15.26,15.26,,91.0
2018-09-12 14:30,,15.29,2731,15.29,15.26,15.26,,116.0
2018-09-12 14:35,,15.28,2731,15.29,15.27,15.29,,50.0
2018-09-12 14:40,,15.26,2731,15.28,15.26,15.28,,145.0
2018-09-12 14:45,,15.27,2731,15.27,15.26,15.26,,19.0
2018-09-12 14:50,,15.28,2731,15.28,15.27,15.27,,5.0
2018-09-12 14:55,,15.29,2731,15.29,15.28,15.28,,115.0
2018-09-12 15:00,,15.3,2731,15.3,15.28,15.29,,303.0
2018-09-13 09:35,,15.32,2731,15.33,15.25,15.28,,601.0
2018-09-13 09:40,,15.33,2731,15.33,15.3,15.32,,56.0
2018-09-13 09:45,,15.32,2731,15.33,15.3,15.33,,64.0
2018-09-13 09:50,,15.33,2731,15.34,15.32,15.32,,111.0
2018-09-13 09:55,,15.34,2731,15.35,15.32,15.33,,61.0
2018-09-13 10:00,,15.34,2731,15.35,15.34,15.34,,128.0
2018-09-13 10:05,,15.34,2731,15.34,15.33,15.34,,143.0
2018-09-13 10:10,,15.34,2731,15.34,15.34,15.34,,97.0
2018-09-13 10:15,,15.36,2731,15.36,15.34,15.34,,163.0
2018-09-13 10:20,,15.35,2731,15.36,15.35,15.36,,46.0
2018-09-13 10:25,,15.36,2731,15.36,15.35,15.35,,60.0
2018-09-13 10:30,,15.36,2731,15.36,15.36,15.36,,25.0
2018-09-13 10:35,,15.37,2731,15.38,15.34,15.36,,342.0
2018-09-13 10:40,,15.38,2731,15.38,15.34,15.37,,92.0
2018-09-13 10:45,,15.39,2731,15.39,15.38,15.38,,282.0
2018-09-13 10:50,,15.34,2731,15.39,15.34,15.39,,361.0
2018-09-13 10:55,,15.34,2731,15.34,15.34,15.34,,5.0
2018-09-13 11:00,,15.35,2731,15.35,15.34,15.34,,10.0
2018-09-13 11:05,,15.35,2731,15.37,15.35,15.35,,42.0
2018-09-13 11:10,,15.37,2731,15.37,15.35,15.35,,15.0
2018-09-13 11:15,,15.37,2731,15.38,15.37,15.37,,14.0
2018-09-13 11:20,,15.32,2731,15.37,15.32,15.37,,74.0
2018-09-13 11:25,,15.33,2731,15.33,15.32,15.32,,17.0
2018-09-13 11:30,,15.33,2731,15.33,15.33,15.33,,13.0
2018-09-13 13:05,,15.37,2731,15.37,15.33,15.33,,27.0
2018-09-13 13:10,,15.35,2731,15.37,15.34,15.37,,58.0
2018-09-13 13:15,,15.37,2731,15.37,15.35,15.35,,45.0
2018-09-13 13:20,,15.35,2731,15.37,15.35,15.37,,44.0
2018-09-13 13:25,,15.36,2731,15.36,15.34,15.35,,62.0
2018-09-13 13:30,,15.37,2731,15.37,15.35,15.36,,202.0
2018-09-13 13:35,,15.37,2731,15.37,15.35,15.37,,138.0
2018-09-13 13:40,,15.37,2731,15.38,15.36,15.37,,173.0
2018-09-13 13:45,,15.36,2731,15.37,15.36,15.37,,9.0
2018-09-13 13:50,,15.37,2731,15.39,15.36,15.36,,247.0
2018-09-13 13:55,,15.36,2731,15.38,15.36,15.37,,46.0
2018-09-13 14:00,,15.38,2731,15.38,15.36,15.36,,54.0
2018-09-13 14:05,,15.39,2731,15.39,15.38,15.38,,154.0
2018-09-13 14:10,,15.4,2731,15.4,15.39,15.39,,204.0
2018-09-13 14:15,,15.41,2731,15.41,15.4,15.4,,296.0
2018-09-13 14:20,,15.38,2731,15.42,15.38,15.41,,122.0
2018-09-13 14:25,,15.4,2731,15.4,15.38,15.38,,36.0
2018-09-13 14:30,,15.4,2731,15.4,15.38,15.4,,46.0
2018-09-13 14:35,,15.41,2731,15.41,15.39,15.4,,133.0
2018-09-13 14:40,,15.41,2731,15.41,15.38,15.41,,47.0
2018-09-13 14:45,,15.38,2731,15.41,15.38,15.41,,36.0
2018-09-13 14:50,,15.4,2731,15.4,15.38,15.38,,205.0
2018-09-13 14:55,,15.4,2731,15.4,15.4,15.4,,276.0
2018-09-13 15:00,,15.4,2731,15.4,15.4,15.4,,34.0
2018-09-14 09:35,,15.42,2731,15.42,15.38,15.38,,268.0
2018-09-14 09:40,,15.43,2731,15.43,15.4,15.42,,290.0
2018-09-14 09:45,,15.43,2731,15.45,15.41,15.43,,273.0
2018-09-14 09:50,,15.44,2731,15.45,15.4,15.43,,251.0
2018-09-14 09:55,,15.31,2731,15.44,15.31,15.44,,385.0
2018-09-14 10:00,,15.37,2731,15.42,15.31,15.31,,184.0
2018-09-14 10:05,,15.37,2731,15.39,15.36,15.37,,60.0
2018-09-14 10:10,,15.36,2731,15.37,15.35,15.37,,129.0
2018-09-14 10:15,,15.4,2731,15.4,15.36,15.36,,174.0
2018-09-14 10:20,,15.41,2731,15.41,15.4,15.4,,50.0
2018-09-14 10:25,,15.39,2731,15.41,15.39,15.41,,8.0
2018-09-14 10:30,,15.39,2731,15.41,15.39,15.39,,17.0
2018-09-14 10:35,,15.39,2731,15.4,15.39,15.39,,53.0
2018-09-14 10:40,,15.37,2731,15.39,15.37,15.39,,35.0
2018-09-14 10:45,,15.37,2731,15.4,15.37,15.37,,51.0
2018-09-14 10:55,,15.42,2731,15.42,15.37,15.37,,111.0
2018-09-14 11:00,,15.41,2731,15.43,15.41,15.42,,128.0
2018-09-14 11:05,,15.37,2731,15.41,15.37,15.41,,70.0
2018-09-14 11:10,,15.39,2731,15.39,15.37,15.37,,47.0
2018-09-14 11:15,,15.37,2731,15.39,15.37,15.39,,66.0
2018-09-14 11:20,,15.36,2731,15.37,15.36,15.37,,68.0
2018-09-14 11:25,,15.38,2731,15.38,15.36,15.36,,24.0
2018-09-14 11:30,,15.39,2731,15.39,15.37,15.38,,15.0
2018-09-14 13:05,,15.38,2731,15.39,15.38,15.39,,37.0
2018-09-14 13:10,,15.39,2731,15.39,15.38,15.38,,28.0
2018-09-14 13:15,,15.37,2731,15.39,15.37,15.39,,40.0
2018-09-14 13:20,,15.4,2731,15.4,15.37,15.37,,16.0
2018-09-14 13:25,,15.39,2731,15.4,15.39,15.4,,2.0
2018-09-14 13:30,,15.4,2731,15.4,15.39,15.39,,4.0
2018-09-14 13:35,,15.39,2731,15.41,15.39,15.4,,34.0
2018-09-14 13:40,,15.39,2731,15.39,15.38,15.39,,4.0
2018-09-14 13:45,,15.37,2731,15.39,15.36,15.39,,79.0
2018-09-14 13:50,,15.38,2731,15.38,15.37,15.37,,6.0
2018-09-14 13:55,,15.39,2731,15.39,15.38,15.38,,2.0
2018-09-14 14:00,,15.41,2731,15.41,15.39,15.39,,3.0
2018-09-14 14:05,,15.41,2731,15.41,15.39,15.41,,38.0
2018-09-14 14:10,,15.4,2731,15.41,15.4,15.41,,16.0
2018-09-14 14:15,,15.4,2731,15.4,15.39,15.4,,13.0
2018-09-14 14:20,,15.4,2731,15.4,15.4,15.4,,30.0
2018-09-14 14:25,,15.4,2731,15.4,15.39,15.4,,4.0
2018-09-14 14:30,,15.39,2731,15.4,15.39,15.4,,6.0
2018-09-14 14:35,,15.38,2731,15.4,15.38,15.39,,41.0
2018-09-14 14:40,,15.39,2731,15.39,15.38,15.38,,60.0
2018-09-14 14:45,,15.38,2731,15.4,15.38,15.39,,137.0
2018-09-14 14:50,,15.39,2731,15.4,15.38,15.38,,142.0
2018-09-14 14:55,,15.42,2731,15.42,15.39,15.39,,382.0
2018-09-14 15:00,,15.44,2731,15.44,15.42,15.42,,246.0
2018-09-17 09:35,,15.47,2731,15.48,15.38,15.4,,393.0
2018-09-17 09:40,,15.43,2731,15.47,15.38,15.47,,149.0
2018-09-17 09:45,,15.33,2731,15.43,15.33,15.43,,218.0
2018-09-17 09:50,,15.39,2731,15.39,15.33,15.33,,124.0
2018-09-17 09:55,,15.37,2731,15.39,15.37,15.39,,71.0
2018-09-17 10:00,,15.28,2731,15.37,15.28,15.37,,1292.0
2018-09-17 10:05,,15.29,2731,15.31,15.28,15.28,,748.0
2018-09-17 10:10,,15.34,2731,15.36,15.29,15.29,,75.0
2018-09-17 10:15,,15.38,2731,15.39,15.32,15.34,,133.0
2018-09-17 10:20,,15.28,2731,15.38,15.28,15.38,,424.0
2018-09-17 10:25,,15.31,2731,15.32,15.28,15.28,,46.0
2018-09-17 10:30,,15.32,2731,15.32,15.31,15.31,,74.0
2018-09-17 10:35,,15.36,2731,15.36,15.32,15.32,,147.0
2018-09-17 10:40,,15.36,2731,15.37,15.35,15.36,,226.0
2018-09-17 10:45,,15.34,2731,15.36,15.34,15.36,,86.0
2018-09-17 10:50,,15.35,2731,15.36,15.34,15.34,,68.0
2018-09-17 10:55,,15.36,2731,15.37,15.35,15.35,,97.0
2018-09-17 11:00,,15.35,2731,15.36,15.35,15.36,,74.0
2018-09-17 11:05,,15.34,2731,15.35,15.34,15.35,,24.0
2018-09-17 11:10,,15.35,2731,15.35,15.34,15.34,,17.0
2018-09-17 11:15,,15.35,2731,15.35,15.34,15.35,,9.0
2018-09-17 11:20,,15.35,2731,15.36,15.35,15.35,,131.0
2018-09-17 11:25,,15.36,2731,15.37,15.35,15.35,,89.0
2018-09-17 11:30,,15.36,2731,15.37,15.36,15.36,,48.0
2018-09-17 13:05,,15.37,2731,15.38,15.35,15.36,,85.0
2018-09-17 13:10,,15.39,2731,15.39,15.36,15.37,,102.0
2018-09-17 13:15,,15.39,2731,15.39,15.39,15.39,,49.0
2018-09-17 13:20,,15.39,2731,15.4,15.39,15.39,,167.0
2018-09-17 13:25,,15.32,2731,15.39,15.32,15.39,,334.0
2018-09-17 13:30,,15.33,2731,15.36,15.32,15.32,,48.0
2018-09-17 13:35,,15.4,2731,15.4,15.33,15.33,,145.0
2018-09-17 13:40,,15.39,2731,15.4,15.33,15.4,,231.0
2018-09-17 13:45,,15.4,2731,15.4,15.39,15.39,,33.0
2018-09-17 13:50,,15.39,2731,15.41,15.39,15.4,,175.0
2018-09-17 13:55,,15.43,2731,15.44,15.39,15.39,,277.0
2018-09-17 14:00,,15.43,2731,15.44,15.42,15.43,,247.0
2018-09-17 14:05,,15.45,2731,15.45,15.43,15.43,,170.0
2018-09-17 14:10,,15.45,2731,15.45,15.44,15.45,,129.0
2018-09-17 14:15,,15.42,2731,15.45,15.42,15.45,,7.0
2018-09-17 14:20,,15.44,2731,15.44,15.42,15.42,,84.0
2018-09-17 14:25,,15.44,2731,15.45,15.44,15.44,,12.0
2018-09-17 14:30,,15.42,2731,15.44,15.42,15.44,,133.0
2018-09-17 14:35,,15.41,2731,15.42,15.41,15.42,,68.0
2018-09-17 14:40,,15.42,2731,15.42,15.4,15.41,,115.0
2018-09-17 14:45,,15.4,2731,15.43,15.4,15.42,,22.0
2018-09-17 14:50,,15.4,2731,15.4,15.39,15.4,,53.0
2018-09-17 14:55,,15.37,2731,15.4,15.37,15.4,,187.0
2018-09-17 15:00,,15.36,2731,15.37,15.31,15.37,,195.0
2018-09-18 09:35,,15.33,2731,15.34,15.3,15.31,,590.0
2018-09-18 09:40,,15.34,2731,15.34,15.31,15.33,,269.0
2018-09-18 09:45,,15.33,2731,15.34,15.32,15.34,,183.0
2018-09-18 09:50,,15.32,2731,15.34,15.32,15.33,,237.0
2018-09-18 09:55,,15.32,2731,15.34,15.32,15.32,,414.0
2018-09-18 10:00,,15.35,2731,15.35,15.32,15.32,,211.0
2018-09-18 10:05,,15.36,2731,15.36,15.34,15.35,,101.0
2018-09-18 10:10,,15.37,2731,15.37,15.34,15.36,,230.0
2018-09-18 10:15,,15.4,2731,15.41,15.37,15.37,,501.0
2018-09-18 10:20,,15.44,2731,15.45,15.4,15.4,,643.0
2018-09-18 10:25,,15.44,2731,15.45,15.42,15.44,,315.0
2018-09-18 10:30,,15.4,2731,15.44,15.4,15.44,,69.0
2018-09-18 10:35,,15.44,2731,15.44,15.4,15.4,,152.0
2018-09-18 10:40,,15.44,2731,15.45,15.44,15.44,,135.0
2018-09-18 10:45,,15.43,2731,15.45,15.43,15.44,,375.0
2018-09-18 10:50,,15.43,2731,15.44,15.43,15.43,,299.0
2018-09-18 10:55,,15.44,2731,15.45,15.43,15.43,,18.0
2018-09-18 11:00,,15.44,2731,15.44,15.43,15.44,,20.0
2018-09-18 11:05,,15.43,2731,15.44,15.43,15.44,,57.0
2018-09-18 11:10,,15.44,2731,15.44,15.43,15.43,,6.0
2018-09-18 11:15,,15.45,2731,15.45,15.44,15.44,,44.0
2018-09-18 11:20,,15.43,2731,15.45,15.43,15.45,,88.0
2018-09-18 11:25,,15.42,2731,15.43,15.42,15.43,,23.0
2018-09-18 11:30,,15.41,2731,15.42,15.41,15.42,,9.0
2018-09-18 13:05,,15.4,2731,15.43,15.4,15.41,,242.0
2018-09-18 13:10,,15.41,2731,15.43,15.4,15.4,,122.0
2018-09-18 13:15,,15.4,2731,15.41,15.4,15.41,,186.0
2018-09-18 13:20,,15.42,2731,15.42,15.4,15.4,,105.0
2018-09-18 13:25,,15.4,2731,15.42,15.4,15.42,,26.0
2018-09-18 13:30,,15.41,2731,15.41,15.4,15.4,,72.0
2018-09-18 13:35,,15.43,2731,15.43,15.4,15.41,,101.0
2018-09-18 13:40,,15.43,2731,15.43,15.43,15.43,,81.0
2018-09-18 13:45,,15.42,2731,15.43,15.42,15.43,,37.0
2018-09-18 13:50,,15.41,2731,15.42,15.41,15.42,,82.0
2018-09-18 13:55,,15.44,2731,15.44,15.41,15.41,,249.0
2018-09-18 14:00,,15.44,2731,15.45,15.44,15.44,,106.0
2018-09-18 14:05,,15.48,2731,15.48,15.42,15.44,,408.0
2018-09-18 14:10,,15.47,2731,15.48,15.47,15.48,,147.0
2018-09-18 14:15,,15.45,2731,15.47,15.45,15.47,,201.0
2018-09-18 14:20,,15.47,2731,15.47,15.45,15.45,,142.0
2018-09-18 14:25,,15.48,2731,15.49,15.47,15.47,,365.0
2018-09-18 14:30,,15.47,2731,15.49,15.46,15.48,,411.0
2018-09-18 14:35,,15.47,2731,15.47,15.45,15.47,,117.0
2018-09-18 14:40,,15.46,2731,15.47,15.46,15.47,,87.0
2018-09-18 14:45,,15.46,2731,15.46,15.45,15.46,,123.0
2018-09-18 14:50,,15.47,2731,15.47,15.46,15.46,,112.0
2018-09-18 14:55,,15.4,2731,15.48,15.39,15.47,,2526.0
2018-09-18 15:00,,15.44,2731,15.44,15.38,15.4,,1623.0
2018-09-19 09:35,,15.4,2731,15.41,15.3,15.41,,545.0
2018-09-19 09:40,,15.42,2731,15.43,15.4,15.4,,412.0
2018-09-19 09:45,,15.37,2731,15.42,15.35,15.42,,368.0
2018-09-19 09:50,,15.43,2731,15.45,15.36,15.37,,412.0
2018-09-19 09:55,,15.45,2731,15.47,15.43,15.43,,535.0
2018-09-19 10:00,,15.45,2731,15.45,15.4,15.45,,136.0
2018-09-19 10:05,,15.45,2731,15.47,15.4,15.45,,271.0
2018-09-19 10:10,,15.44,2731,15.46,15.44,15.45,,113.0
2018-09-19 10:15,,15.45,2731,15.46,15.44,15.44,,229.0
2018-09-19 10:20,,15.48,2731,15.48,15.45,15.45,,544.0
2018-09-19 10:25,,15.46,2731,15.48,15.46,15.48,,155.0
2018-09-19 10:30,,15.48,2731,15.48,15.45,15.46,,251.0
2018-09-19 10:35,,15.48,2731,15.48,15.47,15.48,,123.0
2018-09-19 10:40,,15.46,2731,15.48,15.46,15.48,,160.0
2018-09-19 10:45,,15.5,2731,15.5,15.46,15.46,,867.0
2018-09-19 10:50,,15.49,2731,15.5,15.49,15.5,,145.0
2018-09-19 10:55,,15.49,2731,15.49,15.48,15.49,,250.0
2018-09-19 11:00,,15.48,2731,15.49,15.48,15.49,,61.0
2018-09-19 11:05,,15.49,2731,15.49,15.47,15.48,,508.0
2018-09-19 11:10,,15.48,2731,15.5,15.45,15.49,,1764.0
2018-09-19 11:15,,15.48,2731,15.49,15.48,15.48,,46.0
2018-09-19 11:20,,15.49,2731,15.49,15.48,15.48,,48.0
2018-09-19 11:25,,15.49,2731,15.49,15.49,15.49,,31.0
2018-09-19 11:30,,15.5,2731,15.5,15.49,15.49,,53.0
2018-09-19 13:05,,15.62,2731,15.65,15.5,15.5,,2784.0
2018-09-19 13:10,,15.75,2731,15.8,15.62,15.62,,504.0
2018-09-19 13:15,,15.7,2731,15.76,15.66,15.75,,421.0
2018-09-19 13:20,,15.75,2731,15.76,15.7,15.7,,783.0
2018-09-19 13:25,,15.79,2731,15.79,15.73,15.75,,448.0
2018-09-19 13:30,,15.78,2731,15.79,15.73,15.79,,188.0
2018-09-19 13:35,,15.73,2731,15.78,15.73,15.78,,175.0
2018-09-19 13:40,,15.75,2731,15.75,15.72,15.73,,75.0
2018-09-19 13:45,,15.72,2731,15.76,15.72,15.75,,331.0
2018-09-19 13:50,,15.72,2731,15.74,15.72,15.72,,61.0
2018-09-19 13:55,,15.74,2731,15.74,15.72,15.72,,59.0
2018-09-19 14:00,,15.73,2731,15.74,15.73,15.74,,47.0
2018-09-19 14:05,,15.72,2731,15.73,15.71,15.73,,288.0
2018-09-19 14:10,,15.7,2731,15.72,15.63,15.72,,732.0
2018-09-19 14:15,,15.7,2731,15.7,15.68,15.7,,127.0
2018-09-19 14:20,,15.7,2731,15.71,15.68,15.7,,64.0
2018-09-19 14:25,,15.7,2731,15.71,15.67,15.7,,104.0
2018-09-19 14:30,,15.7,2731,15.71,15.68,15.7,,83.0
2018-09-19 14:35,,15.72,2731,15.72,15.69,15.7,,518.0
2018-09-19 14:40,,15.69,2731,15.72,15.69,15.72,,125.0
2018-09-19 14:45,,15.71,2731,15.71,15.69,15.69,,234.0
2018-09-19 14:50,,15.71,2731,15.72,15.71,15.71,,357.0
2018-09-19 14:55,,15.69,2731,15.72,15.69,15.71,,262.0
2018-09-19 15:00,,15.72,2731,15.72,15.69,15.69,,625.0
2018-09-20 09:35,,15.8,2731,16.07,15.8,16.0,,1662.0
2018-09-20 09:40,,15.75,2731,15.89,15.72,15.8,,765.0
2018-09-20 09:45,,15.72,2731,15.78,15.69,15.75,,569.0
2018-09-20 09:50,,15.75,2731,15.75,15.71,15.72,,164.0
2018-09-20 09:55,,15.75,2731,15.75,15.73,15.75,,175.0
2018-09-20 10:00,,15.72,2731,15.75,15.72,15.75,,77.0
2018-09-20 10:05,,15.75,2731,15.75,15.72,15.72,,114.0
2018-09-20 10:10,,15.69,2731,15.75,15.69,15.75,,284.0
2018-09-20 10:15,,15.73,2731,15.73,15.68,15.69,,115.0
2018-09-20 10:20,,15.67,2731,15.73,15.66,15.73,,80.0
2018-09-20 10:25,,15.65,2731,15.67,15.65,15.67,,175.0
2018-09-20 10:30,,15.59,2731,15.65,15.57,15.65,,317.0
2018-09-20 10:35,,15.66,2731,15.66,15.58,15.59,,70.0
2018-09-20 10:40,,15.69,2731,15.69,15.66,15.66,,48.0
2018-09-20 10:45,,15.69,2731,15.69,15.68,15.69,,5.0
2018-09-20 10:50,,15.66,2731,15.69,15.66,15.69,,19.0
2018-09-20 10:55,,15.68,2731,15.68,15.66,15.66,,29.0
2018-09-20 11:00,,15.64,2731,15.68,15.64,15.68,,155.0
2018-09-20 11:05,,15.63,2731,15.66,15.61,15.64,,169.0
2018-09-20 11:10,,15.61,2731,15.63,15.61,15.63,,40.0
2018-09-20 11:15,,15.62,2731,15.62,15.61,15.61,,100.0
2018-09-20 11:20,,15.65,2731,15.65,15.62,15.62,,8.0
2018-09-20 11:25,,15.64,2731,15.65,15.64,15.65,,31.0
2018-09-20 11:30,,15.64,2731,15.65,15.64,15.64,,47.0
2018-09-20 13:05,,15.63,2731,15.65,15.63,15.64,,89.0
2018-09-20 13:10,,15.63,2731,15.63,15.63,15.63,,59.0
2018-09-20 13:15,,15.65,2731,15.66,15.63,15.63,,111.0
2018-09-20 13:20,,15.64,2731,15.66,15.64,15.65,,44.0
2018-09-20 13:25,,15.65,2731,15.65,15.64,15.64,,42.0
2018-09-20 13:30,,15.68,2731,15.68,15.64,15.65,,166.0
2018-09-20 13:35,,15.66,2731,15.68,15.66,15.68,,100.0
2018-09-20 13:40,,15.66,2731,15.66,15.64,15.66,,89.0
2018-09-20 13:45,,15.66,2731,15.66,15.64,15.66,,102.0
2018-09-20 13:50,,15.66,2731,15.66,15.64,15.66,,23.0
2018-09-20 13:55,,15.65,2731,15.66,15.65,15.66,,20.0
2018-09-20 14:00,,15.64,2731,15.66,15.64,15.65,,66.0
2018-09-20 14:05,,15.63,2731,15.64,15.63,15.64,,46.0
2018-09-20 14:15,,15.66,2731,15.66,15.63,15.63,,25.0
2018-09-20 14:20,,15.63,2731,15.66,15.63,15.66,,94.0
2018-09-20 14:25,,15.63,2731,15.63,15.61,15.63,,209.0
2018-09-20 14:30,,15.62,2731,15.63,15.62,15.63,,4.0
2018-09-20 14:35,,15.62,2731,15.62,15.62,15.62,,5.0
2018-09-20 14:40,,15.67,2731,15.67,15.62,15.62,,241.0
2018-09-20 14:45,,15.67,2731,15.68,15.67,15.67,,54.0
2018-09-20 14:50,,15.67,2731,15.69,15.67,15.67,,44.0
2018-09-20 14:55,,15.65,2731,15.69,15.65,15.67,,137.0
2018-09-20 15:00,,15.67,2731,15.67,15.65,15.65,,256.0
2018-09-21 09:35,,15.74,2731,15.75,15.67,15.67,,179.0
2018-09-21 09:40,,15.75,2731,15.75,15.74,15.74,,231.0
2018-09-21 09:45,,15.74,2731,15.78,15.74,15.75,,136.0
2018-09-21 09:50,,15.73,2731,15.74,15.68,15.74,,69.0
2018-09-21 09:55,,15.77,2731,15.77,15.69,15.73,,82.0
2018-09-21 10:00,,15.78,2731,15.8,15.77,15.77,,287.0
2018-09-21 10:05,,15.8,2731,15.8,15.78,15.78,,154.0
2018-09-21 10:10,,15.79,2731,15.8,15.78,15.8,,93.0
2018-09-21 10:15,,15.8,2731,15.8,15.79,15.79,,63.0
2018-09-21 10:20,,15.8,2731,15.8,15.8,15.8,,73.0
2018-09-21 10:25,,15.79,2731,15.8,15.79,15.8,,82.0
2018-09-21 10:30,,15.79,2731,15.79,15.79,15.79,,30.0
2018-09-21 10:35,,15.79,2731,15.79,15.78,15.79,,47.0
2018-09-21 10:40,,15.78,2731,15.79,15.78,15.79,,10.0
2018-09-21 10:45,,15.79,2731,15.79,15.78,15.78,,33.0
2018-09-21 10:50,,15.79,2731,15.79,15.79,15.79,,6.0
2018-09-21 10:55,,15.78,2731,15.79,15.78,15.79,,3.0
2018-09-21 11:00,,15.75,2731,15.78,15.75,15.78,,135.0
2018-09-21 11:05,,15.76,2731,15.76,15.75,15.75,,70.0
2018-09-21 11:10,,15.7,2731,15.76,15.7,15.76,,114.0
2018-09-21 11:15,,15.73,2731,15.73,15.7,15.7,,39.0
2018-09-21 11:20,,15.71,2731,15.73,15.71,15.73,,13.0
2018-09-21 11:25,,15.73,2731,15.73,15.71,15.71,,26.0
2018-09-21 11:30,,15.73,2731,15.73,15.72,15.73,,31.0
2018-09-21 13:05,,15.74,2731,15.75,15.73,15.73,,72.0
2018-09-21 13:10,,15.74,2731,15.74,15.73,15.74,,31.0
2018-09-21 13:15,,15.77,2731,15.78,15.74,15.74,,35.0
2018-09-21 13:20,,15.73,2731,15.77,15.73,15.77,,66.0
2018-09-21 13:25,,15.73,2731,15.74,15.73,15.73,,23.0
2018-09-21 13:30,,15.73,2731,15.73,15.73,15.73,,37.0
2018-09-21 13:35,,15.71,2731,15.74,15.71,15.73,,155.0
2018-09-21 13:40,,15.77,2731,15.77,15.7,15.71,,376.0
2018-09-21 13:45,,15.71,2731,15.77,15.7,15.77,,152.0
2018-09-21 13:50,,15.71,2731,15.71,15.71,15.71,,0.0
2018-09-21 13:55,,15.77,2731,15.77,15.71,15.71,,52.0
2018-09-21 14:00,,15.72,2731,15.77,15.72,15.77,,1.0
2018-09-21 14:05,,15.76,2731,15.76,15.72,15.72,,26.0
2018-09-21 14:10,,15.69,2731,15.76,15.69,15.76,,330.0
2018-09-21 14:15,,15.73,2731,15.74,15.69,15.69,,44.0
2018-09-21 14:20,,15.73,2731,15.73,15.73,15.73,,12.0
2018-09-21 14:25,,15.74,2731,15.75,15.73,15.73,,29.0
2018-09-21 14:30,,15.73,2731,15.75,15.73,15.74,,144.0
2018-09-21 14:35,,15.76,2731,15.76,15.73,15.73,,54.0
2018-09-21 14:40,,15.72,2731,15.76,15.72,15.76,,150.0
2018-09-21 14:45,,15.72,2731,15.74,15.72,15.72,,34.0
2018-09-21 14:50,,15.77,2731,15.77,15.72,15.72,,137.0
2018-09-21 14:55,,15.75,2731,15.79,15.75,15.77,,322.0
2018-09-21 15:00,,15.07,2731,15.78,15.07,15.75,,3039.0
2018-09-25 09:35,,15.89,2731,16.47,15.88,16.0,,7481.0
2018-09-25 09:40,,16.08,2731,16.11,15.87,15.89,,2226.0
2018-09-25 09:45,,16.06,2731,16.08,16.0,16.08,,463.0
2018-09-25 09:50,,16.1,2731,16.14,16.02,16.06,,835.0
2018-09-25 09:55,,16.14,2731,16.14,16.05,16.1,,1577.0
2018-09-25 10:00,,16.1,2731,16.14,16.1,16.14,,1699.0
2018-09-25 10:05,,16.12,2731,16.12,16.1,16.1,,926.0
2018-09-25 10:10,,16.13,2731,16.14,16.1,16.12,,389.0
2018-09-25 10:15,,16.2,2731,16.43,16.13,16.13,,2095.0
2018-09-25 10:20,,16.29,2731,16.4,16.2,16.2,,618.0
2018-09-25 10:25,,16.19,2731,16.29,16.16,16.29,,184.0
2018-09-25 10:30,,16.2,2731,16.2,16.16,16.19,,181.0
2018-09-25 10:35,,16.19,2731,16.2,16.15,16.2,,256.0
2018-09-25 10:40,,16.2,2731,16.25,16.12,16.19,,463.0
2018-09-25 10:45,,16.23,2731,16.23,16.16,16.2,,192.0
2018-09-25 10:50,,16.22,2731,16.23,16.19,16.23,,149.0
2018-09-25 10:55,,16.19,2731,16.22,16.17,16.22,,413.0
2018-09-25 11:00,,16.16,2731,16.19,16.16,16.19,,123.0
2018-09-25 11:05,,16.16,2731,16.16,16.1,16.16,,453.0
2018-09-25 11:10,,16.14,2731,16.16,16.14,16.16,,125.0
2018-09-25 11:15,,16.15,2731,16.16,16.13,16.14,,177.0
2018-09-25 11:20,,16.16,2731,16.2,16.15,16.15,,157.0
2018-09-25 11:25,,16.2,2731,16.2,16.16,16.16,,152.0
2018-09-25 11:30,,16.2,2731,16.21,16.18,16.2,,26.0
2018-09-25 13:05,,16.23,2731,16.23,16.18,16.2,,337.0
2018-09-25 13:10,,16.2,2731,16.23,16.16,16.23,,248.0
2018-09-25 13:15,,16.16,2731,16.22,16.14,16.2,,162.0
2018-09-25 13:20,,16.18,2731,16.19,16.14,16.16,,209.0
2018-09-25 13:25,,16.19,2731,16.19,16.18,16.18,,126.0
2018-09-25 13:30,,16.17,2731,16.19,16.15,16.19,,93.0
2018-09-25 13:35,,16.13,2731,16.18,16.13,16.17,,176.0
2018-09-25 13:40,,16.13,2731,16.15,16.11,16.13,,758.0
2018-09-25 13:45,,16.13,2731,16.15,16.09,16.13,,1102.0
2018-09-25 13:50,,16.07,2731,16.14,16.07,16.13,,656.0
2018-09-25 13:55,,16.09,2731,16.1,16.07,16.07,,289.0
2018-09-25 14:00,,16.09,2731,16.1,16.08,16.09,,96.0
2018-09-25 14:05,,16.12,2731,16.12,16.09,16.09,,253.0
2018-09-25 14:10,,16.16,2731,16.16,16.1,16.12,,241.0
2018-09-25 14:15,,16.58,2731,16.58,16.15,16.16,,8883.0
2018-09-25 14:20,,16.58,2731,16.58,16.58,16.58,,4043.0
2018-09-25 14:25,,16.58,2731,16.58,16.58,16.58,,955.0
2018-09-25 14:30,,16.58,2731,16.58,16.58,16.58,,653.0
2018-09-25 14:35,,16.58,2731,16.58,16.58,16.58,,1011.0
2018-09-25 14:40,,16.58,2731,16.58,16.58,16.58,,1040.0
2018-09-25 14:45,,16.58,2731,16.58,16.58,16.58,,377.0
2018-09-25 14:50,,16.58,2731,16.58,16.58,16.58,,352.0
2018-09-25 14:55,,16.58,2731,16.58,16.58,16.58,,270.0
2018-09-25 15:00,,16.58,2731,16.58,16.58,16.58,,361.0
2018-09-26 09:35,,16.54,2731,16.78,16.51,16.73,,8143.0
2018-09-26 09:40,,16.52,2731,16.54,16.33,16.54,,2729.0
2018-09-26 09:45,,16.54,2731,16.57,16.4,16.52,,1532.0
2018-09-26 09:50,,16.5,2731,16.54,16.45,16.54,,986.0
2018-09-26 09:55,,16.52,2731,16.52,16.47,16.5,,566.0
2018-09-26 10:00,,16.55,2731,16.6,16.52,16.52,,1998.0
2018-09-26 10:05,,16.58,2731,16.59,16.55,16.55,,702.0
2018-09-26 10:10,,16.63,2731,16.72,16.58,16.58,,1736.0
2018-09-26 10:15,,16.65,2731,16.7,16.63,16.63,,1373.0
2018-09-26 10:20,,16.78,2731,16.8,16.65,16.65,,1105.0
2018-09-26 10:25,,16.78,2731,16.79,16.71,16.78,,763.0
2018-09-26 10:30,,16.84,2731,16.86,16.76,16.78,,1815.0
2018-09-26 10:35,,16.78,2731,16.84,16.76,16.84,,748.0
2018-09-26 10:40,,16.72,2731,16.78,16.71,16.78,,247.0
2018-09-26 10:45,,16.73,2731,16.75,16.7,16.72,,453.0
2018-09-26 10:50,,16.81,2731,16.83,16.71,16.73,,406.0
2018-09-26 10:55,,16.64,2731,16.81,16.64,16.81,,849.0
2018-09-26 11:00,,16.66,2731,16.75,16.6,16.64,,385.0
2018-09-26 11:05,,16.63,2731,16.71,16.61,16.66,,316.0
2018-09-26 11:10,,16.66,2731,16.66,16.63,16.63,,47.0
2018-09-26 11:15,,16.61,2731,16.67,16.61,16.66,,200.0
2018-09-26 11:20,,16.52,2731,16.61,16.46,16.61,,560.0
2018-09-26 11:25,,16.47,2731,16.57,16.47,16.57,,199.0
2018-09-26 11:30,,16.51,2731,16.51,16.47,16.47,,158.0
2018-09-26 13:05,,16.58,2731,16.64,16.51,16.51,,197.0
2018-09-26 13:10,,16.64,2731,16.64,16.58,16.58,,56.0
2018-09-26 13:15,,16.66,2731,16.68,16.6,16.64,,154.0
2018-09-26 13:20,,16.63,2731,16.66,16.62,16.66,,110.0
2018-09-26 13:25,,16.59,2731,16.66,16.58,16.63,,320.0
2018-09-26 13:30,,16.66,2731,16.66,16.58,16.59,,224.0
2018-09-26 13:35,,16.65,2731,16.67,16.62,16.66,,50.0
2018-09-26 13:40,,16.65,2731,16.67,16.63,16.65,,122.0
2018-09-26 13:45,,16.67,2731,16.67,16.62,16.65,,196.0
2018-09-26 13:50,,16.68,2731,16.69,16.63,16.67,,203.0
2018-09-26 13:55,,16.69,2731,16.7,16.63,16.68,,324.0
2018-09-26 14:00,,16.67,2731,16.72,16.64,16.69,,176.0
2018-09-26 14:05,,16.76,2731,16.8,16.67,16.67,,493.0
2018-09-26 14:10,,16.76,2731,16.76,16.7,16.76,,85.0
2018-09-26 14:15,,16.73,2731,16.75,16.72,16.73,,224.0
2018-09-26 14:20,,16.7,2731,16.75,16.66,16.73,,231.0
2018-09-26 14:25,,16.7,2731,16.7,16.66,16.7,,283.0
2018-09-26 14:30,,16.66,2731,16.7,16.62,16.7,,248.0
2018-09-26 14:35,,16.66,2731,16.67,16.65,16.66,,65.0
2018-09-26 14:40,,16.58,2731,16.68,16.58,16.66,,399.0
2018-09-26 14:45,,16.58,2731,16.61,16.57,16.58,,365.0
2018-09-26 14:50,,16.53,2731,16.6,16.51,16.58,,1323.0
2018-09-26 14:55,,16.58,2731,16.59,16.48,16.53,,1484.0
2018-09-26 15:00,,16.57,2731,16.58,16.55,16.58,,654.0
2018-09-27 09:35,,16.56,2731,16.73,16.5,16.62,,2699.0
2018-09-27 09:40,,16.51,2731,16.59,16.51,16.56,,485.0
2018-09-27 09:45,,16.38,2731,16.55,16.37,16.51,,1211.0
2018-09-27 09:50,,16.41,2731,16.45,16.37,16.38,,1043.0
2018-09-27 09:55,,16.42,2731,16.45,16.41,16.41,,287.0
2018-09-27 10:00,,16.42,2731,16.45,16.42,16.42,,247.0
2018-09-27 10:05,,16.41,2731,16.47,16.41,16.42,,192.0
2018-09-27 10:10,,16.57,2731,16.57,16.41,16.41,,1065.0
2018-09-27 10:15,,16.51,2731,16.6,16.51,16.57,,487.0
2018-09-27 10:20,,16.46,2731,16.51,16.45,16.51,,86.0
2018-09-27 10:25,,16.49,2731,16.5,16.46,16.46,,162.0
2018-09-27 10:30,,16.45,2731,16.49,16.45,16.49,,93.0
2018-09-27 10:35,,16.49,2731,16.49,16.43,16.45,,240.0
2018-09-27 10:40,,16.49,2731,16.49,16.46,16.49,,175.0
2018-09-27 10:45,,16.52,2731,16.52,16.49,16.49,,189.0
2018-09-27 10:50,,16.5,2731,16.52,16.5,16.52,,200.0
2018-09-27 10:55,,16.53,2731,16.53,16.5,16.5,,170.0
2018-09-27 11:00,,16.55,2731,16.56,16.53,16.53,,277.0
2018-09-27 11:05,,16.57,2731,16.57,16.55,16.55,,258.0
2018-09-27 11:10,,16.57,2731,16.62,16.57,16.57,,456.0
2018-09-27 11:15,,16.56,2731,16.57,16.55,16.57,,101.0
2018-09-27 11:20,,16.52,2731,16.56,16.52,16.56,,118.0
2018-09-27 11:25,,16.5,2731,16.52,16.5,16.52,,88.0
2018-09-27 11:30,,16.44,2731,16.5,16.44,16.5,,138.0
2018-09-27 13:05,,16.44,2731,16.45,16.43,16.44,,158.0
2018-09-27 13:10,,16.43,2731,16.44,16.42,16.44,,318.0
2018-09-27 13:15,,16.43,2731,16.44,16.43,16.43,,148.0
2018-09-27 13:20,,16.42,2731,16.44,16.41,16.43,,428.0
2018-09-27 13:25,,16.41,2731,16.44,16.41,16.42,,322.0
2018-09-27 13:30,,16.41,2731,16.42,16.4,16.41,,108.0
2018-09-27 13:35,,16.4,2731,16.43,16.4,16.42,,171.0
2018-09-27 13:40,,16.43,2731,16.43,16.4,16.4,,262.0
2018-09-27 13:45,,16.37,2731,16.43,16.37,16.43,,585.0
2018-09-27 13:50,,16.37,2731,16.39,16.32,16.37,,716.0
2018-09-27 13:55,,16.36,2731,16.39,16.36,16.37,,272.0
2018-09-27 14:00,,16.38,2731,16.45,16.35,16.36,,229.0
2018-09-27 14:05,,16.36,2731,16.38,16.36,16.38,,150.0
2018-09-27 14:10,,16.4,2731,16.4,16.35,16.36,,233.0
2018-09-27 14:15,,16.4,2731,16.4,16.37,16.4,,98.0
2018-09-27 14:20,,16.39,2731,16.46,16.39,16.4,,78.0
2018-09-27 14:25,,16.53,2731,16.58,16.39,16.39,,427.0
2018-09-27 14:30,,16.46,2731,16.53,16.46,16.53,,119.0
2018-09-27 14:35,,16.43,2731,16.46,16.41,16.46,,122.0
2018-09-27 14:40,,16.43,2731,16.43,16.41,16.43,,211.0
2018-09-27 14:45,,16.48,2731,16.5,16.43,16.43,,323.0
2018-09-27 14:50,,16.43,2731,16.5,16.43,16.48,,275.0
2018-09-27 14:55,,16.45,2731,16.53,16.43,16.43,,1100.0
2018-09-27 15:00,,16.53,2731,16.53,16.43,16.45,,713.0
2018-09-28 09:35,,16.57,2731,16.6,16.53,16.56,,604.0
2018-09-28 09:40,,16.62,2731,16.62,16.51,16.57,,959.0
2018-09-28 09:45,,16.61,2731,16.68,16.6,16.62,,1038.0
2018-09-28 09:50,,16.6,2731,16.65,16.58,16.61,,341.0
2018-09-28 09:55,,16.55,2731,16.61,16.55,16.6,,245.0
2018-09-28 10:00,,16.56,2731,16.62,16.55,16.55,,253.0
2018-09-28 10:05,,16.55,2731,16.6,16.55,16.56,,119.0
2018-09-28 10:10,,16.5,2731,16.55,16.5,16.55,,214.0
2018-09-28 10:15,,16.45,2731,16.51,16.4,16.5,,381.0
2018-09-28 10:20,,16.45,2731,16.47,16.43,16.45,,163.0
2018-09-28 10:25,,16.44,2731,16.45,16.4,16.45,,265.0
2018-09-28 10:30,,16.44,2731,16.48,16.42,16.44,,162.0
2018-09-28 10:35,,16.49,2731,16.5,16.44,16.44,,39.0
2018-09-28 10:40,,16.5,2731,16.5,16.44,16.49,,316.0
2018-09-28 10:45,,16.46,2731,16.53,16.45,16.5,,157.0
2018-09-28 10:50,,16.46,2731,16.46,16.45,16.46,,53.0
2018-09-28 10:55,,16.49,2731,16.49,16.46,16.46,,42.0
2018-09-28 11:00,,16.47,2731,16.49,16.46,16.49,,52.0
2018-09-28 11:05,,16.46,2731,16.48,16.46,16.47,,64.0
2018-09-28 11:10,,16.48,2731,16.48,16.46,16.46,,159.0
2018-09-28 11:15,,16.49,2731,16.49,16.48,16.48,,21.0
2018-09-28 11:20,,16.53,2731,16.53,16.49,16.49,,28.0
2018-09-28 11:25,,16.49,2731,16.53,16.49,16.53,,46.0
2018-09-28 11:30,,16.51,2731,16.52,16.49,16.49,,57.0
2018-09-28 13:05,,16.51,2731,16.51,16.5,16.51,,87.0
2018-09-28 13:10,,16.51,2731,16.52,16.51,16.51,,90.0
2018-09-28 13:15,,16.48,2731,16.51,16.48,16.51,,145.0
2018-09-28 13:20,,16.5,2731,16.5,16.48,16.48,,54.0
2018-09-28 13:25,,16.5,2731,16.5,16.48,16.5,,89.0
2018-09-28 13:30,,16.5,2731,16.5,16.5,16.5,,3.0
2018-09-28 13:35,,16.52,2731,16.52,16.5,16.5,,68.0
2018-09-28 13:40,,16.5,2731,16.52,16.49,16.52,,152.0
2018-09-28 13:45,,16.48,2731,16.52,16.48,16.5,,111.0
2018-09-28 13:50,,16.49,2731,16.5,16.48,16.48,,91.0
2018-09-28 13:55,,16.49,2731,16.5,16.49,16.49,,219.0
2018-09-28 14:00,,16.49,2731,16.5,16.48,16.49,,108.0
2018-09-28 14:05,,16.51,2731,16.51,16.49,16.49,,172.0
2018-09-28 14:10,,16.5,2731,16.52,16.49,16.51,,146.0
2018-09-28 14:15,,16.47,2731,16.5,16.47,16.5,,267.0
2018-09-28 14:20,,16.47,2731,16.48,16.47,16.47,,133.0
2018-09-28 14:25,,16.5,2731,16.5,16.47,16.47,,110.0
2018-09-28 14:30,,16.46,2731,16.5,16.45,16.5,,197.0
2018-09-28 14:35,,16.46,2731,16.47,16.44,16.46,,338.0
2018-09-28 14:40,,16.46,2731,16.47,16.46,16.46,,189.0
2018-09-28 14:45,,16.47,2731,16.5,16.44,16.46,,750.0
2018-09-28 14:50,,16.46,2731,16.52,16.46,16.47,,367.0
2018-09-28 14:55,,16.53,2731,16.53,16.43,16.46,,818.0
2018-09-28 15:00,,16.55,2731,16.55,16.47,16.53,,663.0
2018-10-08 09:35,,16.33,2731,16.59,16.33,16.5,,1228.0
2018-10-08 09:40,,16.39,2731,16.47,16.33,16.33,,657.0
2018-10-08 09:45,,16.79,2731,16.79,16.39,16.39,,777.0
2018-10-08 09:50,,16.73,2731,16.85,16.6,16.79,,1117.0
2018-10-08 09:55,,16.72,2731,16.73,16.67,16.73,,459.0
2018-10-08 10:00,,16.61,2731,16.72,16.61,16.72,,189.0
2018-10-08 10:05,,16.52,2731,16.68,16.52,16.61,,610.0
2018-10-08 10:10,,16.42,2731,16.52,16.39,16.52,,535.0
2018-10-08 10:15,,16.39,2731,16.47,16.33,16.42,,1371.0
2018-10-08 10:20,,16.39,2731,16.45,16.39,16.39,,263.0
2018-10-08 10:25,,16.38,2731,16.4,16.38,16.39,,357.0
2018-10-08 10:30,,16.39,2731,16.4,16.38,16.38,,72.0
2018-10-08 10:35,,16.38,2731,16.4,16.37,16.39,,221.0
2018-10-08 10:40,,16.39,2731,16.39,16.38,16.38,,47.0
2018-10-08 10:45,,16.45,2731,16.45,16.38,16.39,,69.0
2018-10-08 10:50,,16.48,2731,16.48,16.36,16.45,,187.0
2018-10-08 10:55,,16.4,2731,16.48,16.4,16.48,,6.0
2018-10-08 11:00,,16.4,2731,16.4,16.4,16.4,,15.0
2018-10-08 11:05,,16.48,2731,16.48,16.4,16.4,,54.0
2018-10-08 11:10,,16.42,2731,16.48,16.41,16.48,,16.0
2018-10-08 11:15,,16.42,2731,16.47,16.42,16.42,,64.0
2018-10-08 11:20,,16.42,2731,16.42,16.42,16.42,,1.0
2018-10-08 11:25,,16.43,2731,16.5,16.42,16.42,,8.0
2018-10-08 11:30,,16.5,2731,16.5,16.43,16.43,,30.0
2018-10-08 13:05,,16.5,2731,16.55,16.5,16.5,,18.0
2018-10-08 13:10,,16.5,2731,16.5,16.5,16.5,,13.0
2018-10-08 13:15,,16.5,2731,16.5,16.5,16.5,,84.0
2018-10-08 13:20,,16.5,2731,16.5,16.44,16.5,,70.0
2018-10-08 13:25,,16.5,2731,16.5,16.5,16.5,,101.0
2018-10-08 13:30,,16.49,2731,16.5,16.49,16.5,,48.0
2018-10-08 13:35,,16.44,2731,16.49,16.44,16.49,,108.0
2018-10-08 13:40,,16.42,2731,16.44,16.42,16.44,,28.0
2018-10-08 13:45,,16.42,2731,16.44,16.42,16.42,,222.0
2018-10-08 13:50,,16.44,2731,16.45,16.42,16.42,,23.0
2018-10-08 13:55,,16.44,2731,16.44,16.44,16.44,,36.0
2018-10-08 14:00,,16.4,2731,16.44,16.4,16.44,,88.0
2018-10-08 14:05,,16.39,2731,16.41,16.39,16.4,,149.0
2018-10-08 14:10,,16.39,2731,16.41,16.39,16.39,,74.0
2018-10-08 14:15,,16.41,2731,16.41,16.39,16.39,,44.0
2018-10-08 14:20,,16.37,2731,16.41,16.36,16.41,,256.0
2018-10-08 14:25,,16.38,2731,16.4,16.37,16.37,,29.0
2018-10-08 14:30,,16.39,2731,16.39,16.37,16.38,,67.0
2018-10-08 14:35,,16.37,2731,16.4,16.37,16.39,,57.0
2018-10-08 14:40,,16.39,2731,16.39,16.37,16.37,,162.0
2018-10-08 14:45,,16.39,2731,16.4,16.39,16.39,,127.0
2018-10-08 14:50,,16.35,2731,16.4,16.34,16.39,,458.0
2018-10-08 14:55,,16.41,2731,16.41,16.3,16.35,,532.0
2018-10-08 15:00,,16.45,2731,16.45,16.35,16.41,,357.0
2018-10-09 09:35,,16.41,2731,16.46,16.28,16.39,,556.0
2018-10-09 09:40,,16.45,2731,16.72,16.4,16.41,,1095.0
2018-10-09 09:45,,16.52,2731,16.55,16.45,16.45,,206.0
2018-10-09 09:50,,16.46,2731,16.52,16.45,16.52,,117.0
2018-10-09 09:55,,16.52,2731,16.52,16.45,16.46,,124.0
2018-10-09 10:00,,16.51,2731,16.52,16.47,16.52,,381.0
2018-10-09 10:05,,16.49,2731,16.55,16.48,16.51,,307.0
2018-10-09 10:10,,16.47,2731,16.5,16.47,16.49,,177.0
2018-10-09 10:15,,16.46,2731,16.47,16.45,16.47,,123.0
2018-10-09 10:20,,16.48,2731,16.48,16.41,16.46,,335.0
2018-10-09 10:25,,16.38,2731,16.48,16.38,16.48,,135.0
2018-10-09 10:30,,16.35,2731,16.45,16.35,16.38,,82.0
2018-10-09 10:35,,16.42,2731,16.42,16.33,16.35,,124.0
2018-10-09 10:40,,16.4,2731,16.42,16.38,16.42,,77.0
2018-10-09 10:45,,16.46,2731,16.47,16.4,16.4,,144.0
2018-10-09 10:50,,16.43,2731,16.49,16.38,16.46,,96.0
2018-10-09 10:55,,16.37,2731,16.48,16.37,16.43,,62.0
2018-10-09 11:00,,16.45,2731,16.45,16.37,16.37,,132.0
2018-10-09 11:05,,16.4,2731,16.45,16.36,16.45,,74.0
2018-10-09 11:10,,16.4,2731,16.4,16.37,16.4,,144.0
2018-10-09 11:15,,16.4,2731,16.45,16.4,16.4,,47.0
2018-10-09 11:20,,16.45,2731,16.45,16.38,16.4,,169.0
2018-10-09 11:25,,16.45,2731,16.45,16.45,16.45,,223.0
2018-10-09 11:30,,16.45,2731,16.45,16.45,16.45,,134.0
2018-10-09 13:05,,16.39,2731,16.45,16.37,16.45,,189.0
2018-10-09 13:10,,16.4,2731,16.44,16.39,16.39,,31.0
2018-10-09 13:15,,16.44,2731,16.44,16.4,16.4,,23.0
2018-10-09 13:20,,16.4,2731,16.44,16.4,16.44,,45.0
2018-10-09 13:25,,16.4,2731,16.44,16.4,16.4,,75.0
2018-10-09 13:30,,16.37,2731,16.43,16.37,16.4,,150.0
2018-10-09 13:35,,16.38,2731,16.43,16.37,16.37,,141.0
2018-10-09 13:40,,16.47,2731,16.47,16.38,16.38,,216.0
2018-10-09 13:45,,16.54,2731,16.54,16.45,16.47,,375.0
2018-10-09 13:50,,16.57,2731,16.58,16.45,16.5,,312.0
2018-10-09 13:55,,16.5,2731,16.59,16.5,16.57,,666.0
2018-10-09 14:00,,16.5,2731,16.5,16.38,16.5,,196.0
2018-10-09 14:05,,16.45,2731,16.5,16.45,16.5,,37.0
2018-10-09 14:10,,16.42,2731,16.46,16.4,16.45,,80.0
2018-10-09 14:15,,16.41,2731,16.42,16.41,16.42,,70.0
2018-10-09 14:20,,16.42,2731,16.42,16.41,16.41,,53.0
2018-10-09 14:25,,16.44,2731,16.44,16.42,16.42,,156.0
2018-10-09 14:30,,16.41,2731,16.45,16.41,16.44,,242.0
2018-10-09 14:35,,16.4,2731,16.41,16.4,16.41,,118.0
2018-10-09 14:40,,16.41,2731,16.41,16.4,16.4,,108.0
2018-10-09 14:45,,16.44,2731,16.44,16.38,16.41,,187.0
2018-10-09 14:50,,16.45,2731,16.53,16.4,16.44,,216.0
2018-10-09 14:55,,16.43,2731,16.5,16.42,16.45,,129.0
2018-10-09 15:00,,16.48,2731,16.49,16.43,16.43,,155.0
2018-10-10 09:35,,16.42,2731,16.48,16.4,16.48,,241.0
2018-10-10 09:40,,16.4,2731,16.42,16.37,16.42,,260.0
2018-10-10 09:45,,16.48,2731,16.48,16.38,16.4,,549.0
2018-10-10 09:50,,16.41,2731,16.48,16.41,16.48,,87.0
2018-10-10 09:55,,16.42,2731,16.42,16.41,16.41,,106.0
2018-10-10 10:00,,16.44,2731,16.44,16.41,16.42,,71.0
2018-10-10 10:05,,16.48,2731,16.48,16.42,16.44,,292.0
2018-10-10 10:10,,16.4,2731,16.48,16.4,16.48,,103.0
2018-10-10 10:15,,16.39,2731,16.42,16.38,16.4,,148.0
2018-10-10 10:20,,16.42,2731,16.42,16.39,16.39,,50.0
2018-10-10 10:25,,16.44,2731,16.44,16.38,16.42,,111.0
2018-10-10 10:30,,16.38,2731,16.44,16.38,16.44,,50.0
2018-10-10 10:35,,16.43,2731,16.43,16.38,16.38,,48.0
2018-10-10 10:40,,16.38,2731,16.43,16.37,16.43,,68.0
2018-10-10 10:45,,16.38,2731,16.38,16.36,16.38,,80.0
2018-10-10 10:50,,16.39,2731,16.39,16.35,16.38,,139.0
2018-10-10 10:55,,16.41,2731,16.41,16.38,16.39,,12.0
2018-10-10 11:00,,16.4,2731,16.41,16.4,16.41,,57.0
2018-10-10 11:05,,16.36,2731,16.4,16.36,16.4,,73.0
2018-10-10 11:10,,16.36,2731,16.4,16.36,16.36,,10.0
2018-10-10 11:15,,16.39,2731,16.4,16.35,16.36,,87.0
2018-10-10 11:20,,16.4,2731,16.4,16.39,16.39,,27.0
2018-10-10 11:25,,16.37,2731,16.4,16.37,16.4,,33.0
2018-10-10 11:30,,16.41,2731,16.41,16.37,16.37,,14.0
2018-10-10 13:05,,16.39,2731,16.41,16.39,16.41,,75.0
2018-10-10 13:10,,16.4,2731,16.4,16.39,16.39,,12.0
2018-10-10 13:15,,16.4,2731,16.4,16.39,16.4,,6.0
2018-10-10 13:20,,16.4,2731,16.4,16.39,16.4,,170.0
2018-10-10 13:25,,16.39,2731,16.4,16.39,16.4,,68.0
2018-10-10 13:30,,16.41,2731,16.41,16.36,16.39,,160.0
2018-10-10 13:35,,16.39,2731,16.42,16.39,16.41,,13.0
2018-10-10 13:40,,16.37,2731,16.41,16.37,16.39,,387.0
2018-10-10 13:45,,16.4,2731,16.41,16.37,16.37,,52.0
2018-10-10 13:50,,16.37,2731,16.4,16.37,16.4,,55.0
2018-10-10 13:55,,16.36,2731,16.4,16.36,16.37,,129.0
2018-10-10 14:00,,16.37,2731,16.37,16.36,16.36,,51.0
2018-10-10 14:05,,16.4,2731,16.4,16.37,16.37,,47.0
2018-10-10 14:10,,16.4,2731,16.4,16.4,16.4,,19.0
2018-10-10 14:15,,16.38,2731,16.4,16.38,16.4,,106.0
2018-10-10 14:20,,16.4,2731,16.4,16.37,16.38,,54.0
2018-10-10 14:25,,16.38,2731,16.4,16.37,16.4,,66.0
2018-10-10 14:30,,16.4,2731,16.4,16.38,16.38,,88.0
2018-10-10 14:35,,16.42,2731,16.42,16.4,16.4,,69.0
2018-10-10 14:40,,16.4,2731,16.42,16.4,16.42,,68.0
2018-10-10 14:45,,16.39,2731,16.44,16.39,16.4,,412.0
2018-10-10 14:50,,16.44,2731,16.45,16.38,16.39,,85.0
2018-10-10 14:55,,16.4,2731,16.44,16.4,16.44,,60.0
2018-10-10 15:00,,16.43,2731,16.44,16.4,16.4,,187.0
2018-10-11 09:35,,16.3,2731,16.36,16.22,16.36,,1556.0
2018-10-11 09:40,,16.33,2731,16.42,16.3,16.3,,682.0
2018-10-11 09:45,,16.31,2731,16.33,16.28,16.33,,265.0
2018-10-11 09:50,,16.3,2731,16.32,16.29,16.31,,217.0
2018-10-11 09:55,,16.31,2731,16.33,16.3,16.3,,154.0
2018-10-11 10:00,,16.28,2731,16.31,16.27,16.31,,399.0
2018-10-11 10:05,,16.25,2731,16.29,16.25,16.28,,402.0
2018-10-11 10:10,,16.2,2731,16.29,16.2,16.25,,817.0
2018-10-11 10:15,,16.26,2731,16.27,16.2,16.2,,668.0
2018-10-11 10:20,,16.25,2731,16.27,16.25,16.26,,206.0
2018-10-11 10:25,,16.33,2731,16.33,16.25,16.25,,431.0
2018-10-11 10:30,,16.32,2731,16.33,16.3,16.33,,122.0
2018-10-11 10:35,,16.29,2731,16.32,16.28,16.32,,161.0
2018-10-11 10:40,,16.3,2731,16.3,16.26,16.29,,189.0
2018-10-11 10:45,,16.21,2731,16.3,16.21,16.3,,342.0
2018-10-11 10:50,,16.29,2731,16.3,16.21,16.21,,395.0
2018-10-11 10:55,,16.22,2731,16.29,16.22,16.29,,130.0
2018-10-11 11:00,,16.22,2731,16.23,16.21,16.22,,768.0
2018-10-11 11:05,,16.3,2731,16.31,16.14,16.22,,2200.0
2018-10-11 11:10,,16.16,2731,16.31,16.16,16.3,,964.0
2018-10-11 11:15,,16.18,2731,16.22,16.16,16.16,,548.0
2018-10-11 11:20,,16.2,2731,16.2,16.16,16.18,,505.0
2018-10-11 11:25,,16.13,2731,16.2,16.13,16.2,,702.0
2018-10-11 11:30,,16.0,2731,16.13,15.95,16.13,,3062.0
2018-10-11 13:05,,15.99,2731,16.0,15.94,16.0,,2036.0
2018-10-11 13:10,,15.99,2731,16.0,15.96,15.99,,157.0
2018-10-11 13:15,,15.99,2731,16.01,15.99,15.99,,75.0
2018-10-11 13:20,,15.95,2731,16.0,15.95,15.99,,460.0
2018-10-11 13:25,,15.99,2731,15.99,15.95,15.95,,84.0
2018-10-11 13:30,,16.03,2731,16.09,15.99,15.99,,47.0
2018-10-11 13:35,,16.06,2731,16.09,16.03,16.03,,60.0
2018-10-11 13:40,,16.07,2731,16.1,15.96,16.06,,606.0
2018-10-11 13:45,,15.98,2731,16.08,15.93,16.07,,638.0
2018-10-11 13:50,,16.09,2731,16.09,15.96,15.98,,958.0
2018-10-11 13:55,,16.07,2731,16.09,16.01,16.09,,41.0
2018-10-11 14:00,,16.01,2731,16.07,16.01,16.07,,71.0
2018-10-11 14:05,,16.06,2731,16.06,16.0,16.01,,108.0
2018-10-11 14:10,,16.03,2731,16.06,15.92,16.06,,872.0
2018-10-11 14:15,,16.03,2731,16.07,16.03,16.03,,131.0
2018-10-11 14:20,,15.95,2731,16.03,15.95,16.03,,186.0
2018-10-11 14:25,,15.98,2731,16.03,15.95,15.95,,64.0
2018-10-11 14:30,,15.94,2731,15.98,15.94,15.98,,132.0
2018-10-11 14:35,,16.03,2731,16.05,15.9,15.94,,874.0
2018-10-11 14:40,,15.92,2731,16.03,15.91,16.03,,266.0
2018-10-11 14:45,,15.95,2731,16.02,15.89,15.92,,600.0
2018-10-11 14:50,,15.93,2731,16.06,15.93,15.95,,587.0
2018-10-11 14:55,,15.98,2731,16.03,15.88,15.93,,429.0
2018-10-11 15:00,,15.99,2731,16.02,15.96,15.98,,374.0
2018-10-12 09:35,,16.25,2731,16.25,15.95,15.96,,1357.0
2018-10-12 09:40,,16.37,2731,16.37,16.18,16.25,,769.0
2018-10-12 09:45,,16.45,2731,16.5,16.33,16.37,,1629.0
2018-10-12 09:50,,16.44,2731,16.45,16.29,16.45,,918.0
2018-10-12 09:55,,16.35,2731,16.44,16.3,16.44,,234.0
2018-10-12 10:00,,16.28,2731,16.35,16.28,16.35,,371.0
2018-10-12 10:05,,16.28,2731,16.28,16.21,16.28,,253.0
2018-10-12 10:10,,16.3,2731,16.3,16.28,16.28,,388.0
2018-10-12 10:15,,16.34,2731,16.34,16.25,16.3,,264.0
2018-10-12 10:20,,16.3,2731,16.37,16.28,16.34,,47.0
2018-10-12 10:25,,16.27,2731,16.3,16.25,16.3,,76.0
2018-10-12 10:30,,16.25,2731,16.28,16.25,16.27,,93.0
2018-10-12 10:35,,16.23,2731,16.25,16.23,16.25,,94.0
2018-10-12 10:40,,16.24,2731,16.24,16.2,16.23,,232.0
2018-10-12 10:45,,16.18,2731,16.24,16.18,16.24,,125.0
2018-10-12 10:50,,16.15,2731,16.18,16.15,16.18,,171.0
2018-10-12 10:55,,16.16,2731,16.19,16.12,16.15,,203.0
2018-10-12 11:00,,16.16,2731,16.16,16.16,16.16,,28.0
2018-10-12 11:05,,16.2,2731,16.24,16.12,16.16,,587.0
2018-10-12 11:10,,16.2,2731,16.24,16.2,16.2,,82.0
2018-10-12 11:15,,16.19,2731,16.2,16.19,16.2,,20.0
2018-10-12 11:20,,16.25,2731,16.25,16.17,16.19,,97.0
2018-10-12 11:25,,16.24,2731,16.25,16.23,16.25,,63.0
2018-10-12 11:30,,16.24,2731,16.24,16.23,16.24,,13.0
2018-10-12 13:05,,16.27,2731,16.27,16.23,16.24,,94.0
2018-10-12 13:10,,16.35,2731,16.35,16.27,16.27,,237.0
2018-10-12 13:15,,16.34,2731,16.36,16.34,16.35,,169.0
2018-10-12 13:20,,16.31,2731,16.35,16.31,16.34,,54.0
2018-10-12 13:25,,16.35,2731,16.35,16.31,16.31,,41.0
2018-10-12 13:30,,16.31,2731,16.35,16.31,16.35,,156.0
2018-10-12 13:35,,16.32,2731,16.34,16.31,16.31,,77.0
2018-10-12 13:40,,16.32,2731,16.32,16.32,16.32,,22.0
2018-10-12 13:45,,16.31,2731,16.33,16.31,16.32,,73.0
2018-10-12 13:50,,16.31,2731,16.32,16.3,16.31,,109.0
2018-10-12 13:55,,16.31,2731,16.31,16.3,16.31,,61.0
2018-10-12 14:00,,16.32,2731,16.32,16.31,16.31,,51.0
2018-10-12 14:05,,16.32,2731,16.32,16.32,16.32,,7.0
2018-10-12 14:10,,16.32,2731,16.32,16.31,16.32,,32.0
2018-10-12 14:15,,16.3,2731,16.32,16.3,16.32,,86.0
2018-10-12 14:20,,16.31,2731,16.31,16.3,16.3,,70.0
2018-10-12 14:25,,16.32,2731,16.32,16.31,16.31,,19.0
2018-10-12 14:30,,16.33,2731,16.34,16.32,16.32,,59.0
2018-10-12 14:35,,16.33,2731,16.34,16.33,16.33,,58.0
2018-10-12 14:40,,16.34,2731,16.34,16.32,16.33,,88.0
2018-10-12 14:45,,16.32,2731,16.34,16.32,16.34,,44.0
2018-10-12 14:50,,16.33,2731,16.34,16.32,16.32,,66.0
2018-10-12 14:55,,16.32,2731,16.34,16.32,16.33,,88.0
2018-10-12 15:00,,16.35,2731,16.35,16.32,16.32,,137.0
2018-10-15 09:35,,16.32,2731,16.45,16.3,16.35,,549.0
2018-10-15 09:40,,16.31,2731,16.4,16.29,16.32,,278.0
2018-10-15 09:45,,16.67,2731,16.67,16.3,16.31,,1740.0
2018-10-15 09:50,,17.28,2731,17.28,16.67,16.67,,3078.0
2018-10-15 09:55,,16.95,2731,17.4,16.84,17.28,,1659.0
2018-10-15 10:00,,17.02,2731,17.04,16.95,16.95,,420.0
2018-10-15 10:05,,16.97,2731,17.02,16.96,17.02,,197.0
2018-10-15 10:10,,16.84,2731,16.99,16.84,16.97,,618.0
2018-10-15 10:15,,16.88,2731,16.97,16.81,16.84,,341.0
2018-10-15 10:20,,16.88,2731,16.9,16.87,16.88,,154.0
2018-10-15 10:25,,16.86,2731,16.9,16.86,16.88,,157.0
2018-10-15 10:30,,16.86,2731,16.88,16.85,16.86,,242.0
2018-10-15 10:35,,16.77,2731,16.86,16.77,16.86,,529.0
2018-10-15 10:40,,16.77,2731,16.8,16.76,16.77,,162.0
2018-10-15 10:45,,16.71,2731,16.77,16.71,16.77,,357.0
2018-10-15 10:50,,16.73,2731,16.74,16.7,16.71,,177.0
2018-10-15 10:55,,16.77,2731,16.79,16.72,16.73,,28.0
2018-10-15 11:00,,16.71,2731,16.77,16.71,16.77,,121.0
2018-10-15 11:05,,16.72,2731,16.72,16.7,16.71,,45.0
2018-10-15 11:10,,16.72,2731,16.72,16.71,16.72,,14.0
2018-10-15 11:15,,16.78,2731,16.8,16.72,16.72,,38.0
2018-10-15 11:20,,16.85,2731,16.85,16.78,16.78,,250.0
2018-10-15 11:25,,16.7,2731,16.86,16.7,16.85,,406.0
2018-10-15 11:30,,16.72,2731,16.84,16.7,16.84,,47.0
2018-10-15 13:05,,16.71,2731,16.8,16.71,16.72,,72.0
2018-10-15 13:10,,16.8,2731,16.8,16.71,16.71,,29.0
2018-10-15 13:15,,16.8,2731,16.8,16.8,16.8,,11.0
2018-10-15 13:20,,16.82,2731,16.83,16.8,16.8,,30.0
2018-10-15 13:25,,16.83,2731,16.83,16.82,16.82,,3.0
2018-10-15 13:30,,16.8,2731,16.83,16.78,16.83,,70.0
2018-10-15 13:35,,16.85,2731,16.85,16.8,16.8,,213.0
2018-10-15 13:40,,16.84,2731,16.85,16.81,16.85,,79.0
2018-10-15 13:45,,16.82,2731,16.84,16.82,16.84,,103.0
2018-10-15 13:50,,16.8,2731,16.82,16.8,16.82,,150.0
2018-10-15 13:55,,16.75,2731,16.8,16.75,16.8,,103.0
2018-10-15 14:00,,16.73,2731,16.75,16.73,16.75,,72.0
2018-10-15 14:05,,16.74,2731,16.74,16.72,16.73,,63.0
2018-10-15 14:10,,16.75,2731,16.79,16.71,16.74,,277.0
2018-10-15 14:15,,16.75,2731,16.79,16.75,16.75,,160.0
2018-10-15 14:20,,16.75,2731,16.79,16.73,16.75,,53.0
2018-10-15 14:25,,16.75,2731,16.78,16.75,16.75,,78.0
2018-10-15 14:30,,16.75,2731,16.76,16.75,16.75,,74.0
2018-10-15 14:35,,16.74,2731,16.76,16.74,16.75,,174.0
2018-10-15 14:40,,16.71,2731,16.74,16.71,16.74,,378.0
2018-10-15 14:45,,16.72,2731,16.74,16.7,16.71,,150.0
2018-10-15 14:50,,16.59,2731,16.72,16.59,16.72,,291.0
2018-10-15 14:55,,16.58,2731,16.59,16.51,16.59,,329.0
2018-10-15 15:00,,16.59,2731,16.59,16.55,16.58,,323.0
2018-10-16 09:35,,16.8,2731,16.87,16.49,16.65,,828.0
2018-10-16 09:40,,16.96,2731,16.99,16.8,16.8,,629.0
2018-10-16 09:45,,16.96,2731,17.0,16.86,16.96,,914.0
2018-10-16 09:50,,16.92,2731,16.97,16.88,16.96,,483.0
2018-10-16 09:55,,16.79,2731,16.92,16.76,16.92,,426.0
2018-10-16 10:00,,16.88,2731,16.9,16.79,16.79,,238.0
2018-10-16 10:05,,16.78,2731,16.88,16.78,16.88,,344.0
2018-10-16 10:10,,16.79,2731,16.79,16.61,16.78,,350.0
2018-10-16 10:15,,16.63,2731,16.79,16.63,16.79,,205.0
2018-10-16 10:20,,16.7,2731,16.7,16.59,16.63,,234.0
2018-10-16 10:25,,16.67,2731,16.7,16.63,16.7,,72.0
2018-10-16 10:30,,16.67,2731,16.67,16.66,16.67,,42.0
2018-10-16 10:35,,16.68,2731,16.69,16.67,16.67,,70.0
2018-10-16 10:40,,16.61,2731,16.68,16.61,16.68,,142.0
2018-10-16 10:45,,16.63,2731,16.63,16.6,16.61,,63.0
2018-10-16 10:50,,16.61,2731,16.63,16.6,16.63,,119.0
2018-10-16 10:55,,16.63,2731,16.63,16.61,16.61,,77.0
2018-10-16 11:00,,16.67,2731,16.67,16.63,16.63,,16.0
2018-10-16 11:05,,16.69,2731,16.69,16.65,16.67,,76.0
2018-10-16 11:10,,16.62,2731,16.69,16.61,16.69,,114.0
2018-10-16 11:15,,16.61,2731,16.62,16.61,16.62,,24.0
2018-10-16 11:20,,16.6,2731,16.69,16.6,16.61,,221.0
2018-10-16 11:25,,16.67,2731,16.67,16.6,16.6,,184.0
2018-10-16 11:30,,16.68,2731,16.7,16.67,16.67,,69.0
2018-10-16 13:05,,16.66,2731,16.69,16.65,16.68,,126.0
2018-10-16 13:10,,16.62,2731,16.66,16.62,16.66,,66.0
2018-10-16 13:15,,16.61,2731,16.65,16.61,16.62,,43.0
2018-10-16 13:20,,16.62,2731,16.65,16.61,16.61,,28.0
2018-10-16 13:25,,16.65,2731,16.65,16.61,16.62,,118.0
2018-10-16 13:30,,16.67,2731,16.7,16.61,16.65,,359.0
2018-10-16 13:35,,16.67,2731,16.67,16.61,16.61,,89.0
2018-10-16 13:40,,16.67,2731,16.68,16.67,16.67,,149.0
2018-10-16 13:45,,16.68,2731,16.68,16.63,16.67,,213.0
2018-10-16 13:50,,16.68,2731,16.68,16.67,16.68,,16.0
2018-10-16 13:55,,16.7,2731,16.7,16.67,16.68,,229.0
2018-10-16 14:00,,16.7,2731,16.75,16.67,16.7,,439.0
2018-10-16 14:05,,16.68,2731,16.7,16.67,16.7,,48.0
2018-10-16 14:10,,16.63,2731,16.69,16.63,16.68,,161.0
2018-10-16 14:15,,16.61,2731,16.63,16.61,16.63,,190.0
2018-10-16 14:20,,16.62,2731,16.7,16.61,16.61,,517.0
2018-10-16 14:25,,16.69,2731,16.71,16.62,16.62,,167.0
2018-10-16 14:30,,16.65,2731,16.69,16.64,16.69,,67.0
2018-10-16 14:35,,16.65,2731,16.65,16.64,16.65,,52.0
2018-10-16 14:40,,16.68,2731,16.68,16.63,16.65,,247.0
2018-10-16 14:45,,16.66,2731,16.68,16.65,16.68,,517.0
2018-10-16 14:50,,16.66,2731,16.67,16.65,16.66,,122.0
2018-10-16 14:55,,16.71,2731,16.72,16.66,16.66,,558.0
2018-10-16 15:00,,16.72,2731,16.72,16.69,16.71,,204.0
2018-10-17 09:35,,16.81,2731,16.98,16.76,16.8,,1372.0
2018-10-17 09:40,,16.76,2731,16.84,16.75,16.81,,145.0
2018-10-17 09:45,,16.75,2731,16.8,16.75,16.76,,222.0
2018-10-17 09:50,,16.78,2731,16.8,16.75,16.75,,171.0
2018-10-17 09:55,,16.73,2731,16.78,16.73,16.78,,127.0
2018-10-17 10:00,,16.72,2731,16.74,16.72,16.73,,133.0
2018-10-17 10:05,,16.62,2731,16.72,16.62,16.72,,281.0
2018-10-17 10:10,,16.68,2731,16.7,16.53,16.62,,422.0
2018-10-17 10:15,,16.72,2731,16.74,16.58,16.68,,255.0
2018-10-17 10:20,,16.68,2731,16.72,16.68,16.72,,19.0
2018-10-17 10:25,,16.71,2731,16.72,16.68,16.68,,82.0
2018-10-17 10:30,,16.65,2731,16.71,16.65,16.71,,104.0
2018-10-17 10:35,,16.67,2731,16.67,16.59,16.65,,288.0
2018-10-17 10:40,,16.66,2731,16.67,16.66,16.67,,47.0
2018-10-17 10:45,,16.65,2731,16.66,16.65,16.66,,20.0
2018-10-17 10:50,,16.65,2731,16.66,16.65,16.65,,17.0
2018-10-17 10:55,,16.61,2731,16.66,16.61,16.65,,49.0
2018-10-17 11:00,,16.57,2731,16.61,16.57,16.61,,172.0
2018-10-17 11:05,,16.59,2731,16.59,16.55,16.57,,47.0
2018-10-17 11:10,,16.64,2731,16.64,16.59,16.59,,15.0
2018-10-17 11:15,,16.58,2731,16.64,16.58,16.64,,21.0
2018-10-17 11:20,,16.58,2731,16.59,16.58,16.58,,8.0
2018-10-17 11:25,,16.59,2731,16.59,16.58,16.58,,12.0
2018-10-17 11:30,,16.61,2731,16.63,16.59,16.59,,11.0
2018-10-17 13:05,,16.65,2731,16.65,16.58,16.61,,73.0
2018-10-17 13:10,,16.58,2731,16.65,16.58,16.65,,63.0
2018-10-17 13:15,,16.6,2731,16.6,16.56,16.58,,92.0
2018-10-17 13:20,,16.55,2731,16.65,16.55,16.6,,192.0
2018-10-17 13:25,,16.52,2731,16.56,16.51,16.55,,238.0
2018-10-17 13:30,,16.59,2731,16.62,16.52,16.52,,48.0
2018-10-17 13:35,,16.5,2731,16.59,16.5,16.59,,273.0
2018-10-17 13:40,,16.63,2731,16.63,16.5,16.5,,160.0
2018-10-17 13:45,,16.64,2731,16.64,16.63,16.63,,31.0
2018-10-17 13:50,,16.69,2731,16.69,16.56,16.64,,216.0
2018-10-17 13:55,,16.58,2731,16.69,16.58,16.69,,31.0
2018-10-17 14:00,,16.6,2731,16.66,16.58,16.58,,21.0
2018-10-17 14:05,,16.58,2731,16.6,16.58,16.6,,135.0
2018-10-17 14:10,,16.64,2731,16.64,16.58,16.58,,5.0
2018-10-17 14:15,,16.66,2731,16.66,16.6,16.64,,62.0
2018-10-17 14:20,,16.64,2731,16.68,16.64,16.66,,92.0
2018-10-17 14:25,,16.66,2731,16.68,16.63,16.64,,23.0
2018-10-17 14:30,,16.66,2731,16.66,16.63,16.66,,76.0
2018-10-17 14:35,,16.64,2731,16.68,16.64,16.66,,66.0
2018-10-17 14:40,,16.61,2731,16.67,16.61,16.64,,246.0
2018-10-17 14:45,,16.59,2731,16.61,16.5,16.61,,584.0
2018-10-17 14:50,,16.56,2731,16.59,16.47,16.59,,802.0
2018-10-17 14:55,,16.58,2731,16.6,16.56,16.56,,145.0
2018-10-17 15:00,,16.71,2731,16.71,16.57,16.58,,481.0
2018-10-18 09:35,,16.63,2731,16.75,16.47,16.75,,543.0
2018-10-18 09:40,,16.63,2731,16.81,16.63,16.63,,603.0
2018-10-18 09:45,,16.63,2731,16.68,16.56,16.63,,101.0
2018-10-18 09:50,,16.69,2731,16.69,16.63,16.63,,47.0
2018-10-18 09:55,,16.66,2731,16.69,16.65,16.69,,76.0
2018-10-18 10:00,,16.69,2731,16.69,16.66,16.66,,40.0
2018-10-18 10:05,,16.71,2731,16.71,16.67,16.69,,74.0
2018-10-18 10:10,,16.68,2731,16.71,16.67,16.71,,57.0
2018-10-18 10:15,,16.65,2731,16.73,16.63,16.68,,219.0
2018-10-18 10:20,,16.68,2731,16.71,16.65,16.65,,8.0
2018-10-18 10:25,,16.7,2731,16.71,16.67,16.68,,34.0
2018-10-18 10:30,,16.7,2731,16.7,16.65,16.7,,71.0
2018-10-18 10:35,,16.68,2731,16.71,16.68,16.7,,167.0
2018-10-18 10:40,,16.68,2731,16.7,16.68,16.68,,16.0
2018-10-18 10:45,,16.68,2731,16.7,16.68,16.68,,9.0
2018-10-18 10:50,,16.67,2731,16.68,16.66,16.68,,130.0
2018-10-18 10:55,,16.69,2731,16.69,16.63,16.67,,172.0
2018-10-18 11:00,,16.65,2731,16.69,16.63,16.69,,16.0
2018-10-18 11:05,,16.64,2731,16.65,16.63,16.65,,22.0
2018-10-18 11:10,,16.66,2731,16.66,16.64,16.64,,17.0
2018-10-18 11:15,,16.69,2731,16.69,16.66,16.66,,5.0
2018-10-18 11:20,,16.71,2731,16.71,16.69,16.69,,176.0
2018-10-18 11:25,,16.71,2731,16.71,16.7,16.71,,22.0
2018-10-18 11:30,,16.69,2731,16.71,16.66,16.71,,59.0
2018-10-18 13:05,,16.69,2731,16.69,16.66,16.69,,50.0
2018-10-18 13:10,,16.71,2731,16.72,16.69,16.69,,132.0
2018-10-18 13:15,,16.69,2731,16.71,16.69,16.71,,41.0
2018-10-18 13:20,,16.71,2731,16.71,16.69,16.69,,13.0
2018-10-18 13:25,,16.7,2731,16.71,16.7,16.71,,24.0
2018-10-18 13:30,,16.7,2731,16.71,16.7,16.7,,31.0
2018-10-18 13:35,,16.66,2731,16.7,16.66,16.7,,52.0
2018-10-18 13:40,,16.7,2731,16.7,16.66,16.66,,39.0
2018-10-18 13:45,,16.7,2731,16.7,16.68,16.7,,40.0
2018-10-18 13:50,,16.7,2731,16.7,16.69,16.7,,145.0
2018-10-18 13:55,,16.69,2731,16.7,16.68,16.7,,50.0
2018-10-18 14:00,,16.66,2731,16.69,16.66,16.69,,96.0
2018-10-18 14:05,,16.66,2731,16.67,16.66,16.66,,54.0
2018-10-18 14:10,,16.56,2731,16.67,16.55,16.67,,305.0
2018-10-18 14:15,,16.62,2731,16.62,16.56,16.56,,28.0
2018-10-18 14:20,,16.57,2731,16.62,16.57,16.62,,148.0
2018-10-18 14:25,,16.57,2731,16.58,16.56,16.57,,91.0
2018-10-18 14:30,,16.58,2731,16.65,16.56,16.57,,65.0
2018-10-18 14:35,,16.57,2731,16.58,16.57,16.58,,50.0
2018-10-18 14:40,,16.51,2731,16.58,16.51,16.57,,92.0
2018-10-18 14:45,,16.53,2731,16.54,16.5,16.51,,220.0
2018-10-18 14:50,,16.49,2731,16.54,16.49,16.53,,186.0
2018-10-18 14:55,,16.51,2731,16.52,16.49,16.49,,310.0
2018-10-18 15:00,,16.5,2731,16.51,16.5,16.51,,126.0
2018-10-19 09:35,,16.37,2731,16.5,16.32,16.45,,825.0
2018-10-19 09:40,,16.4,2731,16.4,16.35,16.37,,324.0
2018-10-19 09:45,,16.4,2731,16.4,16.37,16.4,,268.0
2018-10-19 09:50,,16.48,2731,16.53,16.4,16.4,,328.0
2018-10-19 09:55,,16.53,2731,16.53,16.48,16.48,,297.0
2018-10-19 10:00,,16.55,2731,16.55,16.48,16.53,,50.0
2018-10-19 10:05,,16.51,2731,16.59,16.51,16.55,,287.0
2018-10-19 10:10,,16.47,2731,16.58,16.47,16.51,,183.0
2018-10-19 10:15,,16.43,2731,16.55,16.41,16.47,,317.0
2018-10-19 10:20,,16.55,2731,16.55,16.43,16.43,,305.0
2018-10-19 10:25,,16.52,2731,16.55,16.5,16.55,,107.0
2018-10-19 10:30,,16.38,2731,16.52,16.38,16.52,,298.0
2018-10-19 10:35,,16.35,2731,16.49,16.35,16.38,,1411.0
2018-10-19 10:40,,16.41,2731,16.41,16.35,16.35,,186.0
2018-10-19 10:45,,16.3,2731,16.41,16.25,16.41,,1185.0
2018-10-19 10:50,,16.35,2731,16.35,16.3,16.3,,835.0
2018-10-19 10:55,,16.39,2731,16.39,16.35,16.35,,64.0
2018-10-19 11:00,,16.41,2731,16.41,16.37,16.39,,33.0
2018-10-19 11:05,,16.45,2731,16.45,16.39,16.41,,18.0
2018-10-19 11:10,,16.38,2731,16.45,16.38,16.45,,37.0
2018-10-19 11:15,,16.36,2731,16.39,16.36,16.38,,130.0
2018-10-19 11:20,,16.42,2731,16.42,16.36,16.36,,6.0
2018-10-19 11:25,,16.37,2731,16.42,16.37,16.42,,10.0
2018-10-19 11:30,,16.37,2731,16.37,16.37,16.37,,5.0
2018-10-19 13:05,,16.38,2731,16.38,16.36,16.37,,102.0
2018-10-19 13:10,,16.42,2731,16.42,16.38,16.38,,56.0
2018-10-19 13:15,,16.38,2731,16.42,16.38,16.42,,24.0
2018-10-19 13:20,,16.42,2731,16.42,16.36,16.38,,148.0
2018-10-19 13:25,,16.38,2731,16.42,16.38,16.42,,17.0
2018-10-19 13:30,,16.42,2731,16.42,16.38,16.38,,47.0
2018-10-19 13:35,,16.38,2731,16.42,16.38,16.42,,66.0
2018-10-19 13:40,,16.5,2731,16.55,16.38,16.38,,424.0
2018-10-19 13:45,,16.57,2731,16.57,16.45,16.5,,242.0
2018-10-19 13:50,,16.54,2731,16.57,16.5,16.57,,171.0
2018-10-19 13:55,,16.52,2731,16.54,16.52,16.54,,139.0
2018-10-19 14:00,,16.55,2731,16.55,16.51,16.52,,155.0
2018-10-19 14:05,,16.57,2731,16.57,16.53,16.55,,66.0
2018-10-19 14:10,,16.7,2731,16.7,16.57,16.57,,920.0
2018-10-19 14:15,,16.69,2731,16.71,16.66,16.7,,155.0
2018-10-19 14:20,,16.66,2731,16.73,16.66,16.69,,391.0
2018-10-19 14:25,,16.73,2731,16.73,16.61,16.66,,520.0
2018-10-19 14:30,,16.82,2731,16.88,16.72,16.73,,995.0
2018-10-19 14:35,,16.8,2731,16.87,16.8,16.82,,407.0
2018-10-19 14:40,,17.08,2731,17.1,16.8,16.8,,2761.0
2018-10-19 14:45,,16.95,2731,17.05,16.9,17.04,,995.0
2018-10-19 14:50,,16.9,2731,16.95,16.9,16.95,,873.0
2018-10-19 14:55,,16.95,2731,16.95,16.9,16.9,,488.0
2018-10-19 15:00,,16.95,2731,16.95,16.92,16.95,,614.0
2018-10-22 09:35,,16.99,2731,17.2,16.95,17.12,,1697.0
2018-10-22 09:40,,17.04,2731,17.06,16.99,16.99,,353.0
2018-10-22 09:45,,17.08,2731,17.08,17.0,17.04,,278.0
2018-10-22 09:50,,17.13,2731,17.13,17.08,17.08,,561.0
2018-10-22 09:55,,17.09,2731,17.14,17.09,17.13,,161.0
2018-10-22 10:00,,17.07,2731,17.1,17.03,17.09,,112.0
2018-10-22 10:05,,17.35,2731,17.38,17.07,17.07,,1093.0
2018-10-22 10:10,,17.25,2731,17.39,17.22,17.35,,661.0
2018-10-22 10:15,,17.25,2731,17.25,17.22,17.25,,236.0
2018-10-22 10:20,,17.28,2731,17.29,17.23,17.25,,246.0
2018-10-22 10:25,,17.25,2731,17.28,17.23,17.28,,183.0
2018-10-22 10:30,,17.19,2731,17.25,17.19,17.25,,243.0
2018-10-22 10:35,,17.13,2731,17.19,17.13,17.19,,182.0
2018-10-22 10:40,,17.18,2731,17.2,17.12,17.13,,128.0
2018-10-22 10:45,,17.17,2731,17.2,17.17,17.18,,41.0
2018-10-22 10:50,,17.16,2731,17.2,17.16,17.17,,279.0
2018-10-22 10:55,,17.16,2731,17.18,17.15,17.16,,174.0
2018-10-22 11:00,,17.18,2731,17.18,17.16,17.16,,274.0
2018-10-22 11:05,,17.21,2731,17.25,17.18,17.18,,521.0
2018-10-22 11:10,,17.2,2731,17.21,17.16,17.21,,208.0
2018-10-22 11:15,,17.25,2731,17.26,17.18,17.2,,361.0
2018-10-22 11:20,,17.22,2731,17.25,17.22,17.25,,235.0
2018-10-22 11:25,,17.25,2731,17.25,17.19,17.22,,106.0
2018-10-22 11:30,,17.3,2731,17.3,17.25,17.25,,142.0
2018-10-22 13:05,,17.37,2731,17.39,17.3,17.3,,569.0
2018-10-22 13:10,,17.49,2731,17.5,17.33,17.37,,601.0
2018-10-22 13:15,,17.46,2731,17.6,17.46,17.49,,733.0
2018-10-22 13:20,,17.44,2731,17.5,17.43,17.46,,456.0
2018-10-22 13:25,,17.44,2731,17.44,17.41,17.44,,289.0
2018-10-22 13:30,,17.44,2731,17.45,17.42,17.44,,249.0
2018-10-22 13:35,,17.44,2731,17.45,17.43,17.44,,225.0
2018-10-22 13:40,,17.43,2731,17.45,17.43,17.44,,145.0
2018-10-22 13:45,,17.43,2731,17.44,17.42,17.43,,148.0
2018-10-22 13:50,,17.49,2731,17.49,17.43,17.43,,461.0
2018-10-22 13:55,,17.43,2731,17.49,17.41,17.49,,336.0
2018-10-22 14:00,,17.44,2731,17.44,17.42,17.43,,125.0
2018-10-22 14:05,,17.42,2731,17.44,17.42,17.44,,132.0
2018-10-22 14:10,,17.36,2731,17.44,17.36,17.42,,247.0
2018-10-22 14:15,,17.37,2731,17.38,17.33,17.36,,177.0
2018-10-22 14:20,,17.28,2731,17.37,17.26,17.37,,331.0
2018-10-22 14:25,,17.43,2731,17.43,17.27,17.28,,219.0
2018-10-22 14:30,,17.31,2731,17.43,17.31,17.43,,92.0
2018-10-22 14:35,,17.27,2731,17.31,17.26,17.31,,417.0
2018-10-22 14:40,,17.2,2731,17.3,17.2,17.27,,509.0
2018-10-22 14:45,,17.2,2731,17.21,17.17,17.2,,356.0
2018-10-22 14:50,,17.24,2731,17.31,17.19,17.2,,359.0
2018-10-22 14:55,,17.31,2731,17.31,17.24,17.24,,543.0
2018-10-22 15:00,,17.39,2731,17.39,17.31,17.31,,449.0
2018-10-23 09:35,,17.25,2731,17.37,17.22,17.37,,684.0
2018-10-23 09:40,,17.21,2731,17.27,17.19,17.25,,855.0
2018-10-23 09:45,,17.2,2731,17.26,17.2,17.21,,363.0
2018-10-23 09:50,,17.15,2731,17.21,17.12,17.2,,900.0
2018-10-23 09:55,,17.14,2731,17.15,17.13,17.15,,206.0
2018-10-23 10:00,,17.12,2731,17.15,17.11,17.14,,285.0
2018-10-23 10:05,,17.12,2731,17.12,17.1,17.12,,505.0
2018-10-23 10:10,,17.11,2731,17.15,17.11,17.12,,224.0
2018-10-23 10:15,,17.15,2731,17.15,17.11,17.11,,117.0
2018-10-23 10:20,,17.2,2731,17.2,17.15,17.15,,114.0
2018-10-23 10:25,,17.2,2731,17.2,17.2,17.2,,15.0
2018-10-23 10:30,,17.11,2731,17.2,17.11,17.2,,216.0
2018-10-23 10:35,,17.16,2731,17.16,17.11,17.11,,137.0
2018-10-23 10:40,,17.15,2731,17.18,17.15,17.16,,60.0
2018-10-23 10:45,,17.15,2731,17.16,17.14,17.15,,77.0
2018-10-23 10:50,,17.23,2731,17.23,17.15,17.15,,151.0
2018-10-23 10:55,,17.3,2731,17.31,17.23,17.23,,115.0
2018-10-23 11:00,,17.29,2731,17.3,17.24,17.3,,73.0
2018-10-23 11:05,,17.15,2731,17.29,17.15,17.29,,557.0
2018-10-23 11:10,,17.15,2731,17.18,17.15,17.15,,23.0
2018-10-23 11:15,,17.15,2731,17.15,17.15,17.15,,87.0
2018-10-23 11:20,,17.15,2731,17.15,17.15,17.15,,5.0
2018-10-23 11:25,,17.15,2731,17.15,17.15,17.15,,25.0
2018-10-23 11:30,,17.15,2731,17.33,17.15,17.15,,302.0
2018-10-23 13:05,,17.16,2731,17.3,17.15,17.15,,50.0
2018-10-23 13:10,,17.15,2731,17.28,17.15,17.16,,55.0
2018-10-23 13:15,,17.18,2731,17.18,17.15,17.15,,37.0
2018-10-23 13:20,,17.17,2731,17.18,17.17,17.18,,6.0
2018-10-23 13:25,,17.18,2731,17.18,17.17,17.17,,55.0
2018-10-23 13:30,,17.17,2731,17.18,17.17,17.18,,34.0
2018-10-23 13:35,,17.22,2731,17.22,17.17,17.17,,52.0
2018-10-23 13:40,,17.22,2731,17.22,17.22,17.22,,36.0
2018-10-23 13:45,,17.17,2731,17.22,17.15,17.22,,68.0
2018-10-23 13:50,,17.16,2731,17.17,17.16,17.17,,27.0
2018-10-23 13:55,,17.12,2731,17.16,17.11,17.16,,145.0
2018-10-23 14:00,,17.12,2731,17.12,17.11,17.12,,77.0
2018-10-23 14:05,,17.07,2731,17.12,17.05,17.12,,239.0
2018-10-23 14:10,,17.35,2731,17.35,17.05,17.07,,653.0
2018-10-23 14:15,,17.33,2731,17.38,17.3,17.35,,1229.0
2018-10-23 14:20,,17.22,2731,17.33,17.21,17.33,,651.0
2018-10-23 14:25,,17.25,2731,17.26,17.21,17.22,,210.0
2018-10-23 14:30,,17.22,2731,17.25,17.22,17.25,,292.0
2018-10-23 14:35,,17.24,2731,17.25,17.22,17.22,,86.0
2018-10-23 14:40,,17.25,2731,17.26,17.24,17.24,,60.0
2018-10-23 14:45,,17.23,2731,17.25,17.23,17.25,,90.0
2018-10-23 14:50,,17.26,2731,17.26,17.22,17.23,,173.0
2018-10-23 14:55,,17.29,2731,17.32,17.26,17.26,,652.0
2018-10-23 15:00,,17.25,2731,17.29,17.23,17.29,,246.0
2018-10-24 09:35,,17.3,2731,17.3,17.2,17.23,,477.0
2018-10-24 09:40,,17.29,2731,17.33,17.29,17.3,,261.0
2018-10-24 09:45,,17.25,2731,17.29,17.25,17.29,,103.0
2018-10-24 09:50,,17.22,2731,17.29,17.22,17.25,,56.0
2018-10-24 09:55,,17.25,2731,17.25,17.22,17.22,,157.0
2018-10-24 10:00,,17.27,2731,17.29,17.25,17.25,,77.0
2018-10-24 10:05,,17.23,2731,17.27,17.23,17.27,,121.0
2018-10-24 10:10,,17.22,2731,17.25,17.22,17.23,,56.0
2018-10-24 10:15,,17.17,2731,17.23,17.17,17.22,,156.0
2018-10-24 10:20,,17.17,2731,17.17,17.15,17.17,,165.0
2018-10-24 10:25,,17.24,2731,17.25,17.17,17.17,,38.0
2018-10-24 10:30,,17.2,2731,17.24,17.19,17.24,,62.0
2018-10-24 10:35,,17.15,2731,17.2,17.15,17.2,,81.0
2018-10-24 10:40,,17.13,2731,17.15,17.1,17.15,,145.0
2018-10-24 10:45,,17.14,2731,17.16,17.13,17.13,,94.0
2018-10-24 10:50,,17.15,2731,17.15,17.13,17.14,,112.0
2018-10-24 10:55,,17.16,2731,17.16,17.15,17.15,,84.0
2018-10-24 11:00,,17.16,2731,17.16,17.15,17.16,,80.0
2018-10-24 11:05,,17.24,2731,17.24,17.16,17.16,,165.0
2018-10-24 11:10,,17.24,2731,17.24,17.23,17.24,,21.0
2018-10-24 11:15,,17.23,2731,17.24,17.23,17.24,,42.0
2018-10-24 11:20,,17.22,2731,17.23,17.2,17.23,,37.0
2018-10-24 11:25,,17.22,2731,17.23,17.22,17.22,,86.0
2018-10-24 11:30,,17.21,2731,17.23,17.21,17.22,,19.0
2018-10-24 13:05,,17.23,2731,17.24,17.21,17.21,,73.0
2018-10-24 13:10,,17.23,2731,17.23,17.23,17.23,,0.0
2018-10-24 13:15,,17.21,2731,17.23,17.21,17.23,,35.0
2018-10-24 13:20,,17.16,2731,17.21,17.15,17.21,,235.0
2018-10-24 13:25,,17.3,2731,17.3,17.13,17.16,,769.0
2018-10-24 13:30,,17.18,2731,17.3,17.17,17.3,,174.0
2018-10-24 13:35,,17.16,2731,17.18,17.16,17.18,,151.0
2018-10-24 13:40,,17.15,2731,17.2,17.15,17.16,,148.0
2018-10-24 13:45,,17.11,2731,17.18,17.1,17.15,,346.0
2018-10-24 13:50,,17.08,2731,17.11,16.87,17.11,,886.0
2018-10-24 13:55,,17.01,2731,17.08,16.94,17.08,,330.0
2018-10-24 14:00,,16.99,2731,17.05,16.99,17.01,,173.0
2018-10-24 14:05,,16.99,2731,16.99,16.96,16.99,,114.0
2018-10-24 14:10,,16.95,2731,16.99,16.94,16.99,,106.0
2018-10-24 14:15,,16.96,2731,17.0,16.95,16.95,,99.0
2018-10-24 14:20,,17.02,2731,17.02,16.96,16.96,,66.0
2018-10-24 14:25,,17.04,2731,17.04,17.02,17.02,,67.0
2018-10-24 14:30,,17.07,2731,17.09,17.04,17.04,,65.0
2018-10-24 14:35,,17.04,2731,17.07,17.02,17.07,,139.0
2018-10-24 14:40,,17.04,2731,17.04,16.98,17.04,,67.0
2018-10-24 14:45,,16.97,2731,17.04,16.97,17.04,,100.0
2018-10-24 14:50,,17.02,2731,17.02,16.97,16.97,,68.0
2018-10-24 14:55,,17.05,2731,17.06,17.0,17.02,,289.0
2018-10-24 15:00,,17.05,2731,17.07,17.05,17.05,,207.0
2018-10-25 09:35,,16.69,2731,16.7,16.55,16.55,,970.0
2018-10-25 09:40,,16.69,2731,16.69,16.64,16.69,,285.0
2018-10-25 09:45,,16.88,2731,16.88,16.69,16.69,,263.0
2018-10-25 09:50,,16.84,2731,16.89,16.74,16.88,,300.0
2018-10-25 09:55,,16.83,2731,16.84,16.75,16.84,,30.0
2018-10-25 10:00,,16.75,2731,16.83,16.75,16.83,,104.0
2018-10-25 10:05,,16.74,2731,16.8,16.74,16.75,,35.0
2018-10-25 10:10,,16.78,2731,16.78,16.7,16.74,,103.0
2018-10-25 10:15,,16.73,2731,16.78,16.73,16.78,,147.0
2018-10-25 10:20,,16.7,2731,16.8,16.7,16.73,,350.0
2018-10-25 10:25,,16.79,2731,16.79,16.69,16.7,,81.0
2018-10-25 10:30,,16.7,2731,16.79,16.69,16.79,,182.0
2018-10-25 10:35,,16.7,2731,16.8,16.7,16.7,,223.0
2018-10-25 10:40,,16.71,2731,16.79,16.7,16.7,,127.0
2018-10-25 10:45,,16.63,2731,16.71,16.63,16.71,,436.0
2018-10-25 10:50,,16.65,2731,16.66,16.63,16.63,,82.0
2018-10-25 10:55,,16.78,2731,16.79,16.65,16.65,,373.0
2018-10-25 11:00,,16.77,2731,16.78,16.76,16.78,,63.0
2018-10-25 11:05,,16.73,2731,16.77,16.73,16.77,,124.0
2018-10-25 11:10,,16.72,2731,16.73,16.7,16.73,,48.0
2018-10-25 11:15,,16.75,2731,16.75,16.68,16.72,,253.0
2018-10-25 11:20,,16.77,2731,16.77,16.75,16.75,,48.0
2018-10-25 11:25,,16.74,2731,16.77,16.73,16.77,,28.0
2018-10-25 11:30,,16.75,2731,16.75,16.73,16.74,,25.0
2018-10-25 13:05,,16.75,2731,16.77,16.75,16.75,,72.0
2018-10-25 13:10,,16.73,2731,16.75,16.73,16.75,,34.0
2018-10-25 13:15,,16.77,2731,16.77,16.73,16.73,,43.0
2018-10-25 13:20,,16.75,2731,16.77,16.75,16.77,,29.0
2018-10-25 13:25,,16.69,2731,16.75,16.69,16.75,,125.0
2018-10-25 13:30,,16.7,2731,16.71,16.67,16.69,,104.0
2018-10-25 13:35,,16.71,2731,16.71,16.7,16.7,,61.0
2018-10-25 13:40,,16.71,2731,16.71,16.7,16.71,,53.0
2018-10-25 13:45,,16.71,2731,16.71,16.7,16.71,,19.0
2018-10-25 13:50,,16.66,2731,16.71,16.66,16.71,,458.0
2018-10-25 13:55,,16.75,2731,16.78,16.66,16.66,,451.0
2018-10-25 14:00,,16.8,2731,16.8,16.75,16.75,,92.0
2018-10-25 14:05,,16.78,2731,16.8,16.76,16.8,,181.0
2018-10-25 14:10,,16.78,2731,16.78,16.76,16.78,,65.0
2018-10-25 14:15,,16.86,2731,16.88,16.78,16.78,,246.0
2018-10-25 14:20,,16.84,2731,16.86,16.84,16.86,,37.0
2018-10-25 14:25,,16.88,2731,16.88,16.8,16.84,,106.0
2018-10-25 14:30,,16.85,2731,16.88,16.81,16.88,,40.0
2018-10-25 14:35,,16.89,2731,16.9,16.85,16.85,,286.0
2018-10-25 14:40,,16.82,2731,16.89,16.8,16.89,,215.0
2018-10-25 14:45,,16.8,2731,16.85,16.79,16.82,,180.0
2018-10-25 14:50,,16.71,2731,16.81,16.7,16.8,,431.0
2018-10-25 14:55,,16.81,2731,16.81,16.7,16.71,,324.0
2018-10-25 15:00,,16.7,2731,16.83,16.7,16.81,,632.0
2018-10-26 09:35,,16.7,2731,16.75,16.58,16.75,,654.0
2018-10-26 09:40,,16.66,2731,16.7,16.59,16.7,,353.0
2018-10-26 09:45,,16.62,2731,16.7,16.6,16.66,,157.0
2018-10-26 09:50,,16.68,2731,16.68,16.62,16.62,,337.0
2018-10-26 09:55,,16.71,2731,16.72,16.66,16.68,,172.0
2018-10-26 10:00,,16.73,2731,16.73,16.7,16.71,,104.0
2018-10-26 10:05,,16.75,2731,16.78,16.73,16.73,,383.0
2018-10-26 10:10,,16.7,2731,16.76,16.7,16.75,,142.0
2018-10-26 10:15,,16.7,2731,16.77,16.7,16.7,,168.0
2018-10-26 10:20,,16.77,2731,16.77,16.7,16.7,,60.0
2018-10-26 10:25,,16.63,2731,16.77,16.63,16.77,,320.0
2018-10-26 10:30,,16.65,2731,16.69,16.63,16.63,,10.0
2018-10-26 10:35,,16.69,2731,16.69,16.65,16.65,,95.0
2018-10-26 10:40,,16.69,2731,16.7,16.69,16.69,,73.0
2018-10-26 10:45,,16.7,2731,16.7,16.69,16.69,,62.0
2018-10-26 10:50,,16.74,2731,16.74,16.69,16.7,,122.0
2018-10-26 10:55,,16.71,2731,16.74,16.7,16.74,,8.0
2018-10-26 11:00,,16.71,2731,16.71,16.7,16.71,,12.0
2018-10-26 11:05,,16.7,2731,16.71,16.7,16.71,,49.0
2018-10-26 11:10,,16.68,2731,16.7,16.68,16.7,,11.0
2018-10-26 11:15,,16.62,2731,16.69,16.6,16.68,,194.0
2018-10-26 11:20,,16.6,2731,16.65,16.6,16.62,,245.0
2018-10-26 11:25,,16.54,2731,16.6,16.5,16.6,,519.0
2018-10-26 11:30,,16.49,2731,16.54,16.49,16.54,,624.0
2018-10-26 13:05,,16.53,2731,16.57,16.49,16.49,,179.0
2018-10-26 13:10,,16.57,2731,16.57,16.53,16.53,,86.0
2018-10-26 13:15,,16.53,2731,16.57,16.53,16.57,,68.0
2018-10-26 13:20,,16.5,2731,16.54,16.5,16.53,,140.0
2018-10-26 13:25,,16.51,2731,16.53,16.5,16.5,,69.0
2018-10-26 13:30,,16.53,2731,16.56,16.51,16.51,,69.0
2018-10-26 13:35,,16.49,2731,16.53,16.49,16.53,,216.0
2018-10-26 13:40,,16.34,2731,16.5,16.34,16.49,,1278.0
2018-10-26 13:45,,16.41,2731,16.41,16.3,16.35,,967.0
2018-10-26 13:50,,16.41,2731,16.41,16.36,16.41,,276.0
2018-10-26 13:55,,16.33,2731,16.47,16.33,16.41,,112.0
2018-10-26 14:00,,16.39,2731,16.46,16.33,16.33,,94.0
2018-10-26 14:05,,16.34,2731,16.46,16.34,16.39,,113.0
2018-10-26 14:10,,16.4,2731,16.4,16.34,16.34,,117.0
2018-10-26 14:15,,16.33,2731,16.4,16.3,16.4,,384.0
2018-10-26 14:20,,16.31,2731,16.38,16.29,16.33,,314.0
2018-10-26 14:25,,16.32,2731,16.34,16.31,16.31,,134.0
2018-10-26 14:30,,16.3,2731,16.32,16.3,16.32,,345.0
2018-10-26 14:35,,16.3,2731,16.31,16.28,16.3,,311.0
2018-10-26 14:40,,16.32,2731,16.32,16.3,16.3,,131.0
2018-10-26 14:45,,16.37,2731,16.37,16.31,16.32,,172.0
2018-10-26 14:50,,16.45,2731,16.45,16.32,16.37,,276.0
2018-10-26 14:55,,16.35,2731,16.45,16.31,16.45,,334.0
2018-10-26 15:00,,16.32,2731,16.35,16.3,16.35,,400.0
2018-10-29 09:35,,16.28,2731,16.43,16.25,16.33,,422.0
2018-10-29 09:40,,16.3,2731,16.32,16.28,16.28,,226.0
2018-10-29 09:45,,16.3,2731,16.31,16.29,16.3,,179.0
2018-10-29 09:50,,16.37,2731,16.4,16.3,16.3,,111.0
2018-10-29 09:55,,16.34,2731,16.38,16.33,16.37,,90.0
2018-10-29 10:00,,16.31,2731,16.35,16.3,16.34,,257.0
2018-10-29 10:05,,16.27,2731,16.31,16.27,16.31,,308.0
2018-10-29 10:10,,16.3,2731,16.3,16.26,16.27,,139.0
2018-10-29 10:15,,16.29,2731,16.3,16.28,16.3,,237.0
2018-10-29 10:20,,16.37,2731,16.39,16.29,16.29,,225.0
2018-10-29 10:25,,16.37,2731,16.37,16.3,16.37,,92.0
2018-10-29 10:30,,16.36,2731,16.38,16.36,16.37,,69.0
2018-10-29 10:35,,16.39,2731,16.39,16.36,16.36,,60.0
2018-10-29 10:40,,16.26,2731,16.39,16.26,16.39,,823.0
2018-10-29 10:45,,16.37,2731,16.37,16.26,16.26,,83.0
2018-10-29 10:50,,16.44,2731,16.44,16.37,16.37,,414.0
2018-10-29 10:55,,16.46,2731,16.46,16.4,16.44,,233.0
2018-10-29 11:00,,16.36,2731,16.47,16.34,16.46,,396.0
2018-10-29 11:05,,16.45,2731,16.45,16.36,16.36,,21.0
2018-10-29 11:10,,16.4,2731,16.45,16.4,16.45,,104.0
2018-10-29 11:15,,16.4,2731,16.4,16.4,16.4,,23.0
2018-10-29 11:20,,16.4,2731,16.45,16.4,16.4,,257.0
2018-10-29 11:25,,16.41,2731,16.41,16.4,16.4,,14.0
2018-10-29 11:30,,16.42,2731,16.48,16.41,16.41,,122.0
2018-10-29 13:05,,16.45,2731,16.47,16.42,16.42,,24.0
2018-10-29 13:10,,16.41,2731,16.45,16.41,16.45,,145.0
2018-10-29 13:15,,16.4,2731,16.41,16.4,16.41,,201.0
2018-10-29 13:20,,16.4,2731,16.41,16.4,16.4,,32.0
2018-10-29 13:25,,16.35,2731,16.4,16.33,16.4,,574.0
2018-10-29 13:30,,16.33,2731,16.35,16.33,16.35,,61.0
2018-10-29 13:35,,16.34,2731,16.34,16.33,16.33,,12.0
2018-10-29 13:40,,16.31,2731,16.34,16.31,16.34,,78.0
2018-10-29 13:45,,16.33,2731,16.33,16.31,16.31,,346.0
2018-10-29 13:50,,16.34,2731,16.34,16.32,16.33,,23.0
2018-10-29 13:55,,16.33,2731,16.34,16.33,16.34,,16.0
2018-10-29 14:00,,16.38,2731,16.38,16.3,16.33,,221.0
2018-10-29 14:05,,16.36,2731,16.38,16.36,16.38,,55.0
2018-10-29 14:10,,16.3,2731,16.36,16.3,16.36,,102.0
2018-10-29 14:15,,16.3,2731,16.32,16.3,16.3,,36.0
2018-10-29 14:20,,16.3,2731,16.31,16.3,16.3,,128.0
2018-10-29 14:25,,16.3,2731,16.31,16.3,16.3,,71.0
2018-10-29 14:30,,16.31,2731,16.31,16.3,16.3,,22.0
2018-10-29 14:35,,16.4,2731,16.41,16.3,16.31,,347.0
2018-10-29 14:40,,16.45,2731,16.45,16.4,16.4,,300.0
2018-10-29 14:45,,16.44,2731,16.47,16.42,16.45,,102.0
2018-10-29 14:50,,16.44,2731,16.45,16.41,16.44,,242.0
2018-10-29 14:55,,16.47,2731,16.47,16.4,16.44,,402.0
2018-10-29 15:00,,16.4,2731,16.48,16.4,16.47,,150.0
2018-10-30 09:35,,16.3,2731,16.35,16.27,16.35,,237.0
2018-10-30 09:40,,16.17,2731,16.31,16.14,16.3,,1264.0
2018-10-30 09:45,,16.14,2731,16.17,16.1,16.17,,1480.0
2018-10-30 09:50,,16.14,2731,16.14,16.1,16.14,,377.0
2018-10-30 09:55,,16.26,2731,16.28,16.14,16.14,,158.0
2018-10-30 10:00,,16.18,2731,16.26,16.17,16.26,,78.0
2018-10-30 10:05,,16.2,2731,16.2,16.15,16.18,,485.0
2018-10-30 10:10,,16.15,2731,16.22,16.15,16.2,,389.0
2018-10-30 10:15,,16.18,2731,16.2,16.05,16.15,,852.0
2018-10-30 10:20,,16.15,2731,16.22,16.15,16.18,,278.0
2018-10-30 10:25,,16.15,2731,16.16,16.13,16.15,,267.0
2018-10-30 10:30,,16.28,2731,16.28,16.14,16.15,,378.0
2018-10-30 10:35,,16.31,2731,16.32,16.2,16.28,,338.0
2018-10-30 10:40,,16.21,2731,16.31,16.21,16.31,,54.0
2018-10-30 10:45,,16.29,2731,16.29,16.21,16.21,,41.0
2018-10-30 10:50,,16.29,2731,16.3,16.29,16.29,,267.0
2018-10-30 10:55,,16.25,2731,16.29,16.23,16.29,,9.0
2018-10-30 11:00,,16.29,2731,16.29,16.25,16.25,,74.0
2018-10-30 11:05,,16.23,2731,16.31,16.23,16.29,,208.0
2018-10-30 11:10,,16.28,2731,16.28,16.23,16.23,,133.0
2018-10-30 11:15,,16.28,2731,16.28,16.24,16.28,,68.0
2018-10-30 11:20,,16.23,2731,16.28,16.23,16.28,,261.0
2018-10-30 11:25,,16.27,2731,16.27,16.23,16.23,,103.0
2018-10-30 11:30,,16.34,2731,16.35,16.24,16.27,,416.0
2018-10-30 13:05,,16.32,2731,16.35,16.32,16.34,,109.0
2018-10-30 13:10,,16.26,2731,16.33,16.26,16.32,,45.0
2018-10-30 13:15,,16.27,2731,16.27,16.26,16.26,,57.0
2018-10-30 13:20,,16.34,2731,16.34,16.27,16.27,,31.0
2018-10-30 13:25,,16.4,2731,16.44,16.34,16.34,,314.0
2018-10-30 13:30,,16.43,2731,16.43,16.4,16.4,,142.0
2018-10-30 13:35,,16.4,2731,16.44,16.4,16.43,,73.0
2018-10-30 13:40,,16.4,2731,16.4,16.4,16.4,,36.0
2018-10-30 13:45,,16.4,2731,16.4,16.35,16.4,,176.0
2018-10-30 13:50,,16.39,2731,16.4,16.39,16.4,,65.0
2018-10-30 13:55,,16.33,2731,16.39,16.31,16.39,,50.0
2018-10-30 14:00,,16.32,2731,16.36,16.32,16.33,,20.0
2018-10-30 14:05,,16.31,2731,16.32,16.31,16.32,,126.0
2018-10-30 14:10,,16.34,2731,16.34,16.28,16.31,,179.0
2018-10-30 14:15,,16.32,2731,16.34,16.32,16.34,,23.0
2018-10-30 14:20,,16.32,2731,16.34,16.31,16.32,,21.0
2018-10-30 14:25,,16.31,2731,16.35,16.31,16.32,,30.0
2018-10-30 14:30,,16.38,2731,16.38,16.31,16.31,,119.0
2018-10-30 14:35,,16.38,2731,16.38,16.32,16.38,,127.0
2018-10-30 14:40,,16.36,2731,16.38,16.36,16.38,,60.0
2018-10-30 14:45,,16.45,2731,16.45,16.32,16.36,,384.0
2018-10-30 14:50,,16.44,2731,16.45,16.4,16.45,,212.0
2018-10-30 14:55,,16.44,2731,16.44,16.42,16.44,,364.0
2018-10-30 15:00,,16.44,2731,16.45,16.43,16.44,,577.0
2018-10-31 09:35,,16.39,2731,16.45,16.35,16.44,,331.0
2018-10-31 09:40,,16.41,2731,16.45,16.39,16.39,,23.0
2018-10-31 09:45,,16.43,2731,16.44,16.41,16.41,,154.0
2018-10-31 09:50,,16.5,2731,16.5,16.43,16.43,,232.0
2018-10-31 09:55,,16.5,2731,16.5,16.46,16.5,,104.0
2018-10-31 10:00,,16.6,2731,16.64,16.5,16.5,,985.0
2018-10-31 10:05,,16.56,2731,16.62,16.56,16.6,,132.0
2018-10-31 10:10,,16.55,2731,16.59,16.47,16.56,,172.0
2018-10-31 10:15,,16.57,2731,16.65,16.55,16.55,,552.0
2018-10-31 10:20,,16.6,2731,16.64,16.57,16.57,,68.0
2018-10-31 10:25,,16.56,2731,16.62,16.56,16.6,,46.0
2018-10-31 10:30,,16.6,2731,16.6,16.56,16.56,,84.0
2018-10-31 10:35,,16.54,2731,16.61,16.54,16.6,,93.0
2018-10-31 10:40,,16.56,2731,16.56,16.53,16.54,,67.0
2018-10-31 10:45,,16.54,2731,16.56,16.54,16.56,,33.0
2018-10-31 10:50,,16.55,2731,16.58,16.54,16.54,,36.0
2018-10-31 10:55,,16.55,2731,16.55,16.52,16.55,,47.0
2018-10-31 11:00,,16.55,2731,16.55,16.55,16.55,,0.0
2018-10-31 11:05,,16.55,2731,16.55,16.52,16.55,,35.0
2018-10-31 11:10,,16.52,2731,16.55,16.52,16.55,,8.0
2018-10-31 11:15,,16.54,2731,16.55,16.52,16.52,,43.0
2018-10-31 11:20,,16.54,2731,16.54,16.54,16.54,,29.0
2018-10-31 11:25,,16.54,2731,16.54,16.53,16.54,,43.0
2018-10-31 11:30,,16.55,2731,16.55,16.54,16.54,,9.0
2018-10-31 13:05,,16.58,2731,16.59,16.55,16.55,,83.0
2018-10-31 13:10,,16.58,2731,16.58,16.55,16.58,,39.0
2018-10-31 13:15,,16.56,2731,16.58,16.56,16.58,,6.0
2018-10-31 13:20,,16.56,2731,16.56,16.55,16.56,,44.0
2018-10-31 13:25,,16.6,2731,16.6,16.56,16.56,,45.0
2018-10-31 13:30,,16.61,2731,16.61,16.59,16.6,,432.0
2018-10-31 13:35,,16.6,2731,16.61,16.59,16.61,,52.0
2018-10-31 13:40,,16.58,2731,16.6,16.58,16.6,,25.0
2018-10-31 13:45,,16.58,2731,16.59,16.58,16.58,,41.0
2018-10-31 13:50,,16.59,2731,16.6,16.58,16.58,,205.0
2018-10-31 13:55,,16.58,2731,16.59,16.57,16.59,,50.0
2018-10-31 14:00,,16.56,2731,16.58,16.56,16.58,,126.0
2018-10-31 14:05,,16.52,2731,16.56,16.52,16.56,,41.0
2018-10-31 14:10,,16.5,2731,16.52,16.5,16.52,,144.0
2018-10-31 14:15,,16.48,2731,16.5,16.48,16.5,,57.0
2018-10-31 14:20,,16.5,2731,16.5,16.47,16.48,,70.0
2018-10-31 14:25,,16.5,2731,16.5,16.5,16.5,,0.0
2018-10-31 14:30,,16.5,2731,16.5,16.49,16.5,,41.0
2018-10-31 14:35,,16.48,2731,16.5,16.48,16.5,,27.0
2018-10-31 14:40,,16.46,2731,16.48,16.43,16.48,,176.0
2018-10-31 14:45,,16.5,2731,16.5,16.46,16.46,,57.0
2018-10-31 14:50,,16.48,2731,16.5,16.45,16.5,,64.0
2018-10-31 14:55,,16.47,2731,16.48,16.46,16.48,,167.0
2018-10-31 15:00,,16.45,2731,16.48,16.45,16.47,,167.0
2018-11-01 09:35,,16.41,2731,16.53,16.33,16.47,,2044.0
2018-11-01 09:40,,16.4,2731,16.47,16.4,16.41,,253.0
2018-11-01 09:45,,16.45,2731,16.47,16.39,16.4,,267.0
2018-11-01 09:50,,16.4,2731,16.45,16.4,16.45,,641.0
2018-11-01 09:55,,16.4,2731,16.47,16.4,16.47,,176.0
2018-11-01 10:00,,16.47,2731,16.47,16.4,16.4,,206.0
2018-11-01 10:05,,16.46,2731,16.47,16.45,16.47,,63.0
2018-11-01 10:10,,16.44,2731,16.46,16.44,16.46,,114.0
2018-11-01 10:15,,16.41,2731,16.44,16.4,16.44,,177.0
2018-11-01 10:20,,16.46,2731,16.5,16.41,16.41,,24.0
2018-11-01 10:25,,16.54,2731,16.54,16.45,16.46,,61.0
2018-11-01 10:30,,16.51,2731,16.54,16.51,16.54,,29.0
2018-11-01 10:35,,16.45,2731,16.51,16.45,16.51,,118.0
2018-11-01 10:40,,16.45,2731,16.46,16.44,16.45,,190.0
2018-11-01 10:45,,16.49,2731,16.5,16.44,16.45,,205.0
2018-11-01 10:50,,16.42,2731,16.49,16.42,16.49,,35.0
2018-11-01 10:55,,16.44,2731,16.44,16.42,16.42,,17.0
2018-11-01 11:00,,16.41,2731,16.44,16.4,16.44,,239.0
2018-11-01 11:05,,16.44,2731,16.44,16.4,16.41,,44.0
2018-11-01 11:10,,16.44,2731,16.44,16.44,16.44,,4.0
2018-11-01 11:15,,16.45,2731,16.45,16.44,16.44,,69.0
2018-11-01 11:20,,16.45,2731,16.48,16.45,16.45,,117.0
2018-11-01 11:25,,16.43,2731,16.45,16.43,16.45,,29.0
2018-11-01 11:30,,16.43,2731,16.44,16.43,16.43,,88.0
2018-11-01 13:05,,16.45,2731,16.45,16.43,16.43,,39.0
2018-11-01 13:10,,16.46,2731,16.48,16.45,16.45,,23.0
2018-11-01 13:15,,16.45,2731,16.46,16.45,16.46,,128.0
2018-11-01 13:20,,16.46,2731,16.46,16.45,16.45,,278.0
2018-11-01 13:25,,16.54,2731,16.54,16.46,16.46,,381.0
2018-11-01 13:30,,16.47,2731,16.6,16.47,16.54,,986.0
2018-11-01 13:35,,16.47,2731,16.5,16.45,16.47,,502.0
2018-11-01 13:40,,16.47,2731,16.47,16.45,16.47,,279.0
2018-11-01 13:45,,16.46,2731,16.47,16.45,16.47,,101.0
2018-11-01 13:50,,16.39,2731,16.46,16.39,16.46,,474.0
2018-11-01 13:55,,16.4,2731,16.4,16.33,16.39,,1645.0
2018-11-01 14:00,,16.41,2731,16.45,16.4,16.4,,162.0
2018-11-01 14:05,,16.47,2731,16.47,16.41,16.41,,60.0
2018-11-01 14:10,,16.44,2731,16.47,16.44,16.47,,35.0
2018-11-01 14:15,,16.44,2731,16.48,16.44,16.44,,111.0
2018-11-01 14:20,,16.44,2731,16.44,16.44,16.44,,78.0
2018-11-01 14:25,,16.45,2731,16.47,16.44,16.44,,36.0
2018-11-01 14:30,,16.45,2731,16.47,16.44,16.45,,86.0
2018-11-01 14:35,,16.44,2731,16.47,16.44,16.45,,390.0
2018-11-01 14:40,,16.42,2731,16.44,16.42,16.44,,123.0
2018-11-01 14:45,,16.41,2731,16.45,16.41,16.42,,109.0
2018-11-01 14:50,,16.48,2731,16.48,16.4,16.41,,561.0
2018-11-01 14:55,,16.5,2731,16.56,16.47,16.48,,1064.0
2018-11-01 15:00,,16.5,2731,16.5,16.49,16.5,,196.0
2018-11-02 09:35,,16.59,2731,16.6,16.51,16.55,,484.0
2018-11-02 09:40,,16.55,2731,16.6,16.51,16.59,,388.0
2018-11-02 09:45,,16.59,2731,16.59,16.53,16.55,,130.0
2018-11-02 09:50,,16.68,2731,16.69,16.59,16.59,,267.0
2018-11-02 09:55,,16.66,2731,16.68,16.64,16.68,,140.0
2018-11-02 10:00,,16.65,2731,16.66,16.6,16.66,,278.0
2018-11-02 10:05,,16.6,2731,16.65,16.6,16.65,,74.0
2018-11-02 10:10,,16.59,2731,16.6,16.55,16.6,,142.0
2018-11-02 10:15,,16.59,2731,16.59,16.53,16.55,,239.0
2018-11-02 10:20,,16.55,2731,16.6,16.55,16.59,,98.0
2018-11-02 10:25,,16.59,2731,16.59,16.54,16.55,,223.0
2018-11-02 10:30,,16.55,2731,16.59,16.55,16.59,,255.0
2018-11-02 10:35,,16.59,2731,16.59,16.55,16.55,,176.0
2018-11-02 10:40,,16.55,2731,16.59,16.55,16.59,,163.0
2018-11-02 10:45,,16.54,2731,16.55,16.54,16.55,,190.0
2018-11-02 10:50,,16.55,2731,16.55,16.54,16.54,,121.0
2018-11-02 10:55,,16.55,2731,16.55,16.54,16.55,,118.0
2018-11-02 11:00,,16.54,2731,16.55,16.53,16.55,,186.0
2018-11-02 11:05,,16.51,2731,16.54,16.5,16.54,,280.0
2018-11-02 11:10,,16.54,2731,16.55,16.5,16.51,,66.0
2018-11-02 11:15,,16.5,2731,16.54,16.5,16.54,,129.0
2018-11-02 11:20,,16.46,2731,16.5,16.43,16.5,,282.0
2018-11-02 11:25,,16.49,2731,16.49,16.46,16.46,,50.0
2018-11-02 11:30,,16.5,2731,16.5,16.48,16.49,,17.0
2018-11-02 13:05,,16.5,2731,16.51,16.48,16.5,,265.0
2018-11-02 13:10,,16.52,2731,16.52,16.5,16.5,,250.0
2018-11-02 13:15,,16.5,2731,16.52,16.5,16.52,,258.0
2018-11-02 13:20,,16.5,2731,16.5,16.49,16.5,,110.0
2018-11-02 13:25,,16.52,2731,16.52,16.5,16.5,,61.0
2018-11-02 13:30,,16.53,2731,16.53,16.51,16.52,,133.0
2018-11-02 13:35,,16.55,2731,16.55,16.51,16.53,,245.0
2018-11-02 13:40,,16.51,2731,16.55,16.5,16.55,,177.0
2018-11-02 13:45,,16.51,2731,16.55,16.51,16.51,,147.0
2018-11-02 13:50,,16.51,2731,16.51,16.51,16.51,,221.0
2018-11-02 13:55,,16.51,2731,16.52,16.5,16.51,,398.0
2018-11-02 14:00,,16.5,2731,16.52,16.5,16.51,,368.0
2018-11-02 14:05,,16.54,2731,16.54,16.49,16.5,,390.0
2018-11-02 14:10,,16.54,2731,16.54,16.52,16.54,,336.0
2018-11-02 14:15,,16.55,2731,16.55,16.53,16.54,,389.0
2018-11-02 14:20,,16.53,2731,16.57,16.53,16.55,,298.0
2018-11-02 14:25,,16.55,2731,16.57,16.53,16.53,,228.0
2018-11-02 14:30,,16.56,2731,16.57,16.54,16.55,,468.0
2018-11-02 14:35,,16.56,2731,16.57,16.55,16.56,,282.0
2018-11-02 14:40,,16.53,2731,16.56,16.53,16.56,,483.0
2018-11-02 14:45,,16.51,2731,16.55,16.51,16.53,,610.0
2018-11-02 14:50,,16.53,2731,16.55,16.51,16.51,,149.0
2018-11-02 14:55,,16.57,2731,16.57,16.53,16.53,,335.0
2018-11-02 15:00,,16.63,2731,16.63,16.55,16.57,,376.0
2018-11-05 09:35,,16.55,2731,16.63,16.51,16.51,,482.0
2018-11-05 09:40,,16.55,2731,16.58,16.54,16.55,,99.0
2018-11-05 09:45,,16.54,2731,16.55,16.43,16.55,,655.0
2018-11-05 09:50,,16.5,2731,16.54,16.5,16.54,,79.0
2018-11-05 09:55,,16.5,2731,16.53,16.41,16.5,,593.0
2018-11-05 10:00,,16.48,2731,16.54,16.4,16.5,,1033.0
2018-11-05 10:05,,16.49,2731,16.52,16.41,16.48,,579.0
2018-11-05 10:10,,16.47,2731,16.49,16.42,16.49,,87.0
2018-11-05 10:15,,16.5,2731,16.52,16.47,16.47,,57.0
2018-11-05 10:20,,16.5,2731,16.55,16.5,16.5,,292.0
2018-11-05 10:25,,16.51,2731,16.51,16.48,16.5,,100.0
2018-11-05 10:30,,16.47,2731,16.51,16.47,16.51,,145.0
2018-11-05 10:35,,16.49,2731,16.49,16.45,16.47,,171.0
2018-11-05 10:40,,16.45,2731,16.5,16.45,16.49,,49.0
2018-11-05 10:45,,16.43,2731,16.45,16.38,16.45,,884.0
2018-11-05 10:50,,16.36,2731,16.43,16.36,16.43,,347.0
2018-11-05 10:55,,16.25,2731,16.36,16.25,16.36,,1320.0
2018-11-05 11:00,,16.28,2731,16.5,16.25,16.25,,1966.0
2018-11-05 11:05,,16.25,2731,16.29,16.23,16.28,,1404.0
2018-11-05 11:10,,16.2,2731,16.26,16.11,16.25,,1318.0
2018-11-05 11:15,,16.28,2731,16.28,16.16,16.2,,716.0
2018-11-05 11:20,,16.3,2731,16.3,16.25,16.28,,355.0
2018-11-05 11:25,,16.29,2731,16.3,16.27,16.3,,50.0
2018-11-05 11:30,,16.3,2731,16.3,16.27,16.29,,132.0
2018-11-05 13:05,,16.34,2731,16.43,16.3,16.3,,101.0
2018-11-05 13:10,,16.41,2731,16.41,16.34,16.34,,26.0
2018-11-05 13:15,,16.34,2731,16.41,16.34,16.41,,27.0
2018-11-05 13:20,,16.29,2731,16.34,16.29,16.34,,102.0
2018-11-05 13:25,,16.29,2731,16.4,16.29,16.29,,24.0
2018-11-05 13:30,,16.29,2731,16.29,16.29,16.29,,0.0
2018-11-05 13:35,,16.3,2731,16.31,16.29,16.29,,228.0
2018-11-05 13:40,,16.3,2731,16.34,16.29,16.3,,118.0
2018-11-05 13:45,,16.34,2731,16.34,16.3,16.3,,6.0
2018-11-05 13:50,,16.36,2731,16.36,16.34,16.34,,20.0
2018-11-05 13:55,,16.33,2731,16.36,16.33,16.36,,30.0
2018-11-05 14:00,,16.34,2731,16.34,16.33,16.33,,25.0
2018-11-05 14:05,,16.36,2731,16.36,16.34,16.34,,25.0
2018-11-05 14:10,,16.39,2731,16.39,16.36,16.36,,23.0
2018-11-05 14:15,,16.37,2731,16.39,16.36,16.39,,61.0
2018-11-05 14:20,,16.35,2731,16.37,16.35,16.37,,41.0
2018-11-05 14:25,,16.39,2731,16.39,16.35,16.35,,66.0
2018-11-05 14:30,,16.39,2731,16.39,16.39,16.39,,0.0
2018-11-05 14:35,,16.39,2731,16.39,16.33,16.39,,74.0
2018-11-05 14:40,,16.39,2731,16.39,16.39,16.39,,16.0
2018-11-05 14:45,,16.37,2731,16.39,16.35,16.39,,80.0
2018-11-05 14:50,,16.36,2731,16.37,16.33,16.37,,340.0
2018-11-05 14:55,,16.35,2731,16.36,16.3,16.36,,692.0
2018-11-05 15:00,,16.35,2731,16.35,16.32,16.35,,288.0
2018-11-06 09:35,,16.21,2731,16.35,16.21,16.31,,1565.0
2018-11-06 09:40,,16.25,2731,16.26,16.21,16.21,,354.0
2018-11-06 09:45,,16.24,2731,16.28,16.22,16.25,,499.0
2018-11-06 09:50,,16.25,2731,16.25,16.21,16.24,,550.0
2018-11-06 09:55,,16.21,2731,16.25,16.19,16.25,,609.0
2018-11-06 10:00,,16.2,2731,16.23,16.18,16.21,,644.0
2018-11-06 10:05,,16.2,2731,16.2,16.17,16.2,,953.0
2018-11-06 10:10,,16.2,2731,16.2,16.15,16.2,,655.0
2018-11-06 10:15,,16.25,2731,16.25,16.19,16.2,,358.0
2018-11-06 10:20,,16.35,2731,16.35,16.25,16.25,,49.0
2018-11-06 10:25,,16.25,2731,16.35,16.25,16.35,,24.0
2018-11-06 10:30,,16.35,2731,16.35,16.25,16.25,,118.0
2018-11-06 10:35,,16.44,2731,16.44,16.25,16.35,,211.0
2018-11-06 10:40,,16.41,2731,16.55,16.25,16.44,,1468.0
2018-11-06 10:45,,16.37,2731,16.41,16.29,16.41,,75.0
2018-11-06 10:50,,16.4,2731,16.4,16.37,16.37,,25.0
2018-11-06 10:55,,16.31,2731,16.4,16.31,16.4,,18.0
2018-11-06 11:00,,16.31,2731,16.31,16.3,16.31,,32.0
2018-11-06 11:05,,16.4,2731,16.4,16.31,16.31,,55.0
2018-11-06 11:10,,16.4,2731,16.4,16.4,16.4,,10.0
2018-11-06 11:15,,16.33,2731,16.4,16.31,16.4,,23.0
2018-11-06 11:20,,16.33,2731,16.33,16.33,16.33,,0.0
2018-11-06 11:25,,16.28,2731,16.35,16.28,16.33,,402.0
2018-11-06 11:30,,16.38,2731,16.38,16.25,16.28,,240.0
2018-11-06 13:05,,16.28,2731,16.38,16.28,16.38,,629.0
2018-11-06 13:10,,16.3,2731,16.3,16.28,16.28,,128.0
2018-11-06 13:15,,16.3,2731,16.3,16.3,16.3,,5.0
2018-11-06 13:20,,16.3,2731,16.3,16.29,16.3,,114.0
2018-11-06 13:25,,16.2,2731,16.3,16.2,16.3,,1145.0
2018-11-06 13:30,,16.18,2731,16.2,16.17,16.2,,479.0
2018-11-06 13:35,,16.2,2731,16.2,16.18,16.18,,498.0
2018-11-06 13:40,,16.2,2731,16.2,16.17,16.2,,257.0
2018-11-06 13:45,,16.25,2731,16.25,16.2,16.2,,236.0
2018-11-06 13:50,,16.29,2731,16.29,16.21,16.25,,441.0
2018-11-06 13:55,,16.29,2731,16.29,16.28,16.29,,128.0
2018-11-06 14:00,,16.33,2731,16.33,16.21,16.23,,260.0
2018-11-06 14:05,,16.36,2731,16.36,16.32,16.33,,157.0
2018-11-06 14:10,,16.36,2731,16.37,16.35,16.36,,40.0
2018-11-06 14:15,,16.36,2731,16.36,16.36,16.36,,31.0
2018-11-06 14:20,,16.36,2731,16.36,16.34,16.36,,46.0
2018-11-06 14:25,,16.35,2731,16.36,16.34,16.36,,31.0
2018-11-06 14:30,,16.36,2731,16.36,16.35,16.35,,121.0
2018-11-06 14:35,,16.49,2731,16.49,16.36,16.36,,920.0
2018-11-06 14:40,,16.53,2731,16.53,16.49,16.49,,801.0
2018-11-06 14:45,,16.58,2731,16.59,16.53,16.53,,652.0
2018-11-06 14:50,,16.61,2731,16.62,16.58,16.58,,1233.0
2018-11-06 14:55,,16.72,2731,16.72,16.61,16.61,,1348.0
2018-11-06 15:00,,16.78,2731,16.78,16.7,16.72,,1073.0
2018-11-07 09:35,,16.85,2731,16.9,16.75,16.76,,1185.0
2018-11-07 09:40,,16.97,2731,16.99,16.82,16.85,,730.0
2018-11-07 09:45,,16.88,2731,16.97,16.88,16.97,,826.0
2018-11-07 09:50,,16.79,2731,16.9,16.77,16.88,,666.0
2018-11-07 09:55,,16.72,2731,16.79,16.66,16.79,,557.0
2018-11-07 10:00,,16.71,2731,16.77,16.71,16.72,,713.0
2018-11-07 10:05,,16.71,2731,16.75,16.68,16.71,,751.0
2018-11-07 10:10,,16.74,2731,16.74,16.69,16.71,,467.0
2018-11-07 10:15,,16.75,2731,16.77,16.73,16.74,,111.0
2018-11-07 10:20,,16.75,2731,16.77,16.75,16.75,,128.0
2018-11-07 10:25,,16.7,2731,16.77,16.7,16.75,,102.0
2018-11-07 10:30,,16.75,2731,16.75,16.7,16.7,,71.0
2018-11-07 10:35,,16.77,2731,16.77,16.72,16.75,,116.0
2018-11-07 10:40,,16.75,2731,16.77,16.72,16.77,,37.0
2018-11-07 10:45,,16.75,2731,16.77,16.71,16.75,,234.0
2018-11-07 10:50,,16.75,2731,16.77,16.74,16.75,,101.0
2018-11-07 10:55,,16.75,2731,16.75,16.75,16.75,,5.0
2018-11-07 11:00,,16.71,2731,16.76,16.71,16.75,,3101.0
2018-11-07 11:05,,16.7,2731,16.75,16.7,16.71,,2864.0
2018-11-07 11:10,,16.73,2731,16.73,16.7,16.7,,240.0
2018-11-07 11:15,,16.74,2731,16.74,16.72,16.73,,1226.0
2018-11-07 11:20,,16.75,2731,16.75,16.72,16.74,,161.0
2018-11-07 11:25,,16.84,2731,16.85,16.75,16.75,,358.0
2018-11-07 11:30,,16.8,2731,16.84,16.8,16.84,,179.0
2018-11-07 13:05,,16.96,2731,16.96,16.8,16.8,,1024.0
2018-11-07 13:10,,17.12,2731,17.12,16.96,16.96,,1132.0
2018-11-07 13:15,,17.12,2731,17.14,17.09,17.12,,602.0
2018-11-07 13:20,,17.23,2731,17.37,17.11,17.12,,1191.0
2018-11-07 13:25,,17.3,2731,17.3,17.21,17.23,,460.0
2018-11-07 13:30,,17.2,2731,17.3,17.2,17.3,,880.0
2018-11-07 13:35,,17.23,2731,17.29,17.2,17.2,,908.0
2018-11-07 13:40,,17.09,2731,17.23,17.09,17.23,,772.0
2018-11-07 13:45,,17.1,2731,17.11,17.09,17.09,,221.0
2018-11-07 13:50,,17.09,2731,17.11,17.09,17.1,,211.0
2018-11-07 13:55,,17.08,2731,17.09,17.08,17.09,,240.0
2018-11-07 14:00,,17.09,2731,17.1,17.07,17.08,,467.0
2018-11-07 14:05,,17.12,2731,17.13,17.09,17.09,,710.0
2018-11-07 14:10,,17.1,2731,17.12,17.1,17.12,,133.0
2018-11-07 14:15,,17.11,2731,17.12,17.1,17.1,,105.0
2018-11-07 14:20,,17.12,2731,17.12,17.1,17.11,,123.0
2018-11-07 14:25,,17.15,2731,17.15,17.12,17.12,,117.0
2018-11-07 14:30,,17.15,2731,17.16,17.14,17.15,,122.0
2018-11-07 14:35,,17.13,2731,17.15,17.12,17.15,,167.0
2018-11-07 14:40,,17.14,2731,17.16,17.13,17.13,,219.0
2018-11-07 14:45,,17.1,2731,17.14,17.1,17.14,,234.0
2018-11-07 14:50,,17.12,2731,17.12,17.1,17.1,,155.0
2018-11-07 14:55,,17.08,2731,17.12,17.07,17.12,,553.0
2018-11-07 15:00,,17.07,2731,17.09,17.07,17.08,,321.0
2018-11-08 09:35,,17.2,2731,17.3,17.05,17.07,,813.0
2018-11-08 09:40,,17.31,2731,17.34,17.2,17.2,,475.0
2018-11-08 09:45,,17.33,2731,17.4,17.31,17.31,,1324.0
2018-11-08 09:50,,17.43,2731,17.44,17.31,17.33,,935.0
2018-11-08 09:55,,17.38,2731,17.43,17.32,17.43,,565.0
2018-11-08 10:00,,17.33,2731,17.38,17.31,17.38,,441.0
2018-11-08 10:05,,17.38,2731,17.38,17.33,17.33,,260.0
2018-11-08 10:10,,17.4,2731,17.4,17.37,17.38,,283.0
2018-11-08 10:15,,17.39,2731,17.4,17.36,17.4,,282.0
2018-11-08 10:20,,17.43,2731,17.43,17.38,17.39,,493.0
2018-11-08 10:25,,17.45,2731,17.45,17.4,17.43,,931.0
2018-11-08 10:30,,17.46,2731,17.48,17.45,17.45,,365.0
2018-11-08 10:35,,17.47,2731,17.47,17.45,17.46,,447.0
2018-11-08 10:40,,17.39,2731,17.47,17.39,17.47,,378.0
2018-11-08 10:45,,17.37,2731,17.39,17.36,17.39,,209.0
2018-11-08 10:50,,17.38,2731,17.38,17.36,17.37,,159.0
2018-11-08 10:55,,17.27,2731,17.39,17.27,17.38,,536.0
2018-11-08 11:00,,17.32,2731,17.32,17.26,17.27,,171.0
2018-11-08 11:05,,17.33,2731,17.37,17.32,17.32,,78.0
2018-11-08 11:10,,17.33,2731,17.33,17.33,17.33,,54.0
2018-11-08 11:15,,17.3,2731,17.33,17.3,17.33,,183.0
2018-11-08 11:20,,17.3,2731,17.33,17.25,17.3,,297.0
2018-11-08 11:25,,17.3,2731,17.31,17.27,17.3,,281.0
2018-11-08 11:30,,17.3,2731,17.33,17.3,17.3,,280.0
2018-11-08 13:05,,17.31,2731,17.33,17.3,17.3,,60.0
2018-11-08 13:10,,17.31,2731,17.32,17.31,17.31,,20.0
2018-11-08 13:15,,17.3,2731,17.31,17.3,17.31,,95.0
2018-11-08 13:20,,17.28,2731,17.3,17.27,17.3,,144.0
2018-11-08 13:25,,17.28,2731,17.29,17.26,17.28,,363.0
2018-11-08 13:30,,17.28,2731,17.3,17.28,17.28,,49.0
2018-11-08 13:35,,17.29,2731,17.29,17.28,17.28,,122.0
2018-11-08 13:40,,17.27,2731,17.29,17.27,17.29,,167.0
2018-11-08 13:45,,17.29,2731,17.29,17.26,17.27,,271.0
2018-11-08 13:50,,17.26,2731,17.29,17.26,17.29,,167.0
2018-11-08 13:55,,17.28,2731,17.29,17.26,17.26,,163.0
2018-11-08 14:00,,17.28,2731,17.29,17.27,17.28,,212.0
2018-11-08 14:05,,17.29,2731,17.29,17.27,17.28,,36.0
2018-11-08 14:10,,17.25,2731,17.29,17.25,17.29,,182.0
2018-11-08 14:15,,17.24,2731,17.28,17.24,17.25,,140.0
2018-11-08 14:20,,17.21,2731,17.26,17.21,17.24,,293.0
2018-11-08 14:25,,17.28,2731,17.28,17.21,17.21,,427.0
2018-11-08 14:30,,17.28,2731,17.28,17.2,17.28,,374.0
2018-11-08 14:35,,17.28,2731,17.3,17.27,17.28,,113.0
2018-11-08 14:40,,17.28,2731,17.28,17.23,17.28,,268.0
2018-11-08 14:45,,17.25,2731,17.28,17.25,17.28,,73.0
2018-11-08 14:50,,17.26,2731,17.26,17.25,17.25,,215.0
2018-11-08 14:55,,17.27,2731,17.31,17.26,17.26,,525.0
2018-11-08 15:00,,17.28,2731,17.3,17.27,17.27,,126.0
2018-11-09 09:35,,17.05,2731,17.28,17.02,17.27,,781.0
2018-11-09 09:40,,17.14,2731,17.14,17.05,17.05,,163.0
2018-11-09 09:45,,17.05,2731,17.14,17.04,17.14,,381.0
2018-11-09 09:50,,17.12,2731,17.12,17.01,17.05,,380.0
2018-11-09 09:55,,17.12,2731,17.12,17.11,17.12,,64.0
2018-11-09 10:00,,17.1,2731,17.12,17.07,17.12,,127.0
2018-11-09 10:05,,17.07,2731,17.1,17.07,17.1,,49.0
2018-11-09 10:10,,17.08,2731,17.1,17.07,17.07,,46.0
2018-11-09 10:15,,17.05,2731,17.08,17.04,17.08,,217.0
2018-11-09 10:20,,17.04,2731,17.07,17.04,17.05,,151.0
2018-11-09 10:25,,17.06,2731,17.06,17.03,17.04,,62.0
2018-11-09 10:30,,17.03,2731,17.06,17.03,17.06,,93.0
2018-11-09 10:35,,17.03,2731,17.05,17.03,17.03,,94.0
2018-11-09 10:40,,17.06,2731,17.06,17.03,17.03,,32.0
2018-11-09 10:45,,17.05,2731,17.06,17.04,17.06,,54.0
2018-11-09 10:50,,17.03,2731,17.05,17.03,17.05,,75.0
2018-11-09 10:55,,17.04,2731,17.04,17.03,17.03,,52.0
2018-11-09 11:00,,17.02,2731,17.04,17.02,17.04,,93.0
2018-11-09 11:05,,17.02,2731,17.03,17.02,17.02,,120.0
2018-11-09 11:10,,16.95,2731,17.02,16.95,17.02,,497.0
2018-11-09 11:15,,16.99,2731,17.0,16.95,16.95,,116.0
2018-11-09 11:20,,16.98,2731,16.99,16.98,16.99,,40.0
2018-11-09 11:25,,16.97,2731,16.98,16.97,16.98,,214.0
2018-11-09 11:30,,16.91,2731,16.97,16.9,16.97,,642.0
2018-11-09 13:05,,17.06,2731,17.06,16.9,16.91,,449.0
2018-11-09 13:10,,17.12,2731,17.14,17.04,17.06,,116.0
2018-11-09 13:15,,17.12,2731,17.12,17.06,17.12,,53.0
2018-11-09 13:20,,17.06,2731,17.12,17.05,17.12,,153.0
2018-11-09 13:25,,17.06,2731,17.06,17.06,17.06,,0.0
2018-11-09 13:30,,17.12,2731,17.12,17.06,17.06,,17.0
2018-11-09 13:35,,17.11,2731,17.12,17.11,17.12,,41.0
2018-11-09 13:40,,17.14,2731,17.14,17.11,17.11,,124.0
2018-11-09 13:45,,17.14,2731,17.15,17.14,17.14,,45.0
2018-11-09 13:50,,17.14,2731,17.16,17.14,17.14,,27.0
2018-11-09 13:55,,17.14,2731,17.15,17.14,17.14,,242.0
2018-11-09 14:00,,17.14,2731,17.15,17.14,17.14,,144.0
2018-11-09 14:05,,17.11,2731,17.14,17.1,17.14,,67.0
2018-11-09 14:10,,17.11,2731,17.12,17.11,17.11,,44.0
2018-11-09 14:15,,17.13,2731,17.13,17.11,17.11,,44.0
2018-11-09 14:20,,17.06,2731,17.13,17.06,17.13,,84.0
2018-11-09 14:25,,17.09,2731,17.09,17.06,17.06,,45.0
2018-11-09 14:30,,17.09,2731,17.1,17.09,17.09,,19.0
2018-11-09 14:35,,17.11,2731,17.11,17.06,17.09,,67.0
2018-11-09 14:40,,17.12,2731,17.12,17.07,17.11,,126.0
2018-11-09 14:45,,17.13,2731,17.13,17.12,17.12,,13.0
2018-11-09 14:50,,17.1,2731,17.13,17.1,17.13,,42.0
2018-11-09 14:55,,17.11,2731,17.11,17.1,17.1,,204.0
2018-11-09 15:00,,17.08,2731,17.12,17.08,17.11,,274.0
2018-11-12 09:35,,17.0,2731,17.08,17.0,17.08,,585.0
2018-11-12 09:40,,16.96,2731,17.08,16.95,17.0,,536.0
2018-11-12 09:45,,16.96,2731,17.0,16.93,16.96,,396.0
2018-11-12 09:50,,16.88,2731,16.98,16.88,16.96,,932.0
2018-11-12 09:55,,16.85,2731,16.89,16.85,16.88,,399.0
2018-11-12 10:00,,16.86,2731,16.9,16.85,16.85,,359.0
2018-11-12 10:05,,16.9,2731,16.9,16.85,16.86,,483.0
2018-11-12 10:10,,16.9,2731,16.92,16.89,16.9,,326.0
2018-11-12 10:15,,16.95,2731,17.05,16.9,16.9,,341.0
2018-11-12 10:20,,16.96,2731,16.99,16.95,16.95,,45.0
2018-11-12 10:25,,16.96,2731,16.98,16.95,16.96,,91.0
2018-11-12 10:30,,17.02,2731,17.06,16.93,16.96,,197.0
2018-11-12 10:35,,16.95,2731,17.02,16.95,17.02,,149.0
2018-11-12 10:40,,16.94,2731,16.95,16.92,16.95,,37.0
2018-11-12 10:45,,16.94,2731,16.94,16.94,16.94,,46.0
2018-11-12 10:50,,17.03,2731,17.03,16.94,16.94,,194.0
2018-11-12 10:55,,17.17,2731,17.5,17.03,17.03,,1302.0
2018-11-12 11:00,,17.1,2731,17.21,17.08,17.17,,739.0
2018-11-12 11:05,,17.13,2731,17.15,17.1,17.1,,503.0
2018-11-12 11:10,,17.12,2731,17.15,17.12,17.13,,163.0
2018-11-12 11:15,,17.1,2731,17.13,17.1,17.12,,215.0
2018-11-12 11:20,,17.08,2731,17.1,17.08,17.1,,120.0
2018-11-12 11:25,,17.08,2731,17.09,17.08,17.08,,134.0
2018-11-12 11:30,,17.05,2731,17.08,17.04,17.08,,194.0
2018-11-12 13:05,,17.1,2731,17.1,17.05,17.05,,110.0
2018-11-12 13:10,,17.06,2731,17.1,17.06,17.1,,77.0
2018-11-12 13:15,,17.06,2731,17.09,17.06,17.06,,28.0
2018-11-12 13:20,,17.09,2731,17.09,17.06,17.06,,18.0
2018-11-12 13:25,,17.07,2731,17.09,17.07,17.09,,13.0
2018-11-12 13:30,,17.07,2731,17.08,17.07,17.07,,73.0
2018-11-12 13:35,,17.08,2731,17.08,17.06,17.07,,147.0
2018-11-12 13:40,,17.1,2731,17.1,17.08,17.08,,37.0
2018-11-12 13:45,,17.08,2731,17.1,17.08,17.1,,31.0
2018-11-12 13:50,,17.07,2731,17.08,17.07,17.08,,13.0
2018-11-12 13:55,,17.06,2731,17.07,17.06,17.07,,33.0
2018-11-12 14:00,,17.08,2731,17.08,17.06,17.06,,52.0
2018-11-12 14:05,,17.08,2731,17.08,17.08,17.08,,82.0
2018-11-12 14:10,,17.25,2731,17.25,17.08,17.08,,519.0
2018-11-12 14:15,,17.3,2731,17.3,17.25,17.25,,347.0
2018-11-12 14:20,,17.29,2731,17.3,17.29,17.3,,641.0
2018-11-12 14:25,,17.27,2731,17.29,17.23,17.29,,29.0
2018-11-12 14:30,,17.25,2731,17.27,17.25,17.27,,15.0
2018-11-12 14:35,,17.21,2731,17.25,17.21,17.25,,59.0
2018-11-12 14:40,,17.21,2731,17.22,17.2,17.21,,161.0
2018-11-12 14:45,,17.29,2731,17.29,17.21,17.21,,194.0
2018-11-12 14:50,,17.44,2731,17.44,17.29,17.29,,760.0
2018-11-12 14:55,,17.46,2731,17.46,17.38,17.44,,855.0
2018-11-12 15:00,,17.4,2731,17.46,17.4,17.46,,307.0
2018-11-13 09:35,,17.23,2731,17.4,17.23,17.4,,673.0
2018-11-13 09:40,,17.3,2731,17.3,17.21,17.23,,431.0
2018-11-13 09:45,,17.42,2731,17.42,17.3,17.3,,496.0
2018-11-13 09:50,,17.43,2731,17.44,17.34,17.42,,155.0
2018-11-13 09:55,,17.37,2731,17.43,17.37,17.43,,131.0
2018-11-13 10:00,,17.35,2731,17.37,17.35,17.37,,143.0
2018-11-13 10:05,,17.37,2731,17.37,17.34,17.35,,252.0
2018-11-13 10:10,,17.37,2731,17.4,17.37,17.37,,34.0
2018-11-13 10:15,,17.37,2731,17.41,17.36,17.37,,91.0
2018-11-13 10:20,,17.38,2731,17.38,17.36,17.37,,31.0
2018-11-13 10:25,,17.36,2731,17.4,17.36,17.38,,81.0
2018-11-13 10:30,,17.36,2731,17.36,17.35,17.36,,37.0
2018-11-13 10:35,,17.35,2731,17.36,17.34,17.36,,281.0
2018-11-13 10:40,,17.34,2731,17.35,17.33,17.35,,88.0
2018-11-13 10:45,,17.33,2731,17.35,17.32,17.34,,259.0
2018-11-13 10:50,,17.32,2731,17.33,17.32,17.33,,32.0
2018-11-13 10:55,,17.32,2731,17.32,17.31,17.32,,65.0
2018-11-13 11:00,,17.31,2731,17.32,17.31,17.32,,5.0
2018-11-13 11:05,,17.31,2731,17.31,17.3,17.31,,53.0
2018-11-13 11:10,,17.25,2731,17.32,17.25,17.31,,302.0
2018-11-13 11:15,,17.26,2731,17.29,17.25,17.25,,17.0
2018-11-13 11:20,,17.32,2731,17.33,17.26,17.26,,158.0
2018-11-13 11:25,,17.26,2731,17.32,17.26,17.32,,18.0
2018-11-13 11:30,,17.32,2731,17.32,17.26,17.26,,3.0
2018-11-13 13:05,,17.34,2731,17.34,17.3,17.32,,47.0
2018-11-13 13:10,,17.32,2731,17.34,17.32,17.34,,20.0
2018-11-13 13:15,,17.35,2731,17.35,17.32,17.32,,242.0
2018-11-13 13:20,,17.42,2731,17.42,17.35,17.35,,316.0
2018-11-13 13:25,,17.45,2731,17.46,17.4,17.42,,237.0
2018-11-13 13:30,,17.54,2731,17.54,17.45,17.45,,900.0
2018-11-13 13:35,,17.42,2731,17.54,17.42,17.54,,471.0
2018-11-13 13:40,,17.36,2731,17.42,17.36,17.42,,134.0
2018-11-13 13:45,,17.38,2731,17.42,17.36,17.36,,76.0
2018-11-13 13:50,,17.38,2731,17.42,17.37,17.38,,138.0
2018-11-13 13:55,,17.35,2731,17.38,17.34,17.38,,359.0
2018-11-13 14:00,,17.35,2731,17.38,17.33,17.35,,205.0
2018-11-13 14:05,,17.3,2731,17.35,17.3,17.35,,524.0
2018-11-13 14:10,,17.3,2731,17.35,17.3,17.3,,210.0
2018-11-13 14:15,,17.31,2731,17.32,17.3,17.3,,111.0
2018-11-13 14:20,,17.31,2731,17.31,17.3,17.31,,66.0
2018-11-13 14:25,,17.32,2731,17.32,17.29,17.31,,144.0
2018-11-13 14:30,,17.3,2731,17.32,17.3,17.32,,32.0
2018-11-13 14:35,,17.31,2731,17.32,17.3,17.3,,190.0
2018-11-13 14:40,,17.32,2731,17.34,17.31,17.31,,69.0
2018-11-13 14:45,,17.3,2731,17.32,17.3,17.32,,187.0
2018-11-13 14:50,,17.39,2731,17.4,17.28,17.3,,285.0
2018-11-13 14:55,,17.41,2731,17.47,17.38,17.39,,534.0
2018-11-13 15:00,,17.41,2731,17.41,17.38,17.41,,312.0
2018-11-14 09:35,,17.39,2731,17.57,17.39,17.48,,541.0
2018-11-14 09:40,,17.41,2731,17.53,17.39,17.39,,189.0
2018-11-14 09:45,,17.4,2731,17.45,17.39,17.41,,150.0
2018-11-14 09:50,,17.43,2731,17.43,17.39,17.4,,143.0
2018-11-14 09:55,,17.34,2731,17.43,17.34,17.43,,120.0
2018-11-14 10:00,,17.34,2731,17.39,17.33,17.34,,149.0
2018-11-14 10:05,,17.36,2731,17.39,17.34,17.34,,13.0
2018-11-14 10:10,,17.36,2731,17.4,17.35,17.36,,69.0
2018-11-14 10:15,,17.39,2731,17.39,17.35,17.36,,37.0
2018-11-14 10:20,,17.34,2731,17.39,17.34,17.39,,33.0
2018-11-14 10:25,,17.35,2731,17.35,17.34,17.34,,28.0
2018-11-14 10:30,,17.38,2731,17.38,17.33,17.35,,60.0
2018-11-14 10:35,,17.34,2731,17.38,17.34,17.38,,25.0
2018-11-14 10:40,,17.38,2731,17.38,17.34,17.34,,9.0
2018-11-14 10:45,,17.38,2731,17.38,17.35,17.38,,26.0
2018-11-14 10:50,,17.43,2731,17.43,17.38,17.38,,97.0
2018-11-14 10:55,,17.42,2731,17.43,17.4,17.43,,20.0
2018-11-14 11:00,,17.38,2731,17.42,17.38,17.42,,83.0
2018-11-14 11:05,,17.36,2731,17.38,17.36,17.38,,82.0
2018-11-14 11:10,,17.35,2731,17.36,17.34,17.36,,48.0
2018-11-14 11:15,,17.35,2731,17.36,17.34,17.35,,91.0
2018-11-14 11:20,,17.36,2731,17.36,17.34,17.35,,51.0
2018-11-14 11:25,,17.38,2731,17.38,17.36,17.36,,91.0
2018-11-14 11:30,,17.42,2731,17.42,17.38,17.38,,48.0
2018-11-14 13:05,,17.38,2731,17.42,17.38,17.42,,140.0
2018-11-14 13:10,,17.38,2731,17.4,17.38,17.38,,43.0
2018-11-14 13:15,,17.36,2731,17.39,17.36,17.38,,16.0
2018-11-14 13:20,,17.42,2731,17.42,17.36,17.36,,83.0
2018-11-14 13:25,,17.41,2731,17.42,17.4,17.42,,79.0
2018-11-14 13:30,,17.43,2731,17.43,17.41,17.41,,58.0
2018-11-14 13:35,,17.4,2731,17.43,17.4,17.43,,200.0
2018-11-14 13:40,,17.37,2731,17.4,17.37,17.4,,30.0
2018-11-14 13:45,,17.36,2731,17.39,17.36,17.37,,119.0
2018-11-14 13:50,,17.38,2731,17.38,17.33,17.36,,101.0
2018-11-14 13:55,,17.33,2731,17.38,17.33,17.38,,32.0
2018-11-14 14:00,,17.34,2731,17.34,17.33,17.33,,49.0
2018-11-14 14:05,,17.32,2731,17.34,17.32,17.34,,33.0
2018-11-14 14:10,,17.33,2731,17.33,17.32,17.32,,45.0
2018-11-14 14:15,,17.3,2731,17.33,17.3,17.33,,285.0
2018-11-14 14:20,,17.29,2731,17.31,17.29,17.3,,287.0
2018-11-14 14:25,,17.27,2731,17.29,17.26,17.29,,267.0
2018-11-14 14:30,,17.29,2731,17.29,17.27,17.27,,34.0
2018-11-14 14:35,,17.28,2731,17.29,17.27,17.29,,33.0
2018-11-14 14:40,,17.26,2731,17.28,17.26,17.28,,258.0
2018-11-14 14:45,,17.2,2731,17.26,17.2,17.26,,345.0
2018-11-14 14:50,,17.18,2731,17.21,17.18,17.2,,294.0
2018-11-14 14:55,,17.34,2731,17.34,17.18,17.18,,278.0
2018-11-14 15:00,,17.32,2731,17.34,17.32,17.34,,120.0
2018-11-15 09:35,,17.32,2731,17.44,17.29,17.44,,116.0
2018-11-15 09:40,,17.23,2731,17.32,17.22,17.32,,322.0
2018-11-15 09:45,,17.33,2731,17.34,17.23,17.23,,110.0
2018-11-15 09:50,,17.31,2731,17.36,17.31,17.33,,68.0
2018-11-15 09:55,,17.3,2731,17.31,17.27,17.31,,598.0
2018-11-15 10:00,,17.29,2731,17.32,17.29,17.3,,294.0
2018-11-15 10:05,,17.24,2731,17.32,17.23,17.29,,775.0
2018-11-15 10:10,,17.26,2731,17.27,17.24,17.24,,23.0
2018-11-15 10:15,,17.24,2731,17.26,17.24,17.26,,4.0
2018-11-15 10:20,,17.26,2731,17.26,17.24,17.24,,92.0
2018-11-15 10:25,,17.23,2731,17.27,17.23,17.26,,41.0
2018-11-15 10:30,,17.24,2731,17.27,17.23,17.23,,162.0
2018-11-15 10:35,,17.26,2731,17.27,17.24,17.24,,61.0
2018-11-15 10:40,,17.27,2731,17.27,17.25,17.26,,86.0
2018-11-15 10:45,,17.31,2731,17.31,17.27,17.27,,79.0
2018-11-15 10:50,,17.27,2731,17.31,17.27,17.31,,66.0
2018-11-15 10:55,,17.23,2731,17.27,17.23,17.27,,155.0
2018-11-15 11:00,,17.23,2731,17.23,17.21,17.23,,133.0
2018-11-15 11:05,,17.23,2731,17.23,17.23,17.23,,9.0
2018-11-15 11:10,,17.26,2731,17.26,17.22,17.23,,30.0
2018-11-15 11:15,,17.22,2731,17.26,17.22,17.26,,92.0
2018-11-15 11:20,,17.23,2731,17.25,17.22,17.22,,9.0
2018-11-15 11:25,,17.25,2731,17.25,17.23,17.23,,6.0
2018-11-15 11:30,,17.26,2731,17.26,17.25,17.25,,40.0
2018-11-15 13:05,,17.26,2731,17.27,17.25,17.26,,121.0
2018-11-15 13:10,,17.26,2731,17.26,17.24,17.26,,82.0
2018-11-15 13:15,,17.26,2731,17.26,17.25,17.26,,46.0
2018-11-15 13:20,,17.26,2731,17.28,17.26,17.26,,71.0
2018-11-15 13:25,,17.27,2731,17.27,17.25,17.26,,60.0
2018-11-15 13:30,,17.26,2731,17.29,17.26,17.27,,66.0
2018-11-15 13:35,,17.25,2731,17.26,17.25,17.26,,76.0
2018-11-15 13:40,,17.3,2731,17.3,17.25,17.25,,209.0
2018-11-15 13:45,,17.27,2731,17.34,17.27,17.3,,412.0
2018-11-15 13:50,,17.36,2731,17.36,17.27,17.27,,460.0
2018-11-15 13:55,,17.3,2731,17.36,17.3,17.36,,113.0
2018-11-15 14:00,,17.29,2731,17.3,17.29,17.3,,73.0
2018-11-15 14:05,,17.29,2731,17.3,17.29,17.29,,60.0
2018-11-15 14:10,,17.29,2731,17.29,17.27,17.29,,94.0
2018-11-15 14:15,,17.34,2731,17.34,17.28,17.29,,226.0
2018-11-15 14:20,,17.3,2731,17.34,17.29,17.34,,358.0
2018-11-15 14:25,,17.35,2731,17.35,17.3,17.3,,248.0
2018-11-15 14:30,,17.34,2731,17.35,17.29,17.35,,582.0
2018-11-15 14:35,,17.31,2731,17.35,17.3,17.34,,170.0
2018-11-15 14:40,,17.34,2731,17.34,17.3,17.31,,203.0
2018-11-15 14:45,,17.3,2731,17.34,17.3,17.34,,281.0
2018-11-15 14:50,,17.33,2731,17.33,17.3,17.3,,348.0
2018-11-15 14:55,,17.26,2731,17.33,17.26,17.33,,312.0
2018-11-15 15:00,,17.31,2731,17.31,17.26,17.26,,389.0
2018-11-16 09:35,,17.34,2731,17.38,17.26,17.35,,450.0
2018-11-16 09:40,,17.35,2731,17.36,17.29,17.34,,297.0
2018-11-16 09:45,,17.44,2731,17.47,17.32,17.35,,590.0
2018-11-16 09:50,,17.31,2731,17.45,17.31,17.44,,472.0
2018-11-16 09:55,,17.34,2731,17.43,17.31,17.31,,429.0
2018-11-16 10:00,,17.4,2731,17.43,17.34,17.34,,119.0
2018-11-16 10:05,,17.42,2731,17.43,17.4,17.4,,234.0
2018-11-16 10:10,,17.37,2731,17.43,17.37,17.42,,91.0
2018-11-16 10:15,,17.42,2731,17.42,17.37,17.37,,15.0
2018-11-16 10:20,,17.39,2731,17.42,17.39,17.42,,176.0
2018-11-16 10:25,,17.37,2731,17.39,17.37,17.39,,114.0
2018-11-16 10:30,,17.37,2731,17.37,17.37,17.37,,16.0
2018-11-16 10:35,,17.4,2731,17.4,17.35,17.37,,107.0
2018-11-16 10:40,,17.4,2731,17.4,17.36,17.4,,31.0
2018-11-16 10:45,,17.38,2731,17.4,17.35,17.4,,93.0
2018-11-16 10:50,,17.38,2731,17.38,17.36,17.38,,87.0
2018-11-16 10:55,,17.38,2731,17.38,17.38,17.38,,125.0
2018-11-16 11:00,,17.4,2731,17.4,17.38,17.38,,72.0
2018-11-16 11:05,,17.41,2731,17.41,17.4,17.4,,25.0
2018-11-16 11:10,,17.41,2731,17.42,17.41,17.41,,55.0
2018-11-16 11:15,,17.43,2731,17.43,17.41,17.41,,146.0
2018-11-16 11:20,,17.44,2731,17.47,17.43,17.43,,222.0
2018-11-16 11:25,,17.43,2731,17.44,17.43,17.44,,20.0
2018-11-16 11:30,,17.49,2731,17.49,17.43,17.43,,390.0
2018-11-16 13:05,,17.63,2731,17.63,17.49,17.49,,1476.0
2018-11-16 13:10,,17.65,2731,17.65,17.59,17.63,,1105.0
2018-11-16 13:15,,17.65,2731,17.68,17.65,17.65,,317.0
2018-11-16 13:20,,17.66,2731,17.66,17.6,17.65,,737.0
2018-11-16 13:25,,17.75,2731,17.78,17.66,17.66,,1202.0
2018-11-16 13:30,,17.75,2731,17.78,17.71,17.75,,1119.0
2018-11-16 13:35,,17.69,2731,17.77,17.69,17.75,,283.0
2018-11-16 13:40,,17.72,2731,17.72,17.69,17.69,,360.0
2018-11-16 13:45,,17.73,2731,17.74,17.72,17.72,,354.0
2018-11-16 13:50,,17.73,2731,17.73,17.72,17.73,,108.0
2018-11-16 13:55,,17.73,2731,17.74,17.72,17.73,,161.0
2018-11-16 14:00,,17.8,2731,17.81,17.73,17.73,,892.0
2018-11-16 14:05,,17.79,2731,17.81,17.79,17.8,,558.0
2018-11-16 14:10,,17.75,2731,17.79,17.75,17.79,,286.0
2018-11-16 14:15,,17.76,2731,17.76,17.7,17.75,,62.0
2018-11-16 14:20,,17.7,2731,17.76,17.67,17.76,,69.0
2018-11-16 14:25,,17.68,2731,17.7,17.67,17.7,,37.0
2018-11-16 14:30,,17.69,2731,17.69,17.68,17.68,,72.0
2018-11-16 14:35,,17.69,2731,17.7,17.68,17.69,,73.0
2018-11-16 14:40,,17.73,2731,17.73,17.69,17.69,,156.0
2018-11-16 14:45,,17.77,2731,17.78,17.73,17.73,,545.0
2018-11-16 14:50,,17.77,2731,17.77,17.73,17.77,,645.0
2018-11-16 14:55,,17.75,2731,17.78,17.72,17.77,,452.0
2018-11-16 15:00,,17.74,2731,17.75,17.74,17.75,,288.0
2018-11-19 09:35,,17.74,2731,17.78,17.7,17.74,,958.0
2018-11-19 09:40,,17.61,2731,17.75,17.6,17.74,,702.0
2018-11-19 09:45,,17.63,2731,17.64,17.57,17.61,,149.0
2018-11-19 09:50,,17.6,2731,17.63,17.57,17.63,,581.0
2018-11-19 09:55,,17.62,2731,17.65,17.59,17.6,,148.0
2018-11-19 10:00,,17.63,2731,17.69,17.6,17.62,,646.0
2018-11-19 10:05,,17.69,2731,17.7,17.63,17.63,,49.0
2018-11-19 10:10,,17.66,2731,17.69,17.65,17.69,,46.0
2018-11-19 10:15,,17.68,2731,17.68,17.63,17.66,,220.0
2018-11-19 10:20,,17.73,2731,17.77,17.68,17.68,,225.0
2018-11-19 10:25,,17.85,2731,17.85,17.73,17.73,,730.0
2018-11-19 10:30,,17.88,2731,17.95,17.84,17.85,,746.0
2018-11-19 10:35,,17.82,2731,17.9,17.82,17.88,,153.0
2018-11-19 10:40,,17.8,2731,17.82,17.71,17.82,,112.0
2018-11-19 10:45,,17.73,2731,17.81,17.72,17.8,,102.0
2018-11-19 10:50,,17.7,2731,17.73,17.7,17.73,,138.0
2018-11-19 10:55,,17.73,2731,17.73,17.7,17.7,,16.0
2018-11-19 11:00,,17.78,2731,17.78,17.72,17.73,,34.0
2018-11-19 11:05,,17.78,2731,17.78,17.73,17.78,,32.0
2018-11-19 11:10,,17.77,2731,17.78,17.77,17.78,,5.0
2018-11-19 11:15,,17.78,2731,17.78,17.77,17.77,,54.0
2018-11-19 11:20,,17.71,2731,17.78,17.71,17.78,,132.0
2018-11-19 11:25,,17.67,2731,17.71,17.67,17.71,,132.0
2018-11-19 11:30,,17.65,2731,17.67,17.64,17.67,,193.0
2018-11-19 13:05,,17.71,2731,17.71,17.65,17.65,,80.0
2018-11-19 13:10,,17.72,2731,17.72,17.71,17.71,,12.0
2018-11-19 13:15,,17.72,2731,17.72,17.72,17.72,,2.0
2018-11-19 13:20,,17.74,2731,17.74,17.71,17.72,,135.0
2018-11-19 13:25,,17.73,2731,17.74,17.73,17.74,,267.0
2018-11-19 13:30,,17.75,2731,17.75,17.73,17.73,,62.0
2018-11-19 13:35,,17.8,2731,17.82,17.75,17.75,,579.0
2018-11-19 13:40,,17.84,2731,17.86,17.79,17.8,,273.0
2018-11-19 13:45,,17.8,2731,17.85,17.8,17.84,,328.0
2018-11-19 13:50,,17.79,2731,17.8,17.79,17.8,,144.0
2018-11-19 13:55,,17.79,2731,17.79,17.78,17.79,,136.0
2018-11-19 14:00,,17.77,2731,17.79,17.77,17.79,,59.0
2018-11-19 14:05,,17.76,2731,17.77,17.76,17.77,,138.0
2018-11-19 14:10,,17.76,2731,17.76,17.75,17.76,,38.0
2018-11-19 14:15,,17.76,2731,17.77,17.75,17.76,,41.0
2018-11-19 14:20,,17.75,2731,17.78,17.75,17.76,,62.0
2018-11-19 14:25,,17.75,2731,17.75,17.75,17.75,,51.0
2018-11-19 14:30,,17.73,2731,17.75,17.73,17.75,,118.0
2018-11-19 14:35,,17.75,2731,17.76,17.71,17.73,,274.0
2018-11-19 14:40,,17.79,2731,17.79,17.75,17.75,,320.0
2018-11-19 14:45,,17.79,2731,17.8,17.79,17.79,,346.0
2018-11-19 14:50,,17.77,2731,17.82,17.77,17.79,,392.0
2018-11-19 14:55,,17.76,2731,17.79,17.75,17.77,,307.0
2018-11-19 15:00,,17.8,2731,17.81,17.76,17.76,,190.0
2018-11-20 09:35,,17.8,2731,17.85,17.72,17.75,,612.0
2018-11-20 09:40,,17.83,2731,17.84,17.8,17.8,,774.0
2018-11-20 09:45,,17.84,2731,17.85,17.8,17.83,,273.0
2018-11-20 09:50,,17.81,2731,17.85,17.81,17.84,,114.0
2018-11-20 09:55,,17.9,2731,17.9,17.81,17.81,,527.0
2018-11-20 10:00,,17.89,2731,17.91,17.88,17.9,,268.0
2018-11-20 10:05,,17.86,2731,17.89,17.84,17.89,,75.0
2018-11-20 10:10,,17.81,2731,17.86,17.75,17.86,,347.0
2018-11-20 10:15,,17.81,2731,17.85,17.81,17.81,,157.0
2018-11-20 10:20,,17.8,2731,17.82,17.8,17.81,,27.0
2018-11-20 10:25,,17.8,2731,17.82,17.78,17.8,,54.0
2018-11-20 10:30,,17.63,2731,17.8,17.63,17.8,,467.0
2018-11-20 10:35,,17.68,2731,17.68,17.63,17.63,,152.0
2018-11-20 10:40,,17.63,2731,17.69,17.63,17.68,,94.0
2018-11-20 10:45,,17.68,2731,17.68,17.63,17.63,,183.0
2018-11-20 10:50,,17.76,2731,17.77,17.68,17.68,,233.0
2018-11-20 10:55,,17.81,2731,17.81,17.76,17.76,,201.0
2018-11-20 11:00,,17.76,2731,17.81,17.76,17.81,,63.0
2018-11-20 11:05,,17.76,2731,17.79,17.76,17.76,,71.0
2018-11-20 11:10,,17.72,2731,17.8,17.71,17.76,,115.0
2018-11-20 11:15,,17.72,2731,17.72,17.72,17.72,,24.0
2018-11-20 11:20,,17.77,2731,17.79,17.72,17.72,,86.0
2018-11-20 11:25,,17.72,2731,17.77,17.72,17.77,,52.0
2018-11-20 11:30,,17.72,2731,17.72,17.72,17.72,,8.0
2018-11-20 13:05,,17.71,2731,17.72,17.71,17.72,,43.0
2018-11-20 13:10,,17.7,2731,17.73,17.7,17.71,,79.0
2018-11-20 13:15,,17.7,2731,17.7,17.7,17.7,,53.0
2018-11-20 13:20,,17.75,2731,17.75,17.7,17.7,,63.0
2018-11-20 13:25,,17.73,2731,17.75,17.71,17.75,,78.0
2018-11-20 13:30,,17.7,2731,17.74,17.7,17.73,,194.0
2018-11-20 13:35,,17.69,2731,17.7,17.69,17.7,,107.0
2018-11-20 13:40,,17.7,2731,17.7,17.69,17.69,,155.0
2018-11-20 13:45,,17.68,2731,17.7,17.68,17.7,,155.0
2018-11-20 13:50,,17.69,2731,17.69,17.68,17.68,,50.0
2018-11-20 13:55,,17.66,2731,17.69,17.66,17.69,,156.0
2018-11-20 14:00,,17.66,2731,17.66,17.64,17.66,,153.0
2018-11-20 14:05,,17.63,2731,17.66,17.61,17.66,,411.0
2018-11-20 14:10,,17.6,2731,17.64,17.6,17.63,,302.0
2018-11-20 14:15,,17.62,2731,17.62,17.6,17.6,,162.0
2018-11-20 14:20,,17.6,2731,17.62,17.59,17.62,,46.0
2018-11-20 14:25,,17.58,2731,17.61,17.58,17.6,,187.0
2018-11-20 14:30,,17.57,2731,17.58,17.57,17.58,,81.0
2018-11-20 14:35,,17.58,2731,17.6,17.56,17.57,,113.0
2018-11-20 14:40,,17.49,2731,17.58,17.48,17.58,,799.0
2018-11-20 14:45,,17.51,2731,17.51,17.49,17.49,,154.0
2018-11-20 14:50,,17.5,2731,17.53,17.5,17.51,,132.0
2018-11-20 14:55,,17.54,2731,17.54,17.5,17.5,,319.0
2018-11-20 15:00,,17.54,2731,17.55,17.54,17.54,,181.0
2018-11-21 09:35,,17.53,2731,17.58,17.49,17.49,,248.0
2018-11-21 09:40,,17.6,2731,17.6,17.53,17.53,,65.0
2018-11-21 09:45,,17.58,2731,17.6,17.56,17.6,,96.0
2018-11-21 09:50,,17.58,2731,17.58,17.58,17.58,,86.0
2018-11-21 09:55,,17.64,2731,17.65,17.58,17.58,,350.0
2018-11-21 10:00,,17.74,2731,17.81,17.64,17.64,,248.0
2018-11-21 10:05,,17.72,2731,17.74,17.71,17.74,,82.0
2018-11-21 10:10,,17.85,2731,17.85,17.72,17.72,,1215.0
2018-11-21 10:15,,17.85,2731,17.89,17.85,17.85,,560.0
2018-11-21 10:20,,17.8,2731,17.85,17.8,17.85,,179.0
2018-11-21 10:25,,17.8,2731,17.8,17.78,17.8,,165.0
2018-11-21 10:30,,17.87,2731,17.88,17.8,17.8,,271.0
2018-11-21 10:35,,17.78,2731,17.87,17.78,17.87,,102.0
2018-11-21 10:40,,17.73,2731,17.79,17.73,17.78,,77.0
2018-11-21 10:45,,17.75,2731,17.75,17.7,17.73,,80.0
2018-11-21 10:50,,17.8,2731,17.8,17.75,17.75,,72.0
2018-11-21 10:55,,17.8,2731,17.8,17.75,17.8,,182.0
2018-11-21 11:00,,17.81,2731,17.82,17.8,17.8,,349.0
2018-11-21 11:05,,17.8,2731,17.81,17.8,17.81,,126.0
2018-11-21 11:10,,17.8,2731,17.82,17.8,17.8,,331.0
2018-11-21 11:15,,17.8,2731,17.82,17.74,17.8,,514.0
2018-11-21 11:20,,17.75,2731,17.8,17.75,17.8,,25.0
2018-11-21 11:25,,17.75,2731,17.78,17.75,17.75,,30.0
2018-11-21 11:30,,17.79,2731,17.8,17.75,17.75,,66.0
2018-11-21 13:05,,17.82,2731,17.82,17.79,17.79,,87.0
2018-11-21 13:10,,17.82,2731,17.82,17.82,17.82,,130.0
2018-11-21 13:15,,17.84,2731,17.84,17.82,17.82,,207.0
2018-11-21 13:20,,17.84,2731,17.86,17.83,17.84,,277.0
2018-11-21 13:25,,17.83,2731,17.84,17.83,17.84,,91.0
2018-11-21 13:30,,17.84,2731,17.84,17.83,17.83,,141.0
2018-11-21 13:35,,17.91,2731,17.91,17.84,17.84,,1251.0
2018-11-21 13:40,,17.88,2731,17.92,17.88,17.91,,300.0
2018-11-21 13:45,,17.88,2731,17.89,17.88,17.88,,122.0
2018-11-21 13:50,,17.86,2731,17.89,17.86,17.88,,163.0
2018-11-21 13:55,,17.89,2731,17.89,17.85,17.86,,101.0
2018-11-21 14:00,,17.85,2731,17.89,17.85,17.89,,224.0
2018-11-21 14:05,,17.85,2731,17.86,17.85,17.85,,286.0
2018-11-21 14:10,,17.84,2731,17.85,17.83,17.85,,310.0
2018-11-21 14:15,,17.84,2731,17.84,17.83,17.84,,260.0
2018-11-21 14:20,,17.86,2731,17.86,17.84,17.84,,97.0
2018-11-21 14:25,,17.86,2731,17.88,17.85,17.86,,649.0
2018-11-21 14:30,,17.91,2731,17.92,17.86,17.86,,338.0
2018-11-21 14:35,,17.89,2731,17.91,17.89,17.91,,126.0
2018-11-21 14:40,,17.89,2731,17.89,17.88,17.89,,88.0
2018-11-21 14:45,,17.92,2731,17.92,17.88,17.89,,212.0
2018-11-21 14:50,,17.93,2731,17.93,17.9,17.92,,766.0
2018-11-21 14:55,,17.87,2731,17.94,17.86,17.93,,913.0
2018-11-21 15:00,,17.88,2731,17.88,17.86,17.87,,199.0
2018-11-22 09:35,,17.85,2731,17.9,17.85,17.87,,356.0
2018-11-22 09:40,,17.88,2731,17.88,17.72,17.85,,543.0
2018-11-22 09:45,,17.88,2731,17.89,17.83,17.88,,196.0
2018-11-22 09:50,,17.88,2731,17.88,17.88,17.88,,233.0
2018-11-22 09:55,,17.84,2731,17.88,17.84,17.88,,89.0
2018-11-22 10:00,,17.83,2731,17.88,17.83,17.84,,286.0
2018-11-22 10:05,,17.82,2731,17.85,17.82,17.83,,109.0
2018-11-22 10:10,,17.84,2731,17.88,17.82,17.82,,67.0
2018-11-22 10:15,,17.82,2731,17.84,17.75,17.84,,274.0
2018-11-22 10:20,,17.9,2731,17.9,17.81,17.82,,217.0
2018-11-22 10:25,,17.9,2731,17.9,17.83,17.9,,248.0
2018-11-22 10:30,,17.9,2731,17.9,17.85,17.9,,118.0
2018-11-22 10:35,,17.86,2731,17.9,17.86,17.9,,29.0
2018-11-22 10:40,,17.89,2731,17.89,17.83,17.86,,105.0
2018-11-22 10:45,,17.85,2731,17.9,17.83,17.89,,152.0
2018-11-22 10:50,,17.9,2731,17.9,17.81,17.85,,149.0
2018-11-22 10:55,,17.88,2731,17.9,17.88,17.9,,3.0
2018-11-22 11:00,,17.88,2731,17.88,17.88,17.88,,49.0
2018-11-22 11:05,,17.84,2731,17.88,17.84,17.88,,2.0
2018-11-22 11:10,,17.82,2731,17.84,17.82,17.84,,137.0
2018-11-22 11:15,,17.81,2731,17.82,17.81,17.82,,253.0
2018-11-22 11:20,,17.88,2731,17.89,17.81,17.81,,54.0
2018-11-22 11:25,,17.83,2731,17.88,17.83,17.88,,35.0
2018-11-22 11:30,,17.82,2731,17.83,17.82,17.83,,39.0
2018-11-22 13:05,,17.87,2731,17.88,17.81,17.82,,853.0
2018-11-22 13:10,,17.87,2731,17.87,17.83,17.87,,393.0
2018-11-22 13:15,,17.84,2731,17.87,17.84,17.87,,34.0
2018-11-22 13:20,,17.84,2731,17.84,17.84,17.84,,0.0
2018-11-22 13:25,,17.85,2731,17.85,17.84,17.84,,25.0
2018-11-22 13:30,,17.85,2731,17.85,17.85,17.85,,38.0
2018-11-22 13:35,,17.9,2731,17.9,17.85,17.85,,387.0
2018-11-22 13:40,,17.96,2731,17.96,17.9,17.9,,1101.0
2018-11-22 13:45,,18.0,2731,18.05,17.96,17.96,,1017.0
2018-11-22 13:50,,17.96,2731,18.0,17.96,18.0,,298.0
2018-11-22 13:55,,17.96,2731,17.98,17.96,17.96,,198.0
2018-11-22 14:00,,18.0,2731,18.0,17.96,17.96,,228.0
2018-11-22 14:05,,17.99,2731,18.0,17.96,18.0,,104.0
2018-11-22 14:10,,18.03,2731,18.06,17.99,17.99,,365.0
2018-11-22 14:15,,18.01,2731,18.04,18.01,18.03,,54.0
2018-11-22 14:20,,18.02,2731,18.04,18.01,18.01,,253.0
2018-11-22 14:25,,18.04,2731,18.05,18.02,18.02,,1001.0
2018-11-22 14:30,,18.04,2731,18.07,18.03,18.04,,1399.0
2018-11-22 14:35,,18.07,2731,18.08,18.04,18.04,,660.0
2018-11-22 14:40,,18.04,2731,18.07,18.01,18.07,,606.0
2018-11-22 14:45,,18.12,2731,18.12,18.03,18.04,,1077.0
2018-11-22 14:50,,18.12,2731,18.17,18.1,18.12,,2137.0
2018-11-22 14:55,,18.12,2731,18.12,18.11,18.12,,1486.0
2018-11-22 15:00,,18.11,2731,18.12,18.09,18.12,,710.0
2018-11-23 09:35,,18.02,2731,18.12,18.02,18.12,,522.0
2018-11-23 09:40,,17.95,2731,18.02,17.95,18.02,,518.0
2018-11-23 09:45,,17.97,2731,17.98,17.95,17.95,,212.0
2018-11-23 09:50,,17.89,2731,17.98,17.89,17.97,,651.0
2018-11-23 09:55,,17.83,2731,17.89,17.75,17.89,,767.0
2018-11-23 10:00,,17.84,2731,17.87,17.8,17.83,,169.0
2018-11-23 10:05,,17.85,2731,17.87,17.82,17.84,,370.0
2018-11-23 10:10,,17.84,2731,17.86,17.82,17.85,,202.0
2018-11-23 10:15,,17.87,2731,17.87,17.84,17.84,,69.0
2018-11-23 10:20,,17.81,2731,17.91,17.81,17.87,,665.0
2018-11-23 10:25,,17.81,2731,17.87,17.8,17.81,,807.0
2018-11-23 10:30,,17.73,2731,17.82,17.73,17.81,,559.0
2018-11-23 10:35,,17.74,2731,17.74,17.72,17.73,,397.0
2018-11-23 10:40,,17.75,2731,17.82,17.71,17.74,,316.0
2018-11-23 10:45,,17.7,2731,17.76,17.7,17.75,,236.0
2018-11-23 10:50,,17.74,2731,17.74,17.7,17.7,,310.0
2018-11-23 10:55,,17.75,2731,17.75,17.74,17.74,,33.0
2018-11-23 11:00,,17.75,2731,17.79,17.75,17.75,,98.0
2018-11-23 11:05,,17.75,2731,17.77,17.75,17.75,,43.0
2018-11-23 11:10,,17.72,2731,17.75,17.7,17.75,,275.0
2018-11-23 11:15,,17.71,2731,17.72,17.71,17.72,,83.0
2018-11-23 11:20,,17.82,2731,17.82,17.71,17.71,,76.0
2018-11-23 11:25,,17.72,2731,17.82,17.71,17.82,,120.0
2018-11-23 11:30,,17.73,2731,17.78,17.72,17.72,,25.0
2018-11-23 13:05,,17.75,2731,17.75,17.72,17.73,,256.0
2018-11-23 13:10,,17.77,2731,17.77,17.75,17.75,,3.0
2018-11-23 13:15,,17.81,2731,17.81,17.77,17.77,,57.0
2018-11-23 13:20,,17.75,2731,17.81,17.75,17.81,,37.0
2018-11-23 13:25,,17.72,2731,17.75,17.72,17.75,,150.0
2018-11-23 13:30,,17.71,2731,17.72,17.7,17.72,,455.0
2018-11-23 13:35,,17.68,2731,17.72,17.68,17.71,,325.0
2018-11-23 13:40,,17.62,2731,17.68,17.61,17.68,,715.0
2018-11-23 13:45,,17.63,2731,17.65,17.61,17.62,,72.0
2018-11-23 13:50,,17.6,2731,17.63,17.54,17.63,,1000.0
2018-11-23 13:55,,17.54,2731,17.61,17.53,17.6,,985.0
2018-11-23 14:00,,17.56,2731,17.56,17.54,17.54,,205.0
2018-11-23 14:05,,17.67,2731,17.67,17.55,17.56,,576.0
2018-11-23 14:10,,17.58,2731,17.67,17.57,17.67,,294.0
2018-11-23 14:15,,17.56,2731,17.59,17.56,17.58,,157.0
2018-11-23 14:20,,17.63,2731,17.65,17.53,17.56,,272.0
2018-11-23 14:25,,17.66,2731,17.66,17.61,17.63,,112.0
2018-11-23 14:30,,17.66,2731,17.68,17.66,17.66,,120.0
2018-11-23 14:35,,17.62,2731,17.68,17.62,17.66,,68.0
2018-11-23 14:40,,17.65,2731,17.65,17.61,17.62,,100.0
2018-11-23 14:45,,17.67,2731,17.68,17.65,17.65,,76.0
2018-11-23 14:50,,17.64,2731,17.67,17.63,17.67,,94.0
2018-11-23 14:55,,17.66,2731,17.66,17.6,17.64,,165.0
2018-11-23 15:00,,17.55,2731,17.69,17.55,17.66,,305.0
2018-11-26 09:35,,17.65,2731,17.68,17.56,17.68,,283.0
2018-11-26 09:40,,17.6,2731,17.66,17.57,17.65,,392.0
2018-11-26 09:45,,17.65,2731,17.65,17.6,17.6,,342.0
2018-11-26 09:50,,17.65,2731,17.66,17.62,17.65,,54.0
2018-11-26 09:55,,17.65,2731,17.65,17.61,17.65,,126.0
2018-11-26 10:00,,17.61,2731,17.65,17.61,17.65,,86.0
2018-11-26 10:05,,17.66,2731,17.66,17.61,17.61,,76.0
2018-11-26 10:10,,17.56,2731,17.66,17.56,17.66,,334.0
2018-11-26 10:15,,17.5,2731,17.57,17.5,17.56,,165.0
2018-11-26 10:20,,17.55,2731,17.56,17.47,17.5,,194.0
2018-11-26 10:25,,17.59,2731,17.65,17.49,17.55,,146.0
2018-11-26 10:30,,17.5,2731,17.59,17.49,17.59,,181.0
2018-11-26 10:35,,17.49,2731,17.58,17.49,17.5,,410.0
2018-11-26 10:40,,17.58,2731,17.58,17.49,17.49,,204.0
2018-11-26 10:45,,17.58,2731,17.59,17.55,17.58,,158.0
2018-11-26 10:50,,17.57,2731,17.58,17.52,17.58,,311.0
2018-11-26 10:55,,17.57,2731,17.6,17.57,17.57,,196.0
2018-11-26 11:00,,17.55,2731,17.57,17.53,17.57,,104.0
2018-11-26 11:05,,17.6,2731,17.6,17.55,17.55,,200.0
2018-11-26 11:10,,17.65,2731,17.68,17.6,17.6,,507.0
2018-11-26 11:15,,17.6,2731,17.65,17.6,17.65,,42.0
2018-11-26 11:20,,17.7,2731,17.7,17.6,17.6,,163.0
2018-11-26 11:25,,17.72,2731,17.72,17.7,17.7,,45.0
2018-11-26 11:30,,17.66,2731,17.72,17.66,17.72,,93.0
2018-11-26 13:05,,17.64,2731,17.66,17.64,17.66,,63.0
2018-11-26 13:10,,17.65,2731,17.66,17.63,17.64,,197.0
2018-11-26 13:15,,17.64,2731,17.65,17.64,17.65,,52.0
2018-11-26 13:20,,17.65,2731,17.69,17.64,17.64,,163.0
2018-11-26 13:25,,17.65,2731,17.65,17.63,17.65,,190.0
2018-11-26 13:30,,17.65,2731,17.65,17.65,17.65,,103.0
2018-11-26 13:35,,17.61,2731,17.65,17.61,17.65,,243.0
2018-11-26 13:40,,17.62,2731,17.62,17.61,17.61,,323.0
2018-11-26 13:45,,17.65,2731,17.65,17.58,17.62,,157.0
2018-11-26 13:50,,17.58,2731,17.65,17.58,17.65,,211.0
2018-11-26 13:55,,17.6,2731,17.65,17.58,17.58,,111.0
2018-11-26 14:00,,17.65,2731,17.65,17.6,17.6,,81.0
2018-11-26 14:05,,17.65,2731,17.65,17.62,17.65,,337.0
2018-11-26 14:10,,17.65,2731,17.65,17.62,17.65,,174.0
2018-11-26 14:15,,17.62,2731,17.66,17.62,17.65,,260.0
2018-11-26 14:20,,17.58,2731,17.62,17.58,17.62,,100.0
2018-11-26 14:25,,17.63,2731,17.63,17.58,17.58,,144.0
2018-11-26 14:30,,17.65,2731,17.65,17.6,17.63,,135.0
2018-11-26 14:35,,17.63,2731,17.65,17.59,17.65,,87.0
2018-11-26 14:40,,17.64,2731,17.64,17.61,17.63,,38.0
2018-11-26 14:45,,17.65,2731,17.65,17.61,17.64,,66.0
2018-11-26 14:50,,17.61,2731,17.65,17.58,17.65,,204.0
2018-11-26 14:55,,17.58,2731,17.61,17.55,17.61,,333.0
2018-11-26 15:00,,17.6,2731,17.6,17.56,17.56,,241.0
2018-11-27 09:35,,17.6,2731,17.63,17.55,17.55,,141.0
2018-11-27 09:40,,17.65,2731,17.65,17.6,17.6,,317.0
2018-11-27 09:45,,17.64,2731,17.69,17.64,17.65,,188.0
2018-11-27 09:50,,17.7,2731,17.7,17.64,17.64,,102.0
2018-11-27 09:55,,17.69,2731,17.7,17.69,17.7,,66.0
2018-11-27 10:00,,17.62,2731,17.69,17.62,17.69,,463.0
2018-11-27 10:05,,17.66,2731,17.66,17.61,17.62,,148.0
2018-11-27 10:10,,17.6,2731,17.69,17.6,17.66,,343.0
2018-11-27 10:15,,17.68,2731,17.68,17.6,17.6,,194.0
2018-11-27 10:20,,17.8,2731,17.9,17.68,17.68,,1078.0
2018-11-27 10:25,,17.85,2731,17.87,17.8,17.8,,157.0
2018-11-27 10:30,,17.84,2731,17.85,17.8,17.85,,103.0
2018-11-27 10:35,,17.8,2731,17.84,17.77,17.84,,353.0
2018-11-27 10:40,,17.8,2731,17.84,17.79,17.8,,122.0
2018-11-27 10:45,,17.8,2731,17.8,17.79,17.8,,28.0
2018-11-27 10:50,,17.78,2731,17.8,17.78,17.8,,54.0
2018-11-27 10:55,,17.75,2731,17.79,17.73,17.78,,246.0
2018-11-27 11:00,,17.79,2731,17.79,17.75,17.75,,8.0
2018-11-27 11:05,,17.79,2731,17.79,17.76,17.79,,12.0
2018-11-27 11:10,,17.79,2731,17.79,17.79,17.79,,10.0
2018-11-27 11:15,,17.74,2731,17.79,17.74,17.79,,197.0
2018-11-27 11:20,,17.75,2731,17.75,17.74,17.74,,123.0
2018-11-27 11:25,,17.76,2731,17.78,17.75,17.75,,72.0
2018-11-27 11:30,,17.85,2731,17.85,17.76,17.76,,167.0
2018-11-27 13:05,,17.83,2731,17.85,17.83,17.85,,88.0
2018-11-27 13:10,,17.81,2731,17.83,17.81,17.83,,3.0
2018-11-27 13:15,,17.76,2731,17.81,17.76,17.81,,14.0
2018-11-27 13:20,,17.76,2731,17.83,17.76,17.76,,12.0
2018-11-27 13:25,,17.75,2731,17.76,17.75,17.76,,49.0
2018-11-27 13:30,,17.75,2731,17.75,17.74,17.75,,55.0
2018-11-27 13:35,,17.73,2731,17.81,17.73,17.75,,328.0
2018-11-27 13:40,,17.64,2731,17.73,17.64,17.73,,558.0
2018-11-27 13:45,,17.65,2731,17.65,17.64,17.64,,623.0
2018-11-27 13:50,,17.64,2731,17.65,17.64,17.65,,1352.0
2018-11-27 13:55,,17.65,2731,17.65,17.6,17.64,,1268.0
2018-11-27 14:00,,17.6,2731,17.65,17.58,17.65,,679.0
2018-11-27 14:05,,17.6,2731,17.63,17.59,17.6,,460.0
2018-11-27 14:10,,17.65,2731,17.65,17.6,17.6,,348.0
2018-11-27 14:15,,17.63,2731,17.65,17.62,17.65,,158.0
2018-11-27 14:20,,17.6,2731,17.63,17.6,17.63,,63.0
2018-11-27 14:25,,17.61,2731,17.62,17.6,17.6,,23.0
2018-11-27 14:30,,17.59,2731,17.61,17.59,17.61,,61.0
2018-11-27 14:35,,17.63,2731,17.63,17.59,17.59,,56.0
2018-11-27 14:40,,17.6,2731,17.63,17.59,17.63,,349.0
2018-11-27 14:45,,17.58,2731,17.6,17.58,17.6,,354.0
2018-11-27 14:50,,17.6,2731,17.6,17.58,17.58,,80.0
2018-11-27 14:55,,17.6,2731,17.64,17.6,17.6,,168.0
2018-11-27 15:00,,17.65,2731,17.65,17.6,17.6,,77.0
2018-11-28 09:35,,17.7,2731,17.78,17.56,17.65,,307.0
2018-11-28 09:40,,17.71,2731,17.71,17.69,17.7,,31.0
2018-11-28 09:45,,17.69,2731,17.74,17.66,17.71,,57.0
2018-11-28 09:50,,17.68,2731,17.74,17.67,17.69,,114.0
2018-11-28 09:55,,17.68,2731,17.69,17.65,17.68,,101.0
2018-11-28 10:00,,17.57,2731,17.7,17.56,17.68,,484.0
2018-11-28 10:05,,17.5,2731,17.6,17.5,17.57,,210.0
2018-11-28 10:10,,17.58,2731,17.59,17.5,17.5,,233.0
2018-11-28 10:15,,17.52,2731,17.58,17.52,17.58,,54.0
2018-11-28 10:20,,17.55,2731,17.55,17.51,17.52,,252.0
2018-11-28 10:25,,17.53,2731,17.55,17.51,17.55,,562.0
2018-11-28 10:30,,17.55,2731,17.55,17.45,17.53,,696.0
2018-11-28 10:35,,17.55,2731,17.6,17.5,17.55,,471.0
2018-11-28 10:40,,17.6,2731,17.6,17.54,17.55,,653.0
2018-11-28 10:45,,17.59,2731,17.65,17.58,17.6,,363.0
2018-11-28 10:50,,17.61,2731,17.63,17.59,17.59,,30.0
2018-11-28 10:55,,17.61,2731,17.63,17.6,17.61,,108.0
2018-11-28 11:00,,17.64,2731,17.64,17.61,17.61,,53.0
2018-11-28 11:05,,17.59,2731,17.64,17.59,17.64,,65.0
2018-11-28 11:10,,17.58,2731,17.59,17.58,17.59,,98.0
2018-11-28 11:15,,17.61,2731,17.61,17.58,17.58,,39.0
2018-11-28 11:20,,17.62,2731,17.64,17.61,17.61,,6.0
2018-11-28 11:25,,17.62,2731,17.64,17.6,17.62,,26.0
2018-11-28 11:30,,17.65,2731,17.65,17.62,17.62,,59.0
2018-11-28 13:05,,17.63,2731,17.68,17.58,17.65,,275.0
2018-11-28 13:10,,17.68,2731,17.68,17.58,17.63,,119.0
2018-11-28 13:15,,17.69,2731,17.7,17.68,17.68,,142.0
2018-11-28 13:20,,17.69,2731,17.69,17.66,17.69,,34.0
2018-11-28 13:25,,17.7,2731,17.7,17.69,17.69,,463.0
2018-11-28 13:30,,17.68,2731,17.7,17.68,17.7,,110.0
2018-11-28 13:35,,17.69,2731,17.7,17.68,17.68,,180.0
2018-11-28 13:40,,17.59,2731,17.7,17.59,17.69,,137.0
2018-11-28 13:45,,17.6,2731,17.65,17.59,17.59,,42.0
2018-11-28 13:50,,17.64,2731,17.65,17.6,17.6,,27.0
2018-11-28 13:55,,17.63,2731,17.65,17.63,17.64,,19.0
2018-11-28 14:00,,17.65,2731,17.65,17.63,17.63,,52.0
2018-11-28 14:05,,17.65,2731,17.66,17.65,17.65,,37.0
2018-11-28 14:10,,17.66,2731,17.67,17.65,17.65,,31.0
2018-11-28 14:15,,17.65,2731,17.66,17.65,17.66,,15.0
2018-11-28 14:20,,17.65,2731,17.66,17.64,17.65,,102.0
2018-11-28 14:25,,17.65,2731,17.66,17.65,17.65,,13.0
2018-11-28 14:30,,17.66,2731,17.66,17.64,17.65,,77.0
2018-11-28 14:35,,17.65,2731,17.66,17.65,17.66,,35.0
2018-11-28 14:40,,17.63,2731,17.65,17.63,17.65,,42.0
2018-11-28 14:45,,17.63,2731,17.65,17.63,17.63,,74.0
2018-11-28 14:50,,17.66,2731,17.66,17.63,17.63,,73.0
2018-11-28 14:55,,17.6,2731,17.66,17.6,17.66,,113.0
2018-11-28 15:00,,17.63,2731,17.65,17.6,17.6,,47.0
2018-11-29 09:35,,17.73,2731,17.75,17.7,17.75,,175.0
2018-11-29 09:45,,17.75,2731,17.78,17.73,17.75,,104.0
2018-11-29 09:50,,17.74,2731,17.77,17.73,17.75,,108.0
2018-11-29 09:55,,17.73,2731,17.76,17.72,17.74,,113.0
2018-11-29 10:00,,17.71,2731,17.73,17.7,17.73,,69.0
2018-11-29 10:05,,17.85,2731,17.85,17.71,17.71,,366.0
2018-11-29 10:10,,17.8,2731,17.85,17.8,17.85,,118.0
2018-11-29 10:15,,17.73,2731,17.8,17.72,17.8,,117.0
2018-11-29 10:20,,17.73,2731,17.76,17.73,17.73,,43.0
2018-11-29 10:25,,17.78,2731,17.78,17.73,17.73,,42.0
2018-11-29 10:30,,17.78,2731,17.85,17.78,17.78,,369.0
2018-11-29 10:35,,17.79,2731,17.8,17.73,17.78,,48.0
2018-11-29 10:40,,17.79,2731,17.79,17.76,17.79,,17.0
2018-11-29 10:45,,17.79,2731,17.79,17.75,17.79,,219.0
2018-11-29 10:50,,17.73,2731,17.79,17.73,17.79,,155.0
2018-11-29 10:55,,17.73,2731,17.76,17.71,17.73,,67.0
2018-11-29 11:00,,17.73,2731,17.73,17.72,17.73,,27.0
2018-11-29 11:05,,17.73,2731,17.73,17.73,17.73,,1.0
2018-11-29 11:10,,17.75,2731,17.76,17.73,17.73,,20.0
2018-11-29 11:15,,17.75,2731,17.76,17.75,17.75,,4.0
2018-11-29 11:20,,17.75,2731,17.75,17.75,17.75,,2.0
2018-11-29 11:25,,17.79,2731,17.79,17.75,17.75,,168.0
2018-11-29 11:30,,17.81,2731,17.85,17.79,17.79,,347.0
2018-11-29 13:05,,17.8,2731,17.84,17.8,17.81,,58.0
2018-11-29 13:10,,17.75,2731,17.84,17.75,17.8,,84.0
2018-11-29 13:15,,17.81,2731,17.83,17.75,17.75,,7.0
2018-11-29 13:20,,17.8,2731,17.81,17.74,17.81,,14.0
2018-11-29 13:25,,17.73,2731,17.8,17.73,17.8,,39.0
2018-11-29 13:30,,17.75,2731,17.79,17.73,17.73,,19.0
2018-11-29 13:35,,17.74,2731,17.75,17.72,17.75,,61.0
2018-11-29 13:40,,17.73,2731,17.74,17.73,17.74,,15.0
2018-11-29 13:45,,17.7,2731,17.73,17.7,17.73,,51.0
2018-11-29 13:50,,17.68,2731,17.7,17.68,17.7,,25.0
2018-11-29 13:55,,17.66,2731,17.69,17.66,17.68,,23.0
2018-11-29 14:00,,17.69,2731,17.69,17.66,17.66,,86.0
2018-11-29 14:05,,17.67,2731,17.69,17.67,17.69,,34.0
2018-11-29 14:10,,17.65,2731,17.67,17.63,17.67,,149.0
2018-11-29 14:15,,17.65,2731,17.65,17.65,17.65,,76.0
2018-11-29 14:20,,17.58,2731,17.65,17.55,17.65,,171.0
2018-11-29 14:25,,17.56,2731,17.61,17.56,17.58,,87.0
2018-11-29 14:30,,17.58,2731,17.6,17.56,17.56,,66.0
2018-11-29 14:35,,17.58,2731,17.58,17.58,17.58,,29.0
2018-11-29 14:40,,17.56,2731,17.59,17.56,17.58,,40.0
2018-11-29 14:45,,17.51,2731,17.56,17.5,17.56,,430.0
2018-11-29 14:50,,17.52,2731,17.53,17.5,17.51,,229.0
2018-11-29 14:55,,17.51,2731,17.58,17.51,17.52,,134.0
2018-11-29 15:00,,17.5,2731,17.58,17.5,17.51,,84.0
2018-11-30 09:35,,17.33,2731,17.46,17.33,17.45,,397.0
2018-11-30 09:40,,17.4,2731,17.4,17.33,17.33,,264.0
2018-11-30 09:45,,17.38,2731,17.45,17.38,17.4,,132.0
2018-11-30 09:50,,17.39,2731,17.39,17.34,17.38,,247.0
2018-11-30 09:55,,17.41,2731,17.41,17.36,17.39,,181.0
2018-11-30 10:00,,17.38,2731,17.44,17.38,17.41,,79.0
2018-11-30 10:05,,17.4,2731,17.45,17.38,17.38,,68.0
2018-11-30 10:10,,17.39,2731,17.4,17.38,17.4,,69.0
2018-11-30 10:15,,17.43,2731,17.43,17.39,17.39,,80.0
2018-11-30 10:20,,17.47,2731,17.49,17.43,17.43,,73.0
2018-11-30 10:25,,17.43,2731,17.47,17.43,17.47,,120.0
2018-11-30 10:30,,17.36,2731,17.43,17.36,17.43,,156.0
2018-11-30 10:35,,17.34,2731,17.36,17.33,17.36,,225.0
2018-11-30 10:40,,17.34,2731,17.35,17.34,17.34,,80.0
2018-11-30 10:45,,17.43,2731,17.43,17.34,17.34,,187.0
2018-11-30 10:50,,17.43,2731,17.49,17.43,17.43,,91.0
2018-11-30 10:55,,17.43,2731,17.43,17.43,17.43,,12.0
2018-11-30 11:00,,17.41,2731,17.43,17.41,17.43,,44.0
2018-11-30 11:05,,17.43,2731,17.43,17.41,17.41,,16.0
2018-11-30 11:10,,17.42,2731,17.43,17.42,17.43,,22.0
2018-11-30 11:15,,17.41,2731,17.43,17.41,17.42,,32.0
2018-11-30 11:20,,17.4,2731,17.41,17.4,17.41,,44.0
2018-11-30 11:25,,17.4,2731,17.4,17.4,17.4,,35.0
2018-11-30 11:30,,17.39,2731,17.4,17.39,17.4,,47.0
2018-11-30 13:05,,17.35,2731,17.39,17.35,17.39,,183.0
2018-11-30 13:10,,17.35,2731,17.41,17.35,17.35,,58.0
2018-11-30 13:15,,17.36,2731,17.4,17.34,17.35,,79.0
2018-11-30 13:20,,17.33,2731,17.36,17.33,17.36,,161.0
2018-11-30 13:25,,17.32,2731,17.33,17.3,17.33,,320.0
2018-11-30 13:30,,17.22,2731,17.32,17.22,17.32,,598.0
2018-11-30 13:35,,17.23,2731,17.28,17.22,17.22,,259.0
2018-11-30 13:40,,17.25,2731,17.25,17.22,17.23,,157.0
2018-11-30 13:45,,17.38,2731,17.38,17.24,17.25,,172.0
2018-11-30 13:50,,17.3,2731,17.38,17.3,17.38,,25.0
2018-11-30 13:55,,17.28,2731,17.3,17.28,17.3,,45.0
2018-11-30 14:00,,17.28,2731,17.3,17.27,17.28,,82.0
2018-11-30 14:05,,17.34,2731,17.34,17.28,17.28,,116.0
2018-11-30 14:10,,17.29,2731,17.34,17.29,17.34,,11.0
2018-11-30 14:15,,17.33,2731,17.33,17.28,17.29,,66.0
2018-11-30 14:20,,17.3,2731,17.33,17.29,17.33,,51.0
2018-11-30 14:25,,17.32,2731,17.33,17.3,17.3,,87.0
2018-11-30 14:30,,17.32,2731,17.33,17.32,17.32,,67.0
2018-11-30 14:35,,17.49,2731,17.49,17.32,17.32,,766.0
2018-11-30 14:40,,17.44,2731,17.6,17.44,17.49,,404.0
2018-11-30 14:45,,17.58,2731,17.58,17.44,17.44,,118.0
2018-11-30 14:50,,17.47,2731,17.58,17.46,17.58,,87.0
2018-11-30 14:55,,17.42,2731,17.47,17.4,17.47,,123.0
2018-11-30 15:00,,17.48,2731,17.48,17.4,17.42,,105.0
2018-12-03 09:35,,17.68,2731,17.83,17.68,17.7,,454.0
2018-12-03 09:40,,17.67,2731,17.71,17.65,17.68,,145.0
2018-12-03 09:45,,17.62,2731,17.67,17.61,17.67,,137.0
2018-12-03 09:50,,17.71,2731,17.71,17.62,17.62,,154.0
2018-12-03 09:55,,17.71,2731,17.71,17.65,17.71,,163.0
2018-12-03 10:00,,17.8,2731,17.8,17.71,17.71,,708.0
2018-12-03 10:05,,17.8,2731,17.8,17.7,17.8,,141.0
2018-12-03 10:10,,17.76,2731,17.8,17.76,17.8,,164.0
2018-12-03 10:15,,17.77,2731,17.8,17.76,17.76,,77.0
2018-12-03 10:20,,17.77,2731,17.8,17.75,17.77,,1367.0
2018-12-03 10:25,,17.76,2731,17.79,17.75,17.77,,530.0
2018-12-03 10:30,,17.8,2731,17.8,17.76,17.76,,210.0
2018-12-03 10:35,,17.85,2731,17.88,17.8,17.8,,275.0
2018-12-03 10:40,,17.89,2731,17.89,17.85,17.85,,425.0
2018-12-03 10:45,,17.9,2731,17.9,17.85,17.89,,351.0
2018-12-03 10:50,,17.9,2731,17.91,17.87,17.9,,661.0
2018-12-03 10:55,,17.88,2731,17.91,17.87,17.9,,72.0
2018-12-03 11:00,,17.84,2731,17.88,17.8,17.88,,1132.0
2018-12-03 11:05,,17.84,2731,17.84,17.78,17.84,,1644.0
2018-12-03 11:10,,17.82,2731,17.85,17.82,17.84,,33.0
2018-12-03 11:15,,17.86,2731,17.87,17.82,17.82,,208.0
2018-12-03 11:20,,17.91,2731,17.91,17.86,17.86,,150.0
2018-12-03 11:25,,17.92,2731,17.93,17.9,17.91,,326.0
2018-12-03 11:30,,17.94,2731,17.94,17.92,17.92,,191.0
2018-12-03 13:05,,17.94,2731,17.94,17.85,17.94,,161.0
2018-12-03 13:10,,18.2,2731,18.2,17.94,17.94,,1769.0
2018-12-03 13:15,,18.1,2731,18.24,18.07,18.2,,803.0
2018-12-03 13:20,,18.02,2731,18.1,18.02,18.1,,236.0
2018-12-03 13:25,,17.99,2731,18.03,17.99,18.02,,229.0
2018-12-03 13:30,,17.99,2731,18.0,17.99,17.99,,93.0
2018-12-03 13:35,,18.01,2731,18.01,17.97,17.99,,490.0
2018-12-03 13:40,,17.98,2731,18.01,17.98,18.01,,314.0
2018-12-03 13:45,,17.95,2731,17.98,17.95,17.98,,99.0
2018-12-03 13:50,,17.95,2731,17.98,17.95,17.95,,28.0
2018-12-03 13:55,,17.99,2731,17.99,17.95,17.95,,132.0
2018-12-03 14:00,,17.98,2731,18.0,17.98,17.99,,601.0
2018-12-03 14:05,,17.98,2731,17.99,17.98,17.98,,59.0
2018-12-03 14:10,,17.98,2731,17.99,17.98,17.98,,51.0
2018-12-03 14:15,,17.97,2731,17.98,17.95,17.98,,14.0
2018-12-03 14:20,,17.95,2731,17.97,17.95,17.97,,17.0
2018-12-03 14:25,,17.96,2731,17.96,17.94,17.95,,192.0
2018-12-03 14:30,,17.92,2731,17.96,17.91,17.96,,223.0
2018-12-03 14:35,,17.93,2731,17.93,17.92,17.92,,5.0
2018-12-03 14:40,,17.94,2731,17.94,17.91,17.93,,150.0
2018-12-03 14:45,,17.92,2731,17.94,17.91,17.94,,64.0
2018-12-03 14:50,,17.87,2731,17.92,17.87,17.92,,167.0
2018-12-03 14:55,,17.9,2731,17.92,17.85,17.87,,384.0
2018-12-03 15:00,,17.89,2731,17.92,17.86,17.9,,207.0
2018-12-04 09:35,,17.9,2731,17.91,17.88,17.89,,90.0
2018-12-04 09:40,,18.0,2731,18.17,17.9,17.9,,1299.0
2018-12-04 09:45,,17.95,2731,18.1,17.94,18.0,,699.0
2018-12-04 09:50,,17.96,2731,18.06,17.95,17.95,,513.0
2018-12-04 09:55,,17.95,2731,17.99,17.95,17.96,,53.0
2018-12-04 10:00,,17.99,2731,17.99,17.95,17.95,,73.0
2018-12-04 10:05,,17.95,2731,18.0,17.95,17.99,,75.0
2018-12-04 10:10,,17.86,2731,17.95,17.86,17.95,,111.0
2018-12-04 10:15,,17.87,2731,17.9,17.86,17.86,,50.0
2018-12-04 10:20,,17.93,2731,17.93,17.85,17.87,,414.0
2018-12-04 10:25,,17.94,2731,17.94,17.93,17.93,,98.0
2018-12-04 10:30,,17.93,2731,17.94,17.87,17.94,,49.0
2018-12-04 10:35,,17.94,2731,17.94,17.86,17.93,,235.0
2018-12-04 10:40,,17.87,2731,17.96,17.86,17.94,,255.0
2018-12-04 10:45,,17.88,2731,17.97,17.87,17.87,,44.0
2018-12-04 10:50,,17.87,2731,17.88,17.87,17.88,,14.0
2018-12-04 10:55,,17.87,2731,17.87,17.87,17.87,,5.0
2018-12-04 11:00,,17.96,2731,17.97,17.87,17.87,,95.0
2018-12-04 11:05,,17.96,2731,17.96,17.96,17.96,,11.0
2018-12-04 11:10,,17.88,2731,17.96,17.88,17.96,,12.0
2018-12-04 11:15,,17.95,2731,17.96,17.88,17.88,,14.0
2018-12-04 11:20,,17.88,2731,17.95,17.88,17.95,,12.0
2018-12-04 11:25,,17.88,2731,17.88,17.88,17.88,,11.0
2018-12-04 11:30,,17.94,2731,17.95,17.88,17.88,,176.0
2018-12-04 13:05,,17.88,2731,17.94,17.88,17.94,,79.0
2018-12-04 13:10,,17.87,2731,17.88,17.87,17.88,,26.0
2018-12-04 13:15,,17.86,2731,17.87,17.84,17.87,,125.0
2018-12-04 13:20,,17.87,2731,17.87,17.86,17.86,,14.0
2018-12-04 13:25,,17.9,2731,17.9,17.87,17.87,,40.0
2018-12-04 13:30,,17.9,2731,17.9,17.86,17.9,,55.0
2018-12-04 13:35,,17.87,2731,17.9,17.87,17.9,,32.0
2018-12-04 13:40,,17.84,2731,17.87,17.84,17.87,,218.0
2018-12-04 13:45,,17.87,2731,17.87,17.84,17.84,,6.0
2018-12-04 13:50,,17.86,2731,17.87,17.86,17.87,,19.0
2018-12-04 13:55,,17.86,2731,17.86,17.85,17.86,,43.0
2018-12-04 14:00,,17.87,2731,17.87,17.86,17.86,,10.0
2018-12-04 14:05,,17.89,2731,17.89,17.87,17.87,,24.0
2018-12-04 14:10,,17.9,2731,17.9,17.89,17.89,,45.0
2018-12-04 14:15,,17.91,2731,17.91,17.9,17.9,,57.0
2018-12-04 14:20,,17.9,2731,17.94,17.9,17.91,,130.0
2018-12-04 14:25,,17.89,2731,17.93,17.89,17.9,,22.0
2018-12-04 14:30,,17.94,2731,17.94,17.89,17.89,,62.0
2018-12-04 14:35,,17.93,2731,17.94,17.93,17.94,,194.0
2018-12-04 14:40,,17.86,2731,17.93,17.86,17.93,,385.0
2018-12-04 14:45,,17.84,2731,17.86,17.83,17.86,,669.0
2018-12-04 14:50,,17.93,2731,17.93,17.82,17.84,,793.0
2018-12-04 14:55,,17.9,2731,17.93,17.84,17.93,,286.0
2018-12-04 15:00,,17.9,2731,17.9,17.88,17.9,,192.0
2018-12-05 09:35,,17.81,2731,17.87,17.73,17.8,,497.0
2018-12-05 09:40,,17.7,2731,17.84,17.69,17.81,,630.0
2018-12-05 09:45,,17.85,2731,17.85,17.7,17.7,,311.0
2018-12-05 09:50,,17.84,2731,17.85,17.81,17.85,,180.0
2018-12-05 09:55,,17.81,2731,17.88,17.81,17.84,,132.0
2018-12-05 10:00,,17.88,2731,17.88,17.79,17.81,,268.0
2018-12-05 10:05,,17.88,2731,17.88,17.84,17.88,,27.0
2018-12-05 10:10,,17.9,2731,17.9,17.86,17.88,,96.0
2018-12-05 10:15,,17.85,2731,17.9,17.84,17.9,,49.0
2018-12-05 10:20,,17.88,2731,17.9,17.83,17.85,,115.0
2018-12-05 10:25,,17.89,2731,17.95,17.88,17.88,,258.0
2018-12-05 10:30,,17.88,2731,17.9,17.87,17.89,,55.0
2018-12-05 10:35,,18.0,2731,18.0,17.88,17.88,,574.0
2018-12-05 10:40,,18.1,2731,18.15,17.96,18.0,,1571.0
2018-12-05 10:45,,17.96,2731,18.1,17.95,18.1,,992.0
2018-12-05 10:50,,17.95,2731,18.05,17.95,17.96,,397.0
2018-12-05 10:55,,18.04,2731,18.05,17.95,17.95,,138.0
2018-12-05 11:00,,18.01,2731,18.05,18.01,18.04,,187.0
2018-12-05 11:05,,18.02,2731,18.02,18.01,18.01,,67.0
2018-12-05 11:10,,18.02,2731,18.03,18.01,18.02,,173.0
2018-12-05 11:15,,18.01,2731,18.02,18.01,18.02,,214.0
2018-12-05 11:20,,18.02,2731,18.02,18.0,18.01,,204.0
2018-12-05 11:25,,18.0,2731,18.02,17.96,18.02,,392.0
2018-12-05 11:30,,17.98,2731,18.02,17.97,18.0,,115.0
2018-12-05 13:05,,17.98,2731,17.99,17.98,17.98,,43.0
2018-12-05 13:10,,17.96,2731,18.0,17.96,17.98,,149.0
2018-12-05 13:15,,17.99,2731,18.0,17.9,17.96,,304.0
2018-12-05 13:20,,17.97,2731,17.99,17.91,17.99,,9.0
2018-12-05 13:25,,17.92,2731,17.97,17.92,17.97,,71.0
2018-12-05 13:30,,17.96,2731,17.96,17.92,17.92,,40.0
2018-12-05 13:35,,17.96,2731,17.96,17.96,17.96,,1.0
2018-12-05 13:40,,17.92,2731,17.96,17.91,17.96,,95.0
2018-12-05 13:45,,17.93,2731,17.96,17.92,17.92,,15.0
2018-12-05 13:50,,17.96,2731,17.96,17.93,17.93,,7.0
2018-12-05 13:55,,17.94,2731,17.96,17.94,17.96,,16.0
2018-12-05 14:00,,17.95,2731,17.96,17.92,17.94,,22.0
2018-12-05 14:05,,17.93,2731,17.95,17.93,17.95,,47.0
2018-12-05 14:10,,18.0,2731,18.0,17.93,17.93,,92.0
2018-12-05 14:15,,18.0,2731,18.0,17.98,18.0,,45.0
2018-12-05 14:20,,17.99,2731,18.0,17.99,18.0,,74.0
2018-12-05 14:25,,18.0,2731,18.0,17.99,17.99,,156.0
2018-12-05 14:30,,18.0,2731,18.0,17.99,18.0,,11.0
2018-12-05 14:35,,17.96,2731,18.0,17.95,18.0,,275.0
2018-12-05 14:40,,17.96,2731,17.96,17.95,17.96,,119.0
2018-12-05 14:45,,17.98,2731,17.98,17.95,17.96,,171.0
2018-12-05 14:50,,17.95,2731,17.98,17.95,17.98,,51.0
2018-12-05 14:55,,17.96,2731,17.96,17.95,17.95,,174.0
2018-12-05 15:00,,17.95,2731,17.96,17.95,17.96,,71.0
2018-12-06 09:35,,17.91,2731,18.03,17.84,18.03,,263.0
2018-12-06 09:40,,17.92,2731,17.93,17.84,17.91,,109.0
2018-12-06 09:45,,17.95,2731,17.95,17.86,17.92,,142.0
2018-12-06 09:50,,17.99,2731,17.99,17.95,17.95,,99.0
2018-12-06 09:55,,17.98,2731,17.99,17.95,17.99,,40.0
2018-12-06 10:00,,17.97,2731,17.98,17.95,17.98,,43.0
2018-12-06 10:05,,18.0,2731,18.0,17.97,17.97,,79.0
2018-12-06 10:10,,17.95,2731,18.0,17.95,18.0,,51.0
2018-12-06 10:15,,17.9,2731,17.95,17.89,17.95,,37.0
2018-12-06 10:20,,17.88,2731,17.9,17.86,17.9,,192.0
2018-12-06 10:25,,17.86,2731,17.88,17.85,17.88,,248.0
2018-12-06 10:30,,17.91,2731,17.92,17.86,17.86,,47.0
2018-12-06 10:35,,17.87,2731,17.91,17.86,17.91,,80.0
2018-12-06 10:40,,17.82,2731,17.88,17.82,17.87,,158.0
2018-12-06 10:45,,17.83,2731,17.85,17.82,17.82,,34.0
2018-12-06 10:50,,17.85,2731,17.85,17.83,17.83,,26.0
2018-12-06 10:55,,17.84,2731,17.85,17.84,17.85,,10.0
2018-12-06 11:00,,17.83,2731,17.84,17.83,17.84,,16.0
2018-12-06 11:05,,17.84,2731,17.84,17.83,17.83,,1.0
2018-12-06 11:10,,17.83,2731,17.84,17.83,17.84,,248.0
2018-12-06 11:15,,17.82,2731,17.83,17.82,17.83,,29.0
2018-12-06 11:20,,17.83,2731,17.83,17.82,17.82,,40.0
2018-12-06 11:25,,17.81,2731,17.83,17.81,17.83,,81.0
2018-12-06 11:30,,17.81,2731,17.82,17.81,17.81,,11.0
2018-12-06 13:05,,17.78,2731,17.81,17.78,17.81,,188.0
2018-12-06 13:10,,17.78,2731,17.78,17.78,17.78,,48.0
2018-12-06 13:15,,17.78,2731,17.8,17.78,17.78,,67.0
2018-12-06 13:20,,17.75,2731,17.78,17.75,17.78,,243.0
2018-12-06 13:25,,17.73,2731,17.78,17.73,17.75,,293.0
2018-12-06 13:30,,17.73,2731,17.75,17.72,17.73,,54.0
2018-12-06 13:35,,17.72,2731,17.73,17.71,17.73,,84.0
2018-12-06 13:40,,17.73,2731,17.73,17.71,17.72,,93.0
2018-12-06 13:45,,17.75,2731,17.75,17.72,17.73,,120.0
2018-12-06 13:50,,17.74,2731,17.75,17.72,17.75,,53.0
2018-12-06 13:55,,17.73,2731,17.75,17.73,17.74,,22.0
2018-12-06 14:00,,17.74,2731,17.74,17.72,17.73,,51.0
2018-12-06 14:05,,17.72,2731,17.74,17.72,17.74,,27.0
2018-12-06 14:10,,17.72,2731,17.73,17.72,17.72,,65.0
2018-12-06 14:15,,17.73,2731,17.73,17.72,17.72,,92.0
2018-12-06 14:20,,17.73,2731,17.77,17.73,17.73,,79.0
2018-12-06 14:25,,17.73,2731,17.74,17.73,17.73,,38.0
2018-12-06 14:30,,17.75,2731,17.75,17.72,17.73,,31.0
2018-12-06 14:35,,17.73,2731,17.75,17.73,17.75,,23.0
2018-12-06 14:40,,17.74,2731,17.79,17.73,17.73,,32.0
2018-12-06 14:45,,17.75,2731,17.76,17.74,17.74,,28.0
2018-12-06 14:50,,17.68,2731,17.75,17.68,17.75,,469.0
2018-12-06 14:55,,17.7,2731,17.7,17.68,17.68,,139.0
2018-12-06 15:00,,17.71,2731,17.74,17.68,17.7,,452.0
2018-12-07 09:35,,17.77,2731,17.88,17.76,17.81,,164.0
2018-12-07 09:40,,17.85,2731,17.85,17.71,17.77,,43.0
2018-12-07 09:45,,17.84,2731,17.85,17.7,17.85,,57.0
2018-12-07 09:50,,17.81,2731,17.84,17.72,17.84,,16.0
2018-12-07 09:55,,17.8,2731,17.81,17.72,17.81,,23.0
2018-12-07 10:00,,17.81,2731,17.81,17.79,17.8,,31.0
2018-12-07 10:05,,17.81,2731,17.82,17.76,17.81,,39.0
2018-12-07 10:10,,17.82,2731,17.82,17.81,17.81,,12.0
2018-12-07 10:15,,17.77,2731,17.82,17.77,17.82,,35.0
2018-12-07 10:20,,17.77,2731,17.77,17.76,17.77,,37.0
2018-12-07 10:25,,17.76,2731,17.77,17.76,17.77,,36.0
2018-12-07 10:30,,17.75,2731,17.79,17.75,17.76,,109.0
2018-12-07 10:35,,17.72,2731,17.75,17.72,17.75,,223.0
2018-12-07 10:40,,17.75,2731,17.75,17.72,17.72,,294.0
2018-12-07 10:45,,17.72,2731,17.75,17.72,17.75,,78.0
2018-12-07 10:50,,17.72,2731,17.72,17.72,17.72,,30.0
2018-12-07 10:55,,17.8,2731,17.8,17.72,17.72,,209.0
2018-12-07 11:00,,17.79,2731,17.8,17.66,17.8,,270.0
2018-12-07 11:05,,17.67,2731,17.79,17.66,17.79,,37.0
2018-12-07 11:10,,17.69,2731,17.69,17.67,17.67,,33.0
2018-12-07 11:15,,17.76,2731,17.76,17.69,17.69,,26.0
2018-12-07 11:20,,17.76,2731,17.76,17.76,17.76,,15.0
2018-12-07 11:25,,17.8,2731,17.8,17.76,17.76,,94.0
2018-12-07 11:30,,17.85,2731,17.87,17.8,17.8,,166.0
2018-12-07 13:05,,17.85,2731,17.85,17.85,17.85,,7.0
2018-12-07 13:10,,17.8,2731,17.85,17.8,17.85,,20.0
2018-12-07 13:15,,17.78,2731,17.8,17.78,17.8,,72.0
2018-12-07 13:20,,17.84,2731,17.84,17.78,17.78,,173.0
2018-12-07 13:25,,17.8,2731,17.87,17.8,17.84,,399.0
2018-12-07 13:30,,17.8,2731,17.86,17.78,17.8,,365.0
2018-12-07 13:35,,17.8,2731,17.84,17.8,17.8,,134.0
2018-12-07 13:40,,17.79,2731,17.84,17.79,17.8,,453.0
2018-12-07 13:45,,17.73,2731,17.8,17.73,17.79,,140.0
2018-12-07 13:50,,17.73,2731,17.73,17.72,17.73,,97.0
2018-12-07 13:55,,17.71,2731,17.73,17.71,17.73,,67.0
2018-12-07 14:00,,17.7,2731,17.71,17.7,17.71,,57.0
2018-12-07 14:05,,17.72,2731,17.72,17.7,17.7,,15.0
2018-12-07 14:10,,17.72,2731,17.72,17.7,17.72,,92.0
2018-12-07 14:15,,17.75,2731,17.75,17.71,17.72,,118.0
2018-12-07 14:20,,17.71,2731,17.75,17.71,17.75,,44.0
2018-12-07 14:25,,17.75,2731,17.75,17.71,17.71,,50.0
2018-12-07 14:30,,17.75,2731,17.75,17.74,17.75,,27.0
2018-12-07 14:35,,17.75,2731,17.75,17.72,17.75,,68.0
2018-12-07 14:40,,17.75,2731,17.75,17.75,17.75,,32.0
2018-12-07 14:45,,17.75,2731,17.75,17.7,17.75,,103.0
2018-12-07 14:50,,17.75,2731,17.76,17.75,17.75,,80.0
2018-12-07 14:55,,17.72,2731,17.76,17.71,17.75,,156.0
2018-12-07 15:00,,17.75,2731,17.75,17.71,17.72,,196.0
2018-12-10 09:35,,17.67,2731,17.75,17.65,17.72,,331.0
2018-12-10 09:40,,17.65,2731,17.75,17.65,17.67,,394.0
2018-12-10 09:45,,17.7,2731,17.7,17.65,17.65,,123.0
2018-12-10 09:50,,17.66,2731,17.73,17.66,17.7,,60.0
2018-12-10 09:55,,17.66,2731,17.73,17.66,17.66,,114.0
2018-12-10 10:00,,17.65,2731,17.7,17.65,17.66,,152.0
2018-12-10 10:05,,17.65,2731,17.69,17.65,17.65,,54.0
2018-12-10 10:10,,17.6,2731,17.69,17.55,17.65,,252.0
2018-12-10 10:15,,17.55,2731,17.6,17.55,17.6,,87.0
2018-12-10 10:20,,17.55,2731,17.65,17.55,17.55,,28.0
2018-12-10 10:25,,17.64,2731,17.64,17.55,17.55,,15.0
2018-12-10 10:30,,17.54,2731,17.64,17.54,17.64,,114.0
2018-12-10 10:35,,17.56,2731,17.64,17.54,17.54,,25.0
2018-12-10 10:40,,17.56,2731,17.63,17.55,17.56,,67.0
2018-12-10 10:45,,17.55,2731,17.56,17.55,17.56,,38.0
2018-12-10 10:50,,17.55,2731,17.55,17.55,17.55,,9.0
2018-12-10 10:55,,17.63,2731,17.63,17.55,17.55,,53.0
2018-12-10 11:00,,17.56,2731,17.63,17.56,17.63,,71.0
2018-12-10 11:05,,17.63,2731,17.63,17.56,17.56,,37.0
2018-12-10 11:10,,17.6,2731,17.63,17.6,17.63,,23.0
2018-12-10 11:15,,17.6,2731,17.6,17.54,17.6,,356.0
2018-12-10 11:20,,17.54,2731,17.6,17.54,17.6,,92.0
2018-12-10 11:25,,17.54,2731,17.54,17.53,17.54,,85.0
2018-12-10 11:30,,17.52,2731,17.54,17.52,17.54,,28.0
2018-12-10 13:05,,17.52,2731,17.53,17.52,17.52,,58.0
2018-12-10 13:10,,17.52,2731,17.52,17.52,17.52,,23.0
2018-12-10 13:15,,17.54,2731,17.54,17.52,17.52,,46.0
2018-12-10 13:20,,17.52,2731,17.54,17.52,17.54,,39.0
2018-12-10 13:25,,17.52,2731,17.54,17.52,17.52,,45.0
2018-12-10 13:30,,17.52,2731,17.52,17.51,17.52,,25.0
2018-12-10 13:35,,17.52,2731,17.54,17.51,17.52,,238.0
2018-12-10 13:40,,17.5,2731,17.52,17.5,17.52,,262.0
2018-12-10 13:45,,17.49,2731,17.51,17.49,17.5,,68.0
2018-12-10 13:50,,17.49,2731,17.53,17.49,17.49,,83.0
2018-12-10 13:55,,17.46,2731,17.49,17.46,17.49,,106.0
2018-12-10 14:00,,17.43,2731,17.54,17.42,17.46,,301.0
2018-12-10 14:05,,17.49,2731,17.5,17.43,17.43,,93.0
2018-12-10 14:10,,17.52,2731,17.53,17.44,17.49,,104.0
2018-12-10 14:15,,17.53,2731,17.53,17.47,17.52,,56.0
2018-12-10 14:20,,17.55,2731,17.55,17.53,17.53,,43.0
2018-12-10 14:25,,17.55,2731,17.55,17.49,17.55,,25.0
2018-12-10 14:30,,17.52,2731,17.55,17.52,17.55,,21.0
2018-12-10 14:35,,17.49,2731,17.52,17.49,17.52,,124.0
2018-12-10 14:40,,17.51,2731,17.54,17.49,17.49,,58.0
2018-12-10 14:45,,17.5,2731,17.55,17.5,17.51,,75.0
2018-12-10 14:50,,17.55,2731,17.55,17.5,17.5,,30.0
2018-12-10 14:55,,17.55,2731,17.55,17.54,17.55,,196.0
2018-12-10 15:00,,17.58,2731,17.58,17.55,17.55,,171.0
2018-12-11 09:35,,17.51,2731,17.63,17.49,17.61,,133.0
2018-12-11 09:40,,17.53,2731,17.55,17.51,17.51,,74.0
2018-12-11 09:45,,17.54,2731,17.58,17.53,17.53,,1138.0
2018-12-11 09:50,,17.51,2731,17.54,17.5,17.54,,157.0
2018-12-11 09:55,,17.5,2731,17.56,17.5,17.51,,44.0
2018-12-11 10:00,,17.49,2731,17.55,17.49,17.5,,82.0
2018-12-11 10:05,,17.52,2731,17.53,17.49,17.49,,35.0
2018-12-11 10:10,,17.55,2731,17.55,17.52,17.52,,56.0
2018-12-11 10:15,,17.5,2731,17.55,17.5,17.55,,72.0
2018-12-11 10:20,,17.51,2731,17.56,17.5,17.5,,134.0
2018-12-11 10:25,,17.56,2731,17.56,17.51,17.51,,68.0
2018-12-11 10:30,,17.53,2731,17.56,17.52,17.56,,52.0
2018-12-11 10:35,,17.57,2731,17.6,17.53,17.53,,146.0
2018-12-11 10:40,,17.6,2731,17.6,17.57,17.57,,63.0
2018-12-11 10:45,,17.59,2731,17.6,17.59,17.6,,27.0
2018-12-11 10:50,,17.57,2731,17.59,17.57,17.59,,20.0
2018-12-11 10:55,,17.57,2731,17.6,17.56,17.57,,30.0
2018-12-11 11:00,,17.6,2731,17.6,17.57,17.57,,22.0
2018-12-11 11:05,,17.6,2731,17.6,17.6,17.6,,20.0
2018-12-11 11:10,,17.58,2731,17.6,17.58,17.6,,25.0
2018-12-11 11:15,,17.73,2731,17.73,17.56,17.58,,448.0
2018-12-11 11:20,,17.7,2731,17.75,17.66,17.73,,326.0
2018-12-11 11:25,,17.67,2731,17.7,17.67,17.7,,206.0
2018-12-11 11:30,,17.66,2731,17.68,17.66,17.67,,83.0
2018-12-11 13:05,,17.68,2731,17.68,17.66,17.66,,90.0
2018-12-11 13:10,,17.65,2731,17.68,17.65,17.68,,96.0
2018-12-11 13:15,,17.68,2731,17.68,17.65,17.65,,37.0
2018-12-11 13:20,,17.68,2731,17.68,17.66,17.68,,49.0
2018-12-11 13:25,,17.68,2731,17.68,17.68,17.68,,29.0
2018-12-11 13:30,,17.66,2731,17.68,17.66,17.68,,54.0
2018-12-11 13:35,,17.68,2731,17.68,17.66,17.66,,34.0
2018-12-11 13:40,,17.68,2731,17.68,17.65,17.68,,60.0
2018-12-11 13:45,,17.68,2731,17.68,17.65,17.68,,37.0
2018-12-11 13:50,,17.68,2731,17.68,17.67,17.68,,77.0
2018-12-11 13:55,,17.66,2731,17.68,17.66,17.68,,97.0
2018-12-11 14:00,,17.64,2731,17.66,17.64,17.66,,205.0
2018-12-11 14:05,,17.61,2731,17.64,17.61,17.64,,200.0
2018-12-11 14:10,,17.65,2731,17.65,17.61,17.61,,53.0
2018-12-11 14:15,,17.65,2731,17.65,17.65,17.65,,8.0
2018-12-11 14:20,,17.64,2731,17.65,17.64,17.65,,25.0
2018-12-11 14:25,,17.64,2731,17.64,17.6,17.64,,80.0
2018-12-11 14:30,,17.64,2731,17.65,17.64,17.64,,15.0
2018-12-11 14:35,,17.6,2731,17.65,17.6,17.64,,111.0
2018-12-11 14:40,,17.62,2731,17.67,17.6,17.6,,168.0
2018-12-11 14:45,,17.65,2731,17.68,17.59,17.62,,277.0
2018-12-11 14:50,,17.68,2731,17.68,17.61,17.65,,89.0
2018-12-11 14:55,,17.65,2731,17.68,17.62,17.68,,304.0
2018-12-11 15:00,,17.68,2731,17.69,17.65,17.65,,598.0
2018-12-12 09:35,,17.62,2731,17.7,17.61,17.69,,38.0
2018-12-12 09:40,,17.63,2731,17.74,17.62,17.62,,49.0
2018-12-12 09:45,,17.64,2731,17.73,17.63,17.63,,10.0
2018-12-12 09:50,,17.66,2731,17.73,17.64,17.64,,146.0
2018-12-12 09:55,,17.71,2731,17.71,17.66,17.66,,153.0
2018-12-12 10:00,,17.72,2731,17.73,17.71,17.71,,24.0
2018-12-12 10:05,,17.7,2731,17.72,17.7,17.72,,62.0
2018-12-12 10:10,,17.7,2731,17.71,17.7,17.7,,32.0
2018-12-12 10:15,,17.68,2731,17.71,17.67,17.7,,64.0
2018-12-12 10:20,,17.71,2731,17.71,17.68,17.68,,134.0
2018-12-12 10:25,,17.67,2731,17.72,17.67,17.71,,174.0
2018-12-12 10:30,,17.68,2731,17.73,17.67,17.67,,112.0
2018-12-12 10:35,,17.68,2731,17.68,17.67,17.68,,103.0
2018-12-12 10:40,,17.68,2731,17.68,17.66,17.68,,232.0
2018-12-12 10:45,,17.7,2731,17.7,17.65,17.68,,153.0
2018-12-12 10:50,,17.67,2731,17.7,17.65,17.7,,17.0
2018-12-12 10:55,,17.7,2731,17.7,17.66,17.67,,32.0
2018-12-12 11:00,,17.73,2731,17.83,17.7,17.7,,583.0
2018-12-12 11:05,,17.71,2731,17.81,17.71,17.73,,483.0
2018-12-12 11:10,,17.81,2731,17.81,17.71,17.71,,75.0
2018-12-12 11:15,,17.7,2731,17.81,17.7,17.81,,14.0
2018-12-12 11:20,,17.72,2731,17.72,17.68,17.7,,144.0
2018-12-12 11:25,,17.67,2731,17.73,17.67,17.72,,35.0
2018-12-12 11:30,,17.67,2731,17.67,17.67,17.67,,13.0
2018-12-12 13:05,,17.69,2731,17.78,17.67,17.67,,81.0
2018-12-12 13:10,,17.78,2731,17.78,17.69,17.69,,58.0
2018-12-12 13:15,,17.72,2731,17.78,17.72,17.78,,11.0
2018-12-12 13:20,,17.78,2731,17.78,17.72,17.72,,63.0
2018-12-12 13:25,,17.77,2731,17.79,17.76,17.78,,113.0
2018-12-12 13:30,,17.81,2731,17.81,17.77,17.77,,153.0
2018-12-12 13:35,,17.75,2731,17.81,17.73,17.81,,66.0
2018-12-12 13:40,,17.73,2731,17.79,17.73,17.75,,103.0
2018-12-12 13:45,,17.76,2731,17.79,17.73,17.73,,87.0
2018-12-12 13:50,,17.72,2731,17.76,17.72,17.76,,23.0
2018-12-12 13:55,,17.79,2731,17.79,17.72,17.72,,80.0
2018-12-12 14:00,,17.72,2731,17.79,17.72,17.79,,108.0
2018-12-12 14:05,,17.75,2731,17.75,17.72,17.72,,209.0
2018-12-12 14:10,,17.76,2731,17.77,17.75,17.75,,30.0
2018-12-12 14:15,,17.76,2731,17.76,17.72,17.76,,140.0
2018-12-12 14:20,,17.76,2731,17.76,17.72,17.76,,58.0
2018-12-12 14:25,,17.78,2731,17.78,17.76,17.76,,36.0
2018-12-12 14:30,,17.76,2731,17.8,17.76,17.78,,354.0
2018-12-12 14:35,,17.72,2731,17.76,17.72,17.76,,136.0
2018-12-12 14:40,,17.78,2731,17.78,17.71,17.72,,118.0
2018-12-12 14:45,,17.73,2731,17.78,17.73,17.78,,44.0
2018-12-12 14:50,,17.76,2731,17.79,17.73,17.73,,218.0
2018-12-12 14:55,,17.78,2731,17.8,17.74,17.76,,325.0
2018-12-12 15:00,,17.73,2731,17.8,17.73,17.78,,343.0
2018-12-13 09:35,,17.67,2731,17.88,17.66,17.75,,1360.0
2018-12-13 09:40,,17.66,2731,17.7,17.65,17.67,,1881.0
2018-12-13 09:45,,17.65,2731,17.68,17.63,17.66,,1029.0
2018-12-13 09:50,,17.65,2731,17.69,17.62,17.65,,869.0
2018-12-13 09:55,,17.68,2731,17.68,17.65,17.65,,30.0
2018-12-13 10:00,,17.64,2731,17.7,17.62,17.68,,443.0
2018-12-13 10:05,,17.72,2731,17.76,17.64,17.64,,76.0
2018-12-13 10:10,,17.8,2731,17.84,17.72,17.72,,482.0
2018-12-13 10:15,,17.77,2731,17.85,17.75,17.8,,207.0
2018-12-13 10:20,,17.8,2731,17.87,17.77,17.77,,194.0
2018-12-13 10:25,,17.86,2731,17.86,17.8,17.8,,62.0
2018-12-13 10:30,,17.91,2731,17.91,17.86,17.86,,618.0
2018-12-13 10:35,,17.93,2731,17.95,17.9,17.91,,179.0
2018-12-13 10:40,,17.95,2731,17.96,17.93,17.93,,88.0
2018-12-13 10:45,,17.91,2731,17.97,17.91,17.95,,157.0
2018-12-13 10:50,,18.11,2731,18.11,17.9,17.91,,702.0
2018-12-13 10:55,,18.02,2731,18.26,18.02,18.11,,677.0
2018-12-13 11:00,,17.99,2731,18.06,17.96,18.02,,659.0
2018-12-13 11:05,,17.95,2731,17.99,17.95,17.99,,101.0
2018-12-13 11:10,,17.9,2731,17.95,17.86,17.95,,116.0
2018-12-13 11:15,,17.88,2731,17.9,17.88,17.9,,108.0
2018-12-13 11:20,,17.95,2731,17.95,17.88,17.88,,155.0
2018-12-13 11:25,,17.92,2731,17.95,17.91,17.95,,345.0
2018-12-13 11:30,,17.95,2731,17.95,17.91,17.92,,444.0
2018-12-13 13:05,,17.95,2731,17.99,17.91,17.95,,279.0
2018-12-13 13:10,,17.95,2731,17.95,17.95,17.95,,398.0
2018-12-13 13:15,,17.95,2731,17.95,17.92,17.95,,78.0
2018-12-13 13:20,,17.9,2731,17.95,17.9,17.95,,175.0
2018-12-13 13:25,,17.82,2731,17.9,17.82,17.9,,287.0
2018-12-13 13:30,,17.79,2731,17.85,17.78,17.82,,528.0
2018-12-13 13:35,,17.8,2731,17.8,17.79,17.79,,160.0
2018-12-13 13:40,,17.8,2731,17.8,17.75,17.8,,401.0
2018-12-13 13:45,,17.8,2731,17.8,17.8,17.8,,0.0
2018-12-13 13:50,,17.76,2731,17.8,17.76,17.8,,125.0
2018-12-13 13:55,,17.75,2731,17.77,17.75,17.76,,95.0
2018-12-13 14:00,,17.77,2731,17.77,17.75,17.75,,84.0
2018-12-13 14:05,,17.8,2731,17.8,17.77,17.77,,10.0
2018-12-13 14:10,,17.78,2731,17.8,17.78,17.8,,15.0
2018-12-13 14:15,,17.8,2731,17.8,17.78,17.78,,126.0
2018-12-13 14:20,,17.8,2731,17.8,17.8,17.8,,206.0
2018-12-13 14:25,,17.77,2731,17.8,17.77,17.8,,165.0
2018-12-13 14:30,,17.8,2731,17.8,17.77,17.77,,87.0
2018-12-13 14:35,,17.77,2731,17.8,17.77,17.8,,53.0
2018-12-13 14:40,,17.75,2731,17.8,17.75,17.77,,489.0
2018-12-13 14:45,,17.75,2731,17.76,17.75,17.75,,126.0
2018-12-13 14:50,,17.8,2731,17.8,17.74,17.75,,474.0
2018-12-13 14:55,,17.82,2731,17.9,17.8,17.8,,1407.0
2018-12-13 15:00,,17.85,2731,17.9,17.82,17.82,,369.0
2018-12-14 14:55,{},17.87,2731,17.88,17.8,17.81,3.8625,582.0
2018-12-14 15:00,{},17.87,2731,17.87,17.85,17.87,1.4468,218.0
2018-12-17 09:35,{},17.85,2731,17.94,17.77,17.87,1.0486,158.0
2018-12-17 09:40,{},17.72,2731,17.86,17.71,17.85,1.7919,270.0
2018-12-17 09:45,{},17.73,2731,17.85,17.72,17.72,0.3982,60.0
2018-12-17 09:50,{},17.74,2731,17.74,17.73,17.73,0.7367,111.0
2018-12-17 09:55,{},17.71,2731,17.74,17.71,17.74,0.9557,144.0
2018-12-17 10:00,{},17.66,2731,17.73,17.65,17.71,1.5264,230.0
2018-12-17 10:05,{},17.65,2731,17.67,17.63,17.66,0.6371,96.0
2018-12-17 10:10,{},17.64,2731,17.69,17.64,17.65,0.0995,15.0
2018-12-17 10:15,{},17.63,2731,17.69,17.63,17.64,0.657,99.0
2018-12-17 10:20,{},17.68,2731,17.8,17.63,17.63,0.6836,103.0
2018-12-17 10:25,{},17.62,2731,17.71,17.61,17.68,0.73,110.0
2018-12-17 10:30,{},17.63,2731,17.7,17.6,17.62,0.6902,104.0
2018-12-17 10:35,{},17.65,2731,17.65,17.63,17.63,0.3385,51.0
2018-12-17 10:40,{},17.68,2731,17.8,17.65,17.65,0.4911,74.0
2018-12-17 10:45,{},17.68,2731,17.68,17.68,17.68,0.0465,7.0
2018-12-17 10:50,{},17.7,2731,17.7,17.68,17.68,0.0531,8.0
2018-12-17 10:55,{},17.75,2731,17.75,17.7,17.7,0.3186,48.0
2018-12-17 11:00,{},17.76,2731,17.77,17.74,17.75,0.8296,125.0
2018-12-17 11:05,{},17.77,2731,17.77,17.7,17.76,0.6437,97.0
2018-12-17 11:10,{},17.7,2731,17.77,17.7,17.77,0.8163,123.0
2018-12-17 11:15,{},17.7,2731,17.71,17.7,17.7,0.3385,51.0
2018-12-17 11:20,{},17.7,2731,17.7,17.7,17.7,0.0863,13.0
2018-12-17 11:25,{},17.71,2731,17.71,17.68,17.7,0.0465,7.0
2018-12-17 11:30,{},17.69,2731,17.71,17.69,17.71,0.0531,8.0
2018-12-17 13:05,{},17.56,2731,17.7,17.56,17.69,17.9387,2703.0
2018-12-17 13:10,{},17.4,2731,17.56,17.4,17.56,6.9352,1045.0
2018-12-17 13:15,{},17.5,2731,17.5,17.36,17.4,8.2625,1245.0
2018-12-17 13:20,{},17.46,2731,17.52,17.45,17.5,0.8029999999999999,121.0
2018-12-17 13:25,{},17.35,2731,17.46,17.35,17.46,2.4024,362.0
2018-12-17 13:30,{},17.33,2731,17.43,17.3,17.35,1.7056,257.0
2018-12-17 13:35,{},17.35,2731,17.35,17.31,17.33,1.5065,227.0
2018-12-17 13:40,{},17.33,2731,17.35,17.32,17.35,1.1083,167.0
2018-12-17 13:45,{},17.35,2731,17.36,17.33,17.33,1.0353,156.0
2018-12-17 13:50,{},17.3,2731,17.35,17.3,17.35,2.1038,317.0
2018-12-17 13:55,{},17.28,2731,17.3,17.28,17.3,1.4069999999999998,212.0
2018-12-17 14:00,{},17.32,2731,17.32,17.28,17.28,1.2941,195.0
2018-12-17 14:05,{},17.3,2731,17.32,17.3,17.32,0.438,66.0
2018-12-17 14:10,{},17.17,2731,17.32,17.15,17.3,9.0988,1371.0
2018-12-17 14:15,{},17.06,2731,17.3,17.06,17.17,8.5413,1287.0
2018-12-17 14:20,{},17.1,2731,17.14,17.02,17.06,10.7778,1624.0
2018-12-17 14:25,{},17.13,2731,17.13,17.06,17.1,2.7144,409.0
2018-12-17 14:30,{},17.12,2731,17.14,17.11,17.13,0.4845,73.0
2018-12-17 14:35,{},17.12,2731,17.12,17.1,17.12,1.626,245.0
2018-12-17 14:40,{},17.09,2731,17.12,17.07,17.12,5.587999999999999,842.0
2018-12-17 14:45,{},17.08,2731,17.09,17.06,17.09,3.2453,489.0
2018-12-17 14:50,{},17.09,2731,17.09,17.05,17.08,3.4311,517.0
2018-12-17 14:55,{},17.09,2731,17.1,17.05,17.09,4.931,743.0
2018-12-17 15:00,{},17.13,2731,17.13,17.08,17.09,1.8251,275.0
2018-12-18 09:35,{},17.14,2731,17.14,16.87,16.9,65.8946,9929.0
2018-12-18 09:40,{},17.15,2731,17.34,17.13,17.14,4.0284,607.0
2018-12-18 09:45,{},17.23,2731,17.26,17.15,17.15,3.2718,493.0
2018-12-18 09:50,{},17.5,2731,17.5,17.23,17.23,4.6389999999999985,699.0
2018-12-18 09:55,{},17.45,2731,17.6,17.42,17.5,3.2984,497.0
2018-12-18 10:00,{},17.49,2731,17.5,17.42,17.45,1.9312,291.0
2018-12-18 10:05,{},17.41,2731,17.5,17.41,17.49,1.6392,247.0
2018-12-18 10:10,{},17.35,2731,17.41,17.35,17.41,2.2896,345.0
2018-12-18 10:15,{},17.32,2731,17.48,17.31,17.35,2.3892,360.0
2018-12-18 10:20,{},17.34,2731,17.39,17.32,17.32,1.4534,219.0
2018-12-18 10:25,{},17.34,2731,17.37,17.34,17.34,0.2854,43.0
2018-12-18 10:30,{},17.33,2731,17.37,17.33,17.34,0.2588,39.0
2018-12-18 10:35,{},17.32,2731,17.33,17.31,17.33,0.3451,52.0
2018-12-18 10:40,{},17.33,2731,17.36,17.32,17.32,0.2655,40.0
2018-12-18 10:45,{},17.35,2731,17.35,17.32,17.33,0.73,110.0
2018-12-18 10:50,{},17.37,2731,17.37,17.3,17.35,1.7587,265.0
2018-12-18 10:55,{},17.37,2731,17.37,17.35,17.37,0.2389,36.0
2018-12-18 11:00,{},17.35,2731,17.37,17.35,17.37,0.5177,78.0
2018-12-18 11:05,{},17.3,2731,17.35,17.25,17.35,1.0751,162.0
2018-12-18 11:10,{},17.3,2731,17.3,17.2,17.3,0.9158,138.0
2018-12-18 11:15,{},17.28,2731,17.31,17.28,17.3,0.2456,37.0
2018-12-18 11:20,{},17.2,2731,17.3,17.18,17.28,2.9931,451.0
2018-12-18 11:25,{},17.23,2731,17.3,17.16,17.2,1.4667,221.0
2018-12-18 11:30,{},17.3,2731,17.3,17.23,17.23,0.2256,34.0
2018-12-18 13:05,{},17.24,2731,17.3,17.2,17.3,0.8827,133.0
2018-12-18 13:10,{},17.22,2731,17.24,17.22,17.24,0.2057,31.0
2018-12-18 13:15,{},17.26,2731,17.27,17.22,17.22,0.5177,78.0
2018-12-18 13:20,{},17.17,2731,17.27,17.17,17.26,0.8959,135.0
2018-12-18 13:25,{},17.36,2731,17.36,17.15,17.17,3.2718,493.0
2018-12-18 13:30,{},17.25,2731,17.36,17.22,17.36,1.5861,239.0
2018-12-18 13:35,{},17.29,2731,17.3,17.25,17.25,0.3385,51.0
2018-12-18 13:40,{},17.29,2731,17.3,17.29,17.29,0.292,44.0
2018-12-18 13:45,{},17.29,2731,17.29,17.29,17.29,0.0398,6.0
2018-12-18 13:50,{},17.25,2731,17.3,17.25,17.29,0.3982,60.0
2018-12-18 13:55,{},17.27,2731,17.28,17.25,17.25,0.5376,81.0
2018-12-18 14:00,{},17.28,2731,17.28,17.26,17.27,0.3584,54.0
2018-12-18 14:05,{},17.28,2731,17.3,17.28,17.28,0.6637,100.0
2018-12-18 14:10,{},17.3,2731,17.3,17.27,17.28,0.3318,50.0
2018-12-18 14:15,{},17.29,2731,17.3,17.29,17.3,0.5243,79.0
2018-12-18 14:20,{},17.32,2731,17.32,17.29,17.29,0.4579,69.0
2018-12-18 14:25,{},17.34,2731,17.34,17.32,17.32,2.4555,370.0
2018-12-18 14:30,{},17.33,2731,17.34,17.33,17.34,0.2456,37.0
2018-12-18 14:35,{},17.37,2731,17.37,17.33,17.33,2.283,344.0
2018-12-18 14:40,{},17.36,2731,17.37,17.35,17.37,1.0685,161.0
2018-12-18 14:45,{},17.38,2731,17.38,17.36,17.36,0.8029999999999999,121.0
2018-12-18 14:50,{},17.36,2731,17.38,17.35,17.38,0.9225,139.0
2018-12-18 14:55,{},17.4,2731,17.4,17.36,17.36,2.1569,325.0
2018-12-18 15:00,{},17.38,2731,17.4,17.36,17.4,2.3162,349.0
2018-12-19 09:35,{},17.32,2731,17.47,17.32,17.42,3.5108,529.0
2018-12-19 09:40,{},17.32,2731,17.38,17.3,17.32,0.6902,104.0
2018-12-19 09:45,{},17.41,2731,17.42,17.3,17.32,0.7964,120.0
2018-12-19 09:50,{},17.33,2731,17.41,17.33,17.41,0.3318,50.0
2018-12-19 09:55,{},17.34,2731,17.36,17.33,17.33,0.1327,20.0
2018-12-19 10:00,{},17.33,2731,17.37,17.33,17.34,0.2655,40.0
2018-12-19 10:05,{},17.29,2731,17.33,17.28,17.33,1.4999,226.0
2018-12-19 10:10,{},17.29,2731,17.3,17.29,17.29,0.0664,10.0
2018-12-19 10:15,{},17.29,2731,17.3,17.29,17.29,0.1327,20.0
2018-12-19 10:20,{},17.28,2731,17.29,17.28,17.29,0.3053,46.0
2018-12-19 10:25,{},17.29,2731,17.29,17.28,17.28,0.3186,48.0
2018-12-19 10:30,{},17.25,2731,17.29,17.25,17.29,0.4579,69.0
2018-12-19 10:35,{},17.22,2731,17.26,17.21,17.25,0.4513,68.0
2018-12-19 10:40,{},17.24,2731,17.38,17.22,17.22,1.5795,238.0
2018-12-19 10:45,{},17.22,2731,17.35,17.22,17.24,1.4733,222.0
2018-12-19 10:50,{},17.22,2731,17.34,17.22,17.22,0.1726,26.0
2018-12-19 10:55,{},17.23,2731,17.23,17.22,17.22,0.0863,13.0
2018-12-19 11:00,{},17.24,2731,17.33,17.23,17.23,0.2124,32.0
2018-12-19 11:05,{},17.25,2731,17.34,17.24,17.24,0.1659,25.0
2018-12-19 11:10,{},17.25,2731,17.25,17.25,17.25,0.0796,12.0
2018-12-19 11:15,{},17.25,2731,17.25,17.25,17.25,0.0531,8.0
2018-12-19 11:20,{},17.24,2731,17.32,17.24,17.25,0.0664,10.0
2018-12-19 11:25,{},17.25,2731,17.32,17.24,17.24,0.1327,20.0
2018-12-19 11:30,{},17.25,2731,17.34,17.25,17.25,0.0597,9.0
2018-12-19 13:05,{},17.24,2731,17.3,17.24,17.25,0.3119,47.0
2018-12-19 13:10,{},17.3,2731,17.3,17.24,17.24,0.0465,7.0
2018-12-19 13:15,{},17.3,2731,17.3,17.3,17.3,0.0,0.0
2018-12-19 13:20,{},17.24,2731,17.3,17.24,17.3,0.0332,5.0
2018-12-19 13:25,{},17.24,2731,17.24,17.24,17.24,0.0796,12.0
2018-12-19 13:30,{},17.24,2731,17.24,17.24,17.24,0.0,0.0
2018-12-19 13:35,{},17.23,2731,17.24,17.23,17.24,0.3318,50.0
2018-12-19 13:40,{},17.3,2731,17.3,17.23,17.23,0.2456,37.0
2018-12-19 14:10,{},17.22,2731,17.25,17.22,17.24,0.5707,86.0
2018-12-19 14:15,{},17.24,2731,17.25,17.2,17.22,1.8715,282.0
2018-12-19 14:20,{},17.21,2731,17.24,17.21,17.24,0.6703,101.0
2018-12-19 14:25,{},17.2,2731,17.23,17.19,17.21,0.8561,129.0
2018-12-19 14:30,{},17.2,2731,17.23,17.2,17.2,0.1128,17.0
2018-12-19 14:35,{},17.2,2731,17.2,17.2,17.2,0.73,110.0
2018-12-19 14:40,{},17.21,2731,17.21,17.19,17.2,0.5508,83.0
2018-12-19 14:45,{},17.19,2731,17.21,17.19,17.21,0.9822,148.0
2018-12-19 14:50,{},17.25,2731,17.25,17.19,17.19,0.8561,129.0
2018-12-19 14:55,{},17.29,2731,17.29,17.2,17.25,1.918,289.0
2018-12-19 15:00,{},17.28,2731,17.3,17.28,17.29,0.5774,87.0
2018-12-20 09:35,{},17.27,2731,17.28,17.2,17.28,0.292,44.0
2018-12-20 09:40,{},17.26,2731,17.31,17.26,17.27,0.6437,97.0
2018-12-20 09:45,{},17.27,2731,17.28,17.26,17.26,0.2854,43.0
2018-12-20 09:50,{},17.21,2731,17.28,17.2,17.27,0.5575,84.0
2018-12-20 09:55,{},17.2,2731,17.25,17.2,17.21,0.5442,82.0
2018-12-20 10:00,{},17.24,2731,17.24,17.2,17.2,0.0995,15.0
2018-12-20 10:05,{},17.21,2731,17.24,17.21,17.24,0.4447,67.0
2018-12-20 10:10,{},17.31,2731,17.4,17.21,17.21,2.8006,422.0
2018-12-20 10:15,{},17.3,2731,17.32,17.3,17.31,0.5707,86.0
2018-12-20 10:20,{},17.26,2731,17.3,17.26,17.3,0.292,44.0
2018-12-20 10:25,{},17.25,2731,17.26,17.25,17.26,0.0398,6.0
2018-12-20 10:30,{},17.25,2731,17.25,17.25,17.25,0.0066,1.0
2018-12-20 10:35,{},17.24,2731,17.25,17.24,17.25,0.2787,42.0
2018-12-20 10:40,{},17.23,2731,17.24,17.2,17.24,1.3539,204.0
2018-12-20 10:45,{},17.28,2731,17.28,17.23,17.23,0.219,33.0
2018-12-20 10:50,{},17.23,2731,17.28,17.23,17.28,0.2389,36.0
2018-12-20 10:55,{},17.21,2731,17.23,17.21,17.23,0.0398,6.0
2018-12-20 11:00,{},17.26,2731,17.28,17.21,17.21,0.5177,78.0
2018-12-20 11:05,{},17.2,2731,17.26,17.2,17.26,0.1394,21.0
2018-12-20 11:10,{},17.2,2731,17.26,17.2,17.2,0.0863,13.0
2018-12-20 11:15,{},17.19,2731,17.21,17.19,17.2,0.7101,107.0
2018-12-20 11:20,{},17.18,2731,17.19,17.18,17.19,0.1792,27.0
2018-12-20 11:25,{},17.16,2731,17.21,17.16,17.18,0.3385,51.0
2018-12-20 11:30,{},17.16,2731,17.16,17.16,17.16,0.365,55.0
2018-12-20 13:05,{},17.13,2731,17.16,17.12,17.16,1.48,223.0
2018-12-20 13:10,{},17.13,2731,17.13,17.12,17.13,1.1614,175.0
2018-12-20 13:15,{},17.11,2731,17.14,17.1,17.13,1.7786,268.0
2018-12-20 13:20,{},17.19,2731,17.19,17.11,17.11,0.5508,83.0
2018-12-20 13:25,{},17.13,2731,17.19,17.13,17.19,0.4513,68.0
2018-12-20 13:30,{},17.14,2731,17.18,17.13,17.13,0.8097,122.0
2018-12-20 13:35,{},17.14,2731,17.15,17.14,17.14,0.2787,42.0
2018-12-20 13:40,{},17.13,2731,17.14,17.13,17.14,2.4024,362.0
2018-12-20 13:45,{},17.15,2731,17.15,17.13,17.13,0.1991,30.0
2018-12-20 13:50,{},17.2,2731,17.2,17.15,17.15,0.5044,76.0
2018-12-20 13:55,{},17.26,2731,17.26,17.2,17.2,3.7231,561.0
2018-12-20 14:00,{},17.28,2731,17.3,17.26,17.26,0.5575,84.0
2018-12-20 14:05,{},17.26,2731,17.28,17.26,17.28,0.2787,42.0
2018-12-20 14:10,{},17.27,2731,17.28,17.26,17.26,0.1858,28.0
2018-12-20 14:15,{},17.27,2731,17.28,17.24,17.27,0.1925,29.0
2018-12-20 14:20,{},17.28,2731,17.28,17.24,17.27,0.5044,76.0
2018-12-20 14:25,{},17.28,2731,17.28,17.26,17.28,0.1394,21.0
2018-12-20 14:30,{},17.28,2731,17.28,17.25,17.28,0.2124,32.0
2018-12-20 14:35,{},17.28,2731,17.28,17.27,17.28,0.2124,32.0
2018-12-20 14:40,{},17.27,2731,17.28,17.26,17.28,0.1792,27.0
2018-12-20 14:45,{},17.27,2731,17.28,17.25,17.27,5.8468,881.0
2018-12-20 14:50,{},17.29,2731,17.29,17.27,17.27,3.8426,579.0
2018-12-20 14:55,{},17.28,2731,17.29,17.25,17.29,1.4069999999999998,212.0
2018-12-20 15:00,{},17.27,2731,17.29,17.27,17.28,0.9889,149.0
2018-12-21 09:35,{},17.27,2731,17.38,17.27,17.38,3.0329,457.0
2018-12-21 09:40,{},17.25,2731,17.27,17.25,17.27,2.0042,302.0
2018-12-21 09:45,{},17.19,2731,17.29,17.19,17.25,1.0021,151.0
2018-12-21 09:50,{},17.2,2731,17.27,17.19,17.19,0.1991,30.0
2018-12-21 09:55,{},17.19,2731,17.2,17.19,17.2,0.2588,39.0
2018-12-21 10:00,{},17.19,2731,17.21,17.19,17.19,0.4579,69.0
2018-12-21 10:05,{},17.26,2731,17.26,17.18,17.19,0.7765,117.0
2018-12-21 10:10,{},17.2,2731,17.26,17.2,17.26,0.0199,3.0
2018-12-21 10:15,{},17.2,2731,17.2,17.19,17.2,0.0929,14.0
2018-12-21 10:20,{},17.18,2731,17.2,17.18,17.2,0.8229,124.0
2018-12-21 10:25,{},17.2,2731,17.2,17.18,17.18,0.8495,128.0
2018-12-21 10:30,{},17.27,2731,17.27,17.2,17.2,0.0664,10.0
2018-12-21 10:35,{},17.2,2731,17.27,17.2,17.27,0.0332,5.0
2018-12-21 10:40,{},17.27,2731,17.27,17.2,17.2,0.2057,31.0
2018-12-21 10:45,{},17.19,2731,17.27,17.19,17.27,0.4778,72.0
2018-12-21 10:50,{},17.18,2731,17.2,17.18,17.19,0.21899999999999997,33.0
2018-12-21 10:50,{},17.18,2731,17.2,17.18,17.19,0.219,33.0
2018-12-21 10:55,{},17.18,2731,17.18,17.17,17.18,0.3451,52.0
2018-12-21 11:00,{},17.18,2731,17.2,17.18,17.18,0.1526,23.0
2018-12-21 11:05,{},17.18,2731,17.19,17.18,17.18,0.1526,23.0
2018-12-21 11:10,{},17.17,2731,17.18,17.17,17.18,0.3517,53.0
2018-12-21 11:15,{},17.14,2731,17.17,17.14,17.17,0.9889,149.0
2018-12-21 11:20,{},17.16,2731,17.16,17.13,17.14,0.2522,38.0
2018-12-21 11:25,{},17.25,2731,17.26,17.16,17.16,0.2655,40.0
2018-12-21 11:30,{},17.25,2731,17.25,17.25,17.25,0.0,0.0
2018-12-21 13:05,{},17.17,2731,17.25,17.17,17.25,0.0863,13.0
2018-12-21 13:10,{},17.17,2731,17.17,17.17,17.17,0.0,0.0
2018-12-21 13:15,{},17.24,2731,17.24,17.17,17.17,0.0398,6.0
2018-12-21 13:20,{},17.23,2731,17.24,17.23,17.24,0.0332,5.0
2018-12-21 13:25,{},17.23,2731,17.23,17.17,17.23,0.21899999999999997,33.0
2018-12-21 13:25,{},17.23,2731,17.23,17.17,17.23,0.219,33.0
2018-12-21 13:30,{},17.2,2731,17.23,17.16,17.23,0.9756,147.0
2018-12-21 13:35,{},17.2,2731,17.2,17.16,17.2,0.7964,120.0
2018-12-21 13:40,{},17.18,2731,17.2,17.18,17.2,0.0133,2.0
2018-12-21 13:45,{},17.18,2731,17.18,17.17,17.18,0.1991,30.0
2018-12-21 13:50,{},17.15,2731,17.18,17.15,17.18,0.9490000000000001,143.0
2018-12-21 13:50,{},17.15,2731,17.18,17.15,17.18,0.949,143.0
2018-12-21 13:55,{},17.2,2731,17.2,17.15,17.15,0.3849,58.0
2018-12-21 14:00,{},17.2,2731,17.2,17.2,17.2,0.0597,9.0
2018-12-21 14:05,{},17.2,2731,17.2,17.2,17.2,0.0332,5.0
2018-12-21 14:10,{},17.15,2731,17.2,17.15,17.2,1.0088,152.0
2018-12-21 14:15,{},17.17,2731,17.19,17.15,17.15,0.7831,118.0
2018-12-21 14:20,{},17.18,2731,17.18,17.16,17.17,0.3849,58.0
2018-12-21 14:25,{},17.17,2731,17.2,17.16,17.18,1.7719999999999998,267.0
2018-12-21 14:30,{},17.17,2731,17.17,17.17,17.17,0.146,22.0
2018-12-21 14:35,{},17.23,2731,17.23,17.17,17.17,0.0664,10.0
2018-12-21 14:40,{},17.23,2731,17.23,17.23,17.23,0.1062,16.0
2018-12-21 14:45,{},17.23,2731,17.23,17.23,17.23,0.1593,24.0
2018-12-21 14:50,{},17.24,2731,17.24,17.23,17.23,0.073,11.0
2018-12-21 14:55,{},17.29,2731,17.29,17.17,17.24,2.3493,354.0
2018-12-21 15:00,{},17.29,2731,17.29,17.29,17.29,1.1349,171.0
2018-12-24 09:35,{},17.21,2731,17.32,17.21,17.29,2.1569,325.0
2018-12-24 09:40,{},17.22,2731,17.29,17.21,17.21,0.4048,61.0
2018-12-24 09:45,{},17.28,2731,17.29,17.22,17.22,0.2124,32.0
2018-12-24 09:50,{},17.28,2731,17.28,17.25,17.28,0.2456,37.0
2018-12-24 09:55,{},17.32,2731,17.32,17.27,17.28,2.9002,437.0
2018-12-24 10:00,{},17.32,2731,17.32,17.31,17.32,1.2145,183.0
2018-12-24 10:05,{},17.29,2731,17.32,17.28,17.32,0.4646,70.0
2018-12-24 10:10,{},17.31,2731,17.31,17.28,17.29,0.6305,95.0
2018-12-24 10:15,{},17.31,2731,17.32,17.31,17.31,0.4115,62.0
2018-12-24 10:20,{},17.3,2731,17.31,17.28,17.31,0.3584,54.0
2018-12-24 10:25,{},17.3,2731,17.3,17.3,17.3,0.8296,125.0
2018-12-24 10:30,{},17.32,2731,17.32,17.3,17.3,0.8893,134.0
2018-12-24 10:35,{},17.26,2731,17.32,17.26,17.32,7.433,1120.0
2018-12-24 10:40,{},17.3,2731,17.3,17.26,17.26,0.1261,19.0
2018-12-24 10:45,{},17.29,2731,17.3,17.29,17.3,0.1593,24.0
2018-12-24 10:50,{},17.3,2731,17.3,17.29,17.29,0.292,44.0
2018-12-24 10:55,{},17.3,2731,17.3,17.29,17.3,0.6437,97.0
2018-12-24 11:00,{},17.3,2731,17.3,17.29,17.3,0.2389,36.0
2018-12-24 11:05,{},17.31,2731,17.31,17.29,17.3,0.6836,103.0
2018-12-24 11:10,{},17.31,2731,17.32,17.31,17.31,1.168,176.0
2018-12-24 11:15,{},17.32,2731,17.32,17.31,17.31,1.1415,172.0
2018-12-24 11:20,{},17.32,2731,17.32,17.3,17.32,0.9291,140.0
2018-12-24 11:25,{},17.32,2731,17.32,17.32,17.32,0.6769,102.0
2018-12-24 11:30,{},17.34,2731,17.35,17.32,17.32,0.7831,118.0
2018-12-24 13:05,{},17.33,2731,17.34,17.32,17.34,0.9822,148.0
2018-12-24 13:10,{},17.33,2731,17.33,17.3,17.33,0.6504,98.0
2018-12-24 13:15,{},17.37,2731,17.37,17.33,17.33,5.0372,759.0
2018-12-24 13:20,{},17.35,2731,17.36,17.35,17.36,1.334,201.0
2018-12-24 13:25,{},17.35,2731,17.35,17.34,17.35,0.6039,91.0
2018-12-24 13:30,{},17.37,2731,17.37,17.33,17.35,1.0486,158.0
2018-12-24 13:35,{},17.37,2731,17.4,17.37,17.37,0.7101,107.0
2018-12-24 13:40,{},17.37,2731,17.37,17.35,17.37,0.0398,6.0
2018-12-24 13:45,{},17.39,2731,17.39,17.28,17.37,0.6504,98.0
2018-12-24 13:50,{},17.4,2731,17.4,17.38,17.39,0.3916,59.0
2018-12-24 13:55,{},17.39,2731,17.4,17.36,17.4,0.5707,86.0
2018-12-24 14:00,{},17.3,2731,17.39,17.3,17.39,0.6371,96.0
2018-12-24 14:05,{},17.33,2731,17.33,17.3,17.3,0.3451,52.0
2018-12-24 14:10,{},17.33,2731,17.33,17.33,17.33,0.4048,61.0
2018-12-24 14:15,{},17.33,2731,17.33,17.33,17.33,0.9026,136.0
2018-12-24 14:20,{},17.33,2731,17.35,17.33,17.33,0.1659,25.0
2018-12-24 14:25,{},17.35,2731,17.35,17.33,17.33,1.3207,199.0
2018-12-24 14:30,{},17.34,2731,17.35,17.34,17.35,1.2676,191.0
2018-12-24 14:35,{},17.3,2731,17.34,17.3,17.34,0.8561,129.0
2018-12-24 14:40,{},17.3,2731,17.3,17.29,17.3,0.365,55.0
2018-12-24 14:45,{},17.3,2731,17.3,17.29,17.3,0.584,88.0
2018-12-24 14:50,{},17.38,2731,17.38,17.3,17.3,2.5086,378.0
2018-12-24 14:55,{},17.34,2731,17.38,17.3,17.38,2.0772,313.0
2018-12-24 15:00,{},17.35,2731,17.35,17.34,17.34,1.022,154.0
2018-12-25 09:35,{},17.26,2731,17.35,17.26,17.35,0.6902,104.0
2018-12-25 09:40,{},17.28,2731,17.28,17.2,17.26,1.0021,151.0
2018-12-25 09:45,{},17.28,2731,17.28,17.28,17.28,0.0929,14.0
2018-12-25 09:50,{},17.29,2731,17.31,17.19,17.28,1.168,176.0
2018-12-25 09:55,{},17.15,2731,17.29,17.15,17.29,0.9092,137.0
2018-12-25 10:00,{},17.17,2731,17.2,17.15,17.15,0.8163,123.0
2018-12-25 10:05,{},17.17,2731,17.17,17.16,17.17,1.095,165.0
2018-12-25 10:10,{},17.2,2731,17.2,17.17,17.17,0.43799999999999994,66.0
2018-12-25 10:10,{},17.2,2731,17.2,17.17,17.17,0.438,66.0
2018-12-25 10:15,{},17.18,2731,17.27,17.18,17.2,0.0664,10.0
2018-12-25 10:20,{},17.18,2731,17.18,17.18,17.18,0.3186,48.0
2018-12-25 10:25,{},17.2,2731,17.25,17.17,17.18,2.5617,386.0
2018-12-25 10:30,{},17.18,2731,17.2,17.18,17.2,0.7898,119.0
2018-12-25 10:35,{},17.17,2731,17.2,17.17,17.18,0.9358,141.0
2018-12-25 10:40,{},17.17,2731,17.18,17.16,17.17,0.8163,123.0
2018-12-25 10:45,{},17.17,2731,17.19,17.17,17.17,0.73,110.0
2018-12-25 10:50,{},17.16,2731,17.19,17.16,17.17,0.3783,57.0
2018-12-25 10:55,{},17.11,2731,17.16,17.1,17.16,3.0860000000000003,465.0
2018-12-25 11:00,{},17.18,2731,17.18,17.11,17.11,0.3451,52.0
2018-12-25 11:05,{},17.09,2731,17.18,17.09,17.18,0.4447,67.0
2018-12-25 11:10,{},17.13,2731,17.18,17.09,17.09,0.2655,40.0
2018-12-25 11:15,{},17.13,2731,17.18,17.13,17.13,0.3053,46.0
2018-12-25 11:20,{},17.18,2731,17.18,17.1,17.13,0.5376,81.0
2018-12-25 11:25,{},17.18,2731,17.19,17.18,17.18,0.1858,28.0
2018-12-25 11:30,{},17.15,2731,17.18,17.15,17.18,0.1991,30.0
2018-12-25 13:05,{},17.18,2731,17.19,17.09,17.15,1.8118,273.0
2018-12-25 13:10,{},17.18,2731,17.18,17.13,17.18,0.7367,111.0
2018-12-25 13:15,{},17.18,2731,17.18,17.11,17.18,0.6637,100.0
2018-12-25 13:20,{},17.15,2731,17.18,17.12,17.18,0.0265,4.0
2018-12-25 13:25,{},17.17,2731,17.18,17.13,17.15,0.3186,48.0
2018-12-25 13:30,{},17.15,2731,17.17,17.15,17.17,0.146,22.0
2018-12-25 13:35,{},17.17,2731,17.17,17.15,17.15,0.0863,13.0
2018-12-25 13:40,{},17.19,2731,17.2,17.17,17.17,0.8959,135.0
2018-12-25 13:45,{},17.3,2731,17.35,17.19,17.19,4.2673,643.0
2018-12-25 13:50,{},17.26,2731,17.3,17.26,17.3,0.1593,24.0
2018-12-25 13:55,{},17.32,2731,17.32,17.26,17.26,0.3716,56.0
2018-12-25 14:00,{},17.36,2731,17.36,17.28,17.32,1.6724,252.0
2018-12-25 14:05,{},17.45,2731,17.45,17.31,17.36,3.6236,546.0
2018-12-25 14:10,{},17.3,2731,17.45,17.3,17.45,0.7831,118.0
2018-12-25 14:15,{},17.35,2731,17.35,17.3,17.3,0.2522,38.0
2018-12-25 14:20,{},17.35,2731,17.35,17.34,17.35,0.5442,82.0
2018-12-25 14:25,{},17.37,2731,17.37,17.31,17.35,0.2854,43.0
2018-12-25 14:30,{},17.37,2731,17.37,17.32,17.37,0.0531,8.0
2018-12-25 14:35,{},17.37,2731,17.38,17.37,17.37,1.1813,178.0
2018-12-25 14:40,{},17.38,2731,17.38,17.36,17.37,0.5044,76.0
2018-12-25 14:45,{},17.38,2731,17.38,17.37,17.38,0.8296,125.0
2018-12-25 14:50,{},17.38,2731,17.38,17.36,17.38,0.73,110.0
2018-12-25 14:55,{},17.38,2731,17.38,17.34,17.38,1.48,223.0
2018-12-25 15:00,{},17.38,2731,17.38,17.38,17.38,1.2809,193.0
2018-12-26 09:35,{},17.39,2731,17.45,17.37,17.37,2.8927,372.0
2018-12-26 09:40,{},17.4,2731,17.4,17.37,17.39,0.5754,74.0
2018-12-26 09:45,{},17.38,2731,17.4,17.36,17.4,0.8320000000000001,107.0
2018-12-26 09:50,{},17.37,2731,17.38,17.37,17.38,0.4277,55.0
2018-12-26 09:55,{},17.38,2731,17.38,17.37,17.37,0.0389,5.0
2018-12-26 10:00,{},17.35,2731,17.38,17.35,17.38,0.3499,45.0
2018-12-26 10:05,{},17.36,2731,17.36,17.35,17.35,1.3375,172.0
2018-12-26 10:10,{},17.33,2731,17.36,17.32,17.36,0.7932,102.0
2018-12-26 10:15,{},17.31,2731,17.33,17.31,17.33,0.1166,15.0
2018-12-26 10:20,{},17.3,2731,17.32,17.3,17.31,1.2208,157.0
2018-12-26 10:25,{},17.29,2731,17.3,17.29,17.3,0.1633,21.0
2018-12-26 10:30,{},17.27,2731,17.3,17.27,17.29,0.4743,61.0
2018-12-26 10:35,{},17.25,2731,17.28,17.25,17.27,0.9409,121.0
2018-12-26 10:40,{},17.23,2731,17.25,17.23,17.25,2.014,259.0
2018-12-26 10:40,{},17.23,2731,17.25,17.23,17.25,2.0140000000000002,259.0
2018-12-26 10:45,{},17.24,2731,17.24,17.23,17.23,0.6299,81.0
2018-12-26 10:50,{},17.23,2731,17.24,17.23,17.24,0.0389,5.0
2018-12-26 10:55,{},17.24,2731,17.24,17.23,17.23,0.0933,12.0
2018-12-26 11:00,{},17.25,2731,17.25,17.24,17.24,0.0156,2.0
2018-12-26 11:05,{},17.25,2731,17.25,17.25,17.25,0.1633,21.0
2018-12-26 11:20,{},17.28,2731,17.28,17.25,17.25,0.2411,31.0
2018-12-26 11:25,{},17.28,2731,17.28,17.25,17.28,0.21,27.0
2018-12-26 11:30,{},17.28,2731,17.28,17.28,17.28,0.1477,19.0
2018-12-26 13:05,{},17.28,2731,17.28,17.25,17.28,0.4199,54.0
2018-12-26 13:10,{},17.28,2731,17.28,17.25,17.28,0.2333,30.0
2018-12-26 13:15,{},17.28,2731,17.3,17.25,17.28,0.1944,25.0
2018-12-26 13:20,{},17.25,2731,17.28,17.25,17.28,0.21,27.0
2018-12-26 13:25,{},17.27,2731,17.27,17.25,17.25,0.2255,29.0
2018-12-26 13:30,{},17.28,2731,17.28,17.27,17.27,0.1477,19.0
2018-12-26 13:35,{},17.28,2731,17.28,17.25,17.28,0.9565,123.0
2018-12-26 13:40,{},17.26,2731,17.28,17.26,17.28,0.1322,17.0
2018-12-26 13:45,{},17.28,2731,17.28,17.25,17.26,0.1089,14.0
2018-12-26 13:50,{},17.28,2731,17.28,17.28,17.28,0.0933,12.0
2018-12-26 13:55,{},17.3,2731,17.3,17.25,17.28,0.2255,29.0
2018-12-26 14:00,{},17.3,2731,17.3,17.3,17.3,0.1711,22.0
2018-12-26 14:05,{},17.3,2731,17.3,17.3,17.3,0.1244,16.0
2018-12-26 14:10,{},17.3,2731,17.3,17.3,17.3,0.4432,57.0
2018-12-26 14:15,{},17.29,2731,17.3,17.26,17.3,0.0933,12.0
2018-12-26 14:20,{},17.29,2731,17.29,17.29,17.29,0.1244,16.0
2018-12-26 14:25,{},17.29,2731,17.3,17.27,17.29,0.1477,19.0
2018-12-26 14:30,{},17.3,2731,17.3,17.28,17.29,0.1711,22.0
2018-12-26 14:35,{},17.26,2731,17.3,17.26,17.3,3.6781,473.0
2018-12-26 14:40,{},17.28,2731,17.3,17.26,17.26,1.2675,163.0
2018-12-26 14:45,{},17.28,2731,17.3,17.28,17.28,0.21,27.0
2018-12-26 14:50,{},17.3,2731,17.3,17.28,17.28,0.1322,17.0
2018-12-26 14:55,{},17.25,2731,17.3,17.25,17.3,0.9642,124.0
2018-12-26 15:00,{},17.29,2731,17.29,17.25,17.25,0.1788,23.0
2018-12-27 09:35,{},17.38,2731,17.42,17.35,17.36,2.5661,330.0
2018-12-27 09:40,{},17.36,2731,17.38,17.36,17.38,0.0933,12.0
2018-12-27 09:45,{},17.3,2731,17.36,17.3,17.36,2.6283,338.0
2018-12-27 09:50,{},17.3,2731,17.3,17.3,17.3,0.2566,33.0
2018-12-27 09:55,{},17.3,2731,17.34,17.3,17.3,0.6065,78.0
2018-12-27 10:00,{},17.3,2731,17.35,17.3,17.3,0.5288,68.0
2018-12-27 10:05,{},17.3,2731,17.35,17.3,17.3,0.1711,22.0
2018-12-27 10:10,{},17.35,2731,17.35,17.3,17.3,0.0933,12.0
2018-12-27 10:15,{},17.3,2731,17.35,17.3,17.35,0.381,49.0
2018-12-27 10:20,{},17.3,2731,17.35,17.3,17.3,0.14,18.0
2018-12-27 10:25,{},17.34,2731,17.34,17.3,17.3,0.1711,22.0
2018-12-27 10:30,{},17.33,2731,17.34,17.33,17.34,0.0778,10.0
2018-12-27 10:35,{},17.25,2731,17.33,17.25,17.33,1.7263,222.0
2018-12-27 10:40,{},17.23,2731,17.3,17.23,17.25,0.2488,32.0
2018-12-27 10:45,{},17.22,2731,17.3,17.22,17.23,0.5443,70.0
2018-12-27 10:50,{},17.21,2731,17.23,17.21,17.22,0.6921,89.0
2018-12-27 10:55,{},17.21,2731,17.22,17.21,17.21,0.3188,41.0
2018-12-27 11:00,{},17.21,2731,17.21,17.21,17.21,0.0622,8.0
2018-12-27 11:05,{},17.21,2731,17.23,17.21,17.21,0.1011,13.0
2018-12-27 11:10,{},17.23,2731,17.23,17.21,17.21,0.2177,28.0
2018-12-27 11:15,{},17.28,2731,17.29,17.23,17.23,0.1166,15.0
2018-12-27 11:20,{},17.29,2731,17.29,17.23,17.28,0.1555,20.0
2018-12-27 11:25,{},17.23,2731,17.3,17.23,17.29,0.1322,17.0
2018-12-27 11:30,{},17.29,2731,17.29,17.21,17.23,2.2862,294.0
2018-12-27 13:05,{},17.28,2731,17.29,17.23,17.29,0.1477,19.0
2018-12-27 13:10,{},17.23,2731,17.3,17.23,17.28,0.2644,34.0
2018-12-27 13:15,{},17.23,2731,17.3,17.23,17.23,0.311,40.0
2018-12-27 13:20,{},17.23,2731,17.3,17.23,17.23,0.2255,29.0
2018-12-27 13:25,{},17.28,2731,17.28,17.23,17.23,0.2877,37.0
2018-12-27 13:30,{},17.23,2731,17.28,17.23,17.28,0.311,40.0
2018-12-27 13:35,{},17.23,2731,17.27,17.23,17.23,0.1166,15.0
2018-12-27 13:40,{},17.23,2731,17.23,17.21,17.23,0.4821,62.0
2018-12-27 13:45,{},17.2,2731,17.23,17.2,17.23,0.9409,121.0
2018-12-27 13:50,{},17.2,2731,17.2,17.18,17.2,0.4588,59.0
2018-12-27 13:55,{},17.19,2731,17.21,17.19,17.2,0.1555,20.0
2018-12-27 14:00,{},17.19,2731,17.2,17.19,17.19,0.1477,19.0
2018-12-27 14:05,{},17.18,2731,17.2,17.18,17.19,0.2333,30.0
2018-12-27 14:10,{},17.18,2731,17.2,17.18,17.18,0.1944,25.0
2018-12-27 14:15,{},17.16,2731,17.2,17.16,17.18,0.5677,73.0
2018-12-27 14:20,{},17.16,2731,17.16,17.15,17.16,1.3841,178.0
2018-12-27 14:25,{},17.15,2731,17.18,17.15,17.16,0.1555,20.0
2018-12-27 14:30,{},17.16,2731,17.18,17.15,17.15,0.7543,97.0
2018-12-27 14:35,{},17.13,2731,17.17,17.13,17.16,4.6423,597.0
2018-12-27 14:40,{},17.25,2731,17.28,17.13,17.13,1.1742,151.0
2018-12-27 14:45,{},17.25,2731,17.28,17.25,17.25,0.0855,11.0
2018-12-27 14:50,{},17.17,2731,17.25,17.17,17.25,1.7652,227.0
2018-12-27 14:55,{},17.28,2731,17.28,17.17,17.17,2.6827,345.0
2018-12-27 15:00,{},17.25,2731,17.28,17.17,17.28,0.8009,103.0
2018-12-28 09:35,{},17.35,2731,17.35,17.23,17.24,2.8227,363.0
2018-12-28 09:40,{},17.35,2731,17.46,17.35,17.35,5.8398,751.0
2018-12-28 09:45,{},17.36,2731,17.38,17.35,17.35,0.2799,36.0
2018-12-28 09:50,{},17.32,2731,17.38,17.32,17.36,0.8787,113.0
2018-12-28 09:55,{},17.32,2731,17.32,17.31,17.32,0.1477,19.0
2018-12-28 10:05,{},17.33,2731,17.34,17.31,17.32,0.7854,101.0
2018-12-28 10:10,{},17.3,2731,17.33,17.3,17.33,0.5443,70.0
2018-12-28 10:15,{},17.33,2731,17.34,17.3,17.3,0.1866,24.0
2018-12-28 10:20,{},17.34,2731,17.34,17.3,17.33,0.1477,19.0
2018-12-28 10:25,{},17.34,2731,17.34,17.32,17.34,0.14,18.0
2018-12-28 10:30,{},17.37,2731,17.37,17.32,17.34,1.5086,194.0
2018-12-28 10:35,{},17.31,2731,17.38,17.31,17.37,2.4806,319.0
2018-12-28 10:40,{},17.34,2731,17.35,17.31,17.31,0.1944,25.0
2018-12-28 10:45,{},17.31,2731,17.34,17.3,17.34,0.5365,69.0
2018-12-28 10:50,{},17.31,2731,17.31,17.31,17.31,0.2488,32.0
2018-12-28 10:55,{},17.31,2731,17.31,17.28,17.31,0.6921,89.0
2018-12-28 11:00,{},17.31,2731,17.31,17.3,17.31,0.1244,16.0
2018-12-28 11:05,{},17.3,2731,17.31,17.3,17.31,0.1166,15.0
2018-12-28 11:10,{},17.34,2731,17.34,17.29,17.3,0.1555,20.0
2018-12-28 11:15,{},17.34,2731,17.35,17.3,17.34,0.2255,29.0
2018-12-28 11:20,{},17.29,2731,17.34,17.29,17.34,0.2411,31.0
2018-12-28 11:25,{},17.3,2731,17.35,17.28,17.29,0.6687,86.0
2018-12-28 11:30,{},17.31,2731,17.35,17.3,17.3,0.1322,17.0
2018-12-28 13:05,{},17.31,2731,17.31,17.31,17.31,0.0156,2.0
2018-12-28 13:10,{},17.3,2731,17.34,17.3,17.31,0.3966,51.0
2018-12-28 13:15,{},17.3,2731,17.31,17.3,17.3,1.0575,136.0
2018-12-28 13:20,{},17.29,2731,17.31,17.29,17.3,0.2177,28.0
2018-12-28 13:25,{},17.29,2731,17.3,17.29,17.29,0.0544,7.0
2018-12-28 13:30,{},17.29,2731,17.3,17.29,17.29,0.1166,15.0
2018-12-28 13:35,{},17.29,2731,17.3,17.28,17.29,0.1866,24.0
2018-12-28 13:40,{},17.31,2731,17.31,17.29,17.29,0.14,18.0
2018-12-28 13:45,{},17.25,2731,17.31,17.24,17.31,0.3188,41.0
2018-12-28 13:50,{},17.25,2731,17.3,17.25,17.25,0.1244,16.0
2018-12-28 13:55,{},17.27,2731,17.28,17.25,17.25,0.0778,10.0
2018-12-28 14:00,{},17.26,2731,17.27,17.25,17.27,0.07,9.0
2018-12-28 14:05,{},17.24,2731,17.26,17.24,17.26,0.1089,14.0
2018-12-28 14:10,{},17.22,2731,17.24,17.22,17.24,0.2411,31.0
2018-12-28 14:15,{},17.23,2731,17.24,17.22,17.22,0.2955,38.0
2018-12-28 14:20,{},17.24,2731,17.24,17.23,17.23,0.1089,14.0
2018-12-28 14:25,{},17.23,2731,17.24,17.23,17.24,0.21,27.0
2018-12-28 14:30,{},17.21,2731,17.23,17.21,17.23,0.5443,70.0
2018-12-28 14:35,{},17.2,2731,17.22,17.2,17.21,0.7698,99.0
2018-12-28 14:40,{},17.25,2731,17.3,17.2,17.2,0.7232,93.0
2018-12-28 14:45,{},17.27,2731,17.27,17.25,17.25,0.0233,3.0
2018-12-28 14:50,{},17.28,2731,17.28,17.25,17.27,0.1788,23.0
2018-12-28 14:55,{},17.29,2731,17.29,17.25,17.28,0.7465,96.0
2018-12-28 15:00,{},17.3,2731,17.3,17.28,17.29,0.9953,128.0
2019-01-02 09:35,{},17.28,2731,17.39,17.28,17.34,0.4666,60.0
2019-01-02 09:40,{},17.3,2731,17.3,17.25,17.28,0.4977,64.0
2019-01-02 09:45,{},17.3,2731,17.3,17.25,17.3,0.0467,6.0
2019-01-02 09:50,{},17.25,2731,17.3,17.24,17.3,0.6998,90.0
2019-01-02 09:55,{},17.25,2731,17.25,17.22,17.25,0.2722,35.0
2019-01-02 10:00,{},17.22,2731,17.25,17.22,17.25,0.0622,8.0
2019-01-02 10:05,{},17.23,2731,17.29,17.22,17.22,0.0544,7.0
2019-01-02 10:10,{},17.29,2731,17.29,17.23,17.23,0.1244,16.0
2019-01-02 10:15,{},17.27,2731,17.29,17.27,17.29,0.1011,13.0
2019-01-02 10:20,{},17.28,2731,17.28,17.27,17.27,0.1555,20.0
2019-01-02 10:25,{},17.29,2731,17.3,17.25,17.28,2.6361,339.0
2019-01-02 10:30,{},17.28,2731,17.3,17.28,17.29,1.7418,224.0
2019-01-02 10:35,{},17.25,2731,17.3,17.23,17.28,0.8787,113.0
2019-01-02 10:40,{},17.24,2731,17.25,17.23,17.25,0.6221,80.0
2019-01-02 10:45,{},17.25,2731,17.25,17.24,17.24,0.7854,101.0
2019-01-02 10:50,{},17.32,2731,17.32,17.25,17.25,0.5288,68.0
2019-01-02 10:55,{},17.32,2731,17.32,17.25,17.32,0.7154,92.0
2019-01-02 11:00,{},17.32,2731,17.32,17.31,17.32,0.5132,66.0
2019-01-02 11:05,{},17.32,2731,17.32,17.27,17.32,0.6687,86.0
2019-01-02 11:10,{},17.38,2731,17.38,17.26,17.32,0.4899,63.0
2019-01-02 11:15,{},17.3,2731,17.38,17.26,17.38,0.8398,108.0
2019-01-02 11:20,{},17.33,2731,17.33,17.3,17.3,0.2644,34.0
2019-01-02 11:25,{},17.35,2731,17.35,17.32,17.33,0.3421,44.0
2019-01-02 11:30,{},17.35,2731,17.35,17.35,17.35,0.1866,24.0
2019-01-02 13:05,{},17.28,2731,17.35,17.28,17.35,0.4821,62.0
2019-01-02 13:10,{},17.22,2731,17.28,17.21,17.28,1.1897,153.0
2019-01-02 13:15,{},17.21,2731,17.22,17.21,17.22,0.5365,69.0
2019-01-02 13:20,{},17.22,2731,17.22,17.17,17.21,1.9285,248.0
2019-01-02 13:25,{},17.2,2731,17.22,17.2,17.22,0.1244,16.0
2019-01-02 13:30,{},17.19,2731,17.22,17.19,17.2,0.1633,21.0
2019-01-02 13:35,{},17.2,2731,17.22,17.19,17.19,0.7621,98.0
2019-01-02 13:40,{},17.22,2731,17.22,17.2,17.2,0.1166,15.0
2019-01-02 13:45,{},17.19,2731,17.22,17.19,17.22,0.1711,22.0
2019-01-02 13:50,{},17.22,2731,17.22,17.19,17.19,0.1322,17.0
2019-01-02 13:55,{},17.21,2731,17.22,17.19,17.22,0.2722,35.0
2019-01-02 14:00,{},17.21,2731,17.21,17.17,17.21,0.9331,120.0
2019-01-02 14:05,{},17.21,2731,17.21,17.17,17.21,0.3888,50.0
2019-01-02 14:10,{},17.2,2731,17.22,17.2,17.21,0.902,116.0
2019-01-02 14:15,{},17.22,2731,17.22,17.2,17.2,0.1089,14.0
2019-01-02 14:20,{},17.19,2731,17.22,17.16,17.22,0.1555,20.0
2019-01-02 14:25,{},17.2,2731,17.2,17.19,17.19,0.0622,8.0
2019-01-02 14:30,{},17.22,2731,17.22,17.18,17.2,1.7963,231.0
2019-01-02 14:35,{},17.2,2731,17.25,17.2,17.22,0.5988,77.0
2019-01-02 14:40,{},17.24,2731,17.25,17.2,17.2,0.8865,114.0
2019-01-02 14:45,{},17.25,2731,17.25,17.22,17.24,0.5521,71.0
2019-01-02 14:50,{},17.24,2731,17.25,17.21,17.25,0.8942,115.0
2019-01-02 14:55,{},17.3,2731,17.3,17.21,17.24,4.3779,563.0
2019-01-02 15:00,{},17.31,2731,17.31,17.25,17.3,2.2084,284.0
2019-01-03 09:35,{},17.31,2731,17.38,17.3,17.3,0.6454,83.0
2019-01-03 09:40,{},17.3,2731,17.33,17.3,17.31,0.5054,65.0
2019-01-03 09:45,{},17.3,2731,17.3,17.28,17.3,0.1633,21.0
2019-01-03 09:50,{},17.29,2731,17.31,17.28,17.3,0.591,76.0
2019-01-03 09:55,{},17.28,2731,17.29,17.25,17.29,0.8165,105.0
2019-01-03 10:00,{},17.25,2731,17.28,17.25,17.28,0.2644,34.0
2019-01-03 10:05,{},17.27,2731,17.27,17.25,17.25,0.21,27.0
2019-01-03 10:10,{},17.24,2731,17.27,17.24,17.27,0.1166,15.0
2019-01-03 10:15,{},17.1,2731,17.25,17.1,17.24,11.1975,1440.0
2019-01-03 10:20,{},17.2,2731,17.22,17.1,17.1,0.1866,24.0
2019-01-03 10:25,{},17.13,2731,17.2,17.13,17.2,0.0389,5.0
2019-01-03 10:30,{},17.1,2731,17.13,17.08,17.13,7.0451,906.0
2019-01-03 10:35,{},17.1,2731,17.14,17.1,17.1,0.2644,34.0
2019-01-03 10:40,{},17.12,2731,17.13,17.07,17.1,2.8927,372.0
2019-01-03 10:45,{},17.09,2731,17.12,17.09,17.12,0.3966,51.0
2019-01-03 10:50,{},17.09,2731,17.09,17.05,17.09,6.0187,774.0
2019-01-03 10:55,{},17.1,2731,17.1,17.07,17.09,0.3499,45.0
2019-01-03 11:00,{},17.07,2731,17.1,17.07,17.1,0.0233,3.0
2019-01-03 11:05,{},17.06,2731,17.07,17.05,17.07,1.1353,146.0
2019-01-03 11:10,{},17.09,2731,17.09,17.06,17.06,0.0311,4.0
2019-01-03 11:15,{},17.09,2731,17.09,17.09,17.09,0.0389,5.0
2019-01-03 11:20,{},17.1,2731,17.13,17.09,17.09,0.1711,22.0
2019-01-03 11:25,{},17.2,2731,17.2,17.1,17.1,0.21,27.0
2019-01-03 11:30,{},17.21,2731,17.21,17.2,17.2,0.07,9.0
2019-01-03 13:05,{},17.19,2731,17.21,17.19,17.21,0.0778,10.0
2019-01-03 13:10,{},17.16,2731,17.19,17.16,17.19,0.0544,7.0
2019-01-03 13:15,{},17.17,2731,17.19,17.16,17.16,0.0467,6.0
2019-01-03 13:20,{},17.12,2731,17.17,17.12,17.17,0.14,18.0
2019-01-03 13:25,{},17.19,2731,17.19,17.12,17.12,0.0233,3.0
2019-01-03 13:30,{},17.18,2731,17.19,17.18,17.19,0.0778,10.0
2019-01-03 13:35,{},17.18,2731,17.18,17.18,17.18,0.0855,11.0
2019-01-03 13:40,{},17.15,2731,17.18,17.15,17.18,0.07,9.0
2019-01-03 13:45,{},17.18,2731,17.18,17.15,17.15,0.4821,62.0
2019-01-03 13:50,{},17.17,2731,17.18,17.16,17.18,0.3577,46.0
2019-01-03 13:55,{},17.18,2731,17.18,17.16,17.17,0.21,27.0
2019-01-03 14:00,{},17.18,2731,17.18,17.18,17.18,0.1166,15.0
2019-01-03 14:05,{},17.16,2731,17.18,17.16,17.18,0.1244,16.0
2019-01-03 14:10,{},17.16,2731,17.18,17.16,17.16,0.1322,17.0
2019-01-03 14:15,{},17.17,2731,17.17,17.16,17.16,0.07,9.0
2019-01-03 14:20,{},17.15,2731,17.17,17.15,17.17,0.1477,19.0
2019-01-03 14:25,{},17.17,2731,17.17,17.15,17.15,0.0622,8.0
2019-01-03 14:30,{},17.15,2731,17.18,17.15,17.17,0.1788,23.0
2019-01-03 14:35,{},17.15,2731,17.18,17.15,17.15,0.0544,7.0
2019-01-03 14:40,{},17.15,2731,17.18,17.15,17.15,0.1244,16.0
2019-01-03 14:45,{},17.15,2731,17.18,17.15,17.15,0.1089,14.0
2019-01-03 14:50,{},17.13,2731,17.18,17.13,17.15,0.4432,57.0
2019-01-03 14:55,{},17.17,2731,17.17,17.13,17.13,0.3344,43.0
2019-01-03 15:00,{},17.13,2731,17.17,17.13,17.17,0.4432,57.0
2019-01-04 09:35,{},17.13,2731,17.13,17.08,17.13,0.8787,113.0
2019-01-04 09:40,{},17.12,2731,17.13,17.07,17.13,0.5521,71.0
2019-01-04 09:45,{},17.14,2731,17.14,17.06,17.12,0.6143,79.0
2019-01-04 09:50,{},17.12,2731,17.14,17.12,17.14,0.1555,20.0
2019-01-04 09:55,{},17.11,2731,17.12,17.1,17.12,0.3188,41.0
2019-01-04 10:00,{},17.11,2731,17.11,17.1,17.11,0.0544,7.0
2019-01-04 10:05,{},17.08,2731,17.11,17.08,17.11,0.1011,13.0
2019-01-04 10:10,{},17.1,2731,17.1,17.08,17.08,0.1866,24.0
2019-01-04 10:15,{},17.08,2731,17.1,17.08,17.1,0.0622,8.0
2019-01-04 10:20,{},17.1,2731,17.1,17.08,17.08,0.0544,7.0
2019-01-04 10:25,{},17.1,2731,17.1,17.08,17.1,0.4199,54.0
2019-01-04 10:30,{},17.15,2731,17.15,17.1,17.1,0.0778,10.0
2019-01-04 10:35,{},17.14,2731,17.15,17.14,17.15,0.311,40.0
2019-01-04 10:40,{},17.1,2731,17.14,17.1,17.14,0.0078,1.0
2019-01-04 10:45,{},17.17,2731,17.17,17.1,17.1,0.1788,23.0
2019-01-04 10:55,{},17.17,2731,17.17,17.17,17.17,0.1555,20.0
2019-01-04 11:00,{},17.17,2731,17.18,17.14,17.17,0.972,125.0
2019-01-04 11:05,{},17.15,2731,17.2,17.15,17.17,0.9953,128.0
2019-01-04 11:10,{},17.16,2731,17.19,17.15,17.15,0.2644,34.0
2019-01-04 11:15,{},17.13,2731,17.16,17.13,17.16,0.2022,26.0
2019-01-04 11:20,{},17.19,2731,17.19,17.13,17.13,1.7418,224.0
2019-01-04 11:25,{},17.19,2731,17.19,17.19,17.19,0.2333,30.0
2019-01-04 11:30,{},17.28,2731,17.28,17.19,17.19,2.3017,296.0
2019-01-04 13:05,{},17.29,2731,17.29,17.28,17.28,0.7621,98.0
2019-01-04 13:10,{},17.29,2731,17.3,17.29,17.29,0.7854,101.0
2019-01-04 13:15,{},17.29,2731,17.29,17.28,17.29,0.521,67.0
2019-01-04 13:20,{},17.28,2731,17.3,17.28,17.29,2.4495,315.0
2019-01-04 13:25,{},17.27,2731,17.28,17.25,17.28,0.2333,30.0
2019-01-04 13:30,{},17.25,2731,17.27,17.25,17.27,0.5054,65.0
2019-01-04 13:35,{},17.23,2731,17.26,17.23,17.25,0.8165,105.0
2019-01-04 13:40,{},17.24,2731,17.24,17.22,17.23,0.8631,111.0
2019-01-04 13:45,{},17.21,2731,17.25,17.21,17.24,1.944,250.0
2019-01-04 13:50,{},17.2,2731,17.21,17.2,17.21,0.4899,63.0
2019-01-04 13:55,{},17.22,2731,17.22,17.2,17.2,0.9642,124.0
2019-01-04 14:00,{},17.27,2731,17.27,17.2,17.22,0.7543,97.0
2019-01-04 14:05,{},17.2,2731,17.28,17.2,17.27,0.311,40.0
2019-01-04 14:10,{},17.21,2731,17.25,17.2,17.2,0.0311,4.0
2019-01-04 14:15,{},17.21,2731,17.24,17.21,17.21,0.1166,15.0
2019-01-04 14:20,{},17.25,2731,17.25,17.21,17.21,0.0389,5.0
2019-01-04 14:25,{},17.21,2731,17.25,17.21,17.25,0.2566,33.0
2019-01-04 14:30,{},17.24,2731,17.24,17.21,17.21,0.07,9.0
2019-01-04 14:35,{},17.25,2731,17.25,17.24,17.24,0.5677,73.0
2019-01-04 14:40,{},17.28,2731,17.28,17.25,17.25,0.3655,47.0
2019-01-04 14:45,{},17.28,2731,17.28,17.28,17.28,0.0389,5.0
2019-01-04 14:50,{},17.26,2731,17.28,17.26,17.28,0.902,116.0
2019-01-04 14:55,{},17.27,2731,17.28,17.26,17.26,0.3499,45.0
2019-01-04 15:00,{},17.28,2731,17.28,17.27,17.27,0.8787,113.0
2019-01-07 09:35,{},17.35,2731,17.4,17.33,17.35,1.5941,205.0
2019-01-07 09:40,{},17.3,2731,17.35,17.3,17.35,0.5054,65.0
2019-01-07 09:45,{},17.31,2731,17.31,17.3,17.3,0.0855,11.0
2019-01-07 09:50,{},17.31,2731,17.31,17.31,17.31,0.2411,31.0
2019-01-07 09:55,{},17.3,2731,17.31,17.3,17.31,0.3733,48.0
2019-01-07 10:00,{},17.3,2731,17.3,17.3,17.3,0.1477,19.0
2019-01-07 10:05,{},17.3,2731,17.3,17.28,17.3,0.4588,59.0
2019-01-07 10:10,{},17.23,2731,17.3,17.23,17.3,0.2722,35.0
2019-01-07 10:15,{},17.2,2731,17.23,17.2,17.23,0.4899,63.0
2019-01-07 10:20,{},17.22,2731,17.22,17.16,17.2,1.2364,159.0
2019-01-07 10:25,{},17.25,2731,17.25,17.22,17.22,0.4432,57.0
2019-01-07 10:30,{},17.25,2731,17.25,17.25,17.25,0.4743,61.0
2019-01-07 10:35,{},17.25,2731,17.25,17.22,17.25,0.2488,32.0
2019-01-07 10:40,{},17.25,2731,17.25,17.23,17.25,0.5443,70.0
2019-01-07 10:45,{},17.29,2731,17.29,17.25,17.25,0.4743,61.0
2019-01-07 10:50,{},17.3,2731,17.3,17.29,17.29,0.07,9.0
2019-01-07 10:55,{},17.29,2731,17.3,17.28,17.3,0.07,9.0
2019-01-07 11:00,{},17.27,2731,17.3,17.27,17.29,0.07,9.0
2019-01-07 11:05,{},17.27,2731,17.27,17.27,17.27,0.1555,20.0
2019-01-07 11:10,{},17.26,2731,17.27,17.25,17.27,0.6454,83.0
2019-01-07 11:15,{},17.26,2731,17.26,17.25,17.26,0.3188,41.0
2019-01-07 11:20,{},17.26,2731,17.26,17.26,17.26,0.1089,14.0
2019-01-07 11:25,{},17.2,2731,17.26,17.19,17.26,1.8896,243.0
2019-01-07 11:30,{},17.25,2731,17.25,17.2,17.2,0.0233,3.0
2019-01-07 13:05,{},17.26,2731,17.26,17.25,17.25,0.8476,109.0
2019-01-07 13:10,{},17.22,2731,17.26,17.18,17.26,0.972,125.0
2019-01-07 13:15,{},17.21,2731,17.25,17.2,17.22,0.3577,46.0
2019-01-07 13:20,{},17.21,2731,17.25,17.21,17.21,0.3188,41.0
2019-01-07 13:25,{},17.22,2731,17.25,17.21,17.21,2.6827,345.0
2019-01-07 13:30,{},17.27,2731,17.27,17.22,17.22,1.2131,156.0
2019-01-07 13:35,{},17.29,2731,17.29,17.27,17.27,0.1944,25.0
2019-01-07 13:40,{},17.28,2731,17.29,17.28,17.29,0.0389,5.0
2019-01-07 13:45,{},17.28,2731,17.29,17.28,17.28,0.8709,112.0
2019-01-07 13:50,{},17.29,2731,17.29,17.28,17.28,0.7154,92.0
2019-01-07 13:55,{},17.29,2731,17.29,17.29,17.29,0.5443,70.0
2019-01-07 14:00,{},17.26,2731,17.29,17.26,17.29,0.5132,66.0
2019-01-07 14:05,{},17.28,2731,17.28,17.26,17.26,0.0389,5.0
2019-01-07 14:10,{},17.29,2731,17.29,17.27,17.28,0.1555,20.0
2019-01-07 14:15,{},17.28,2731,17.29,17.27,17.29,0.1633,21.0
2019-01-07 14:20,{},17.29,2731,17.29,17.27,17.28,0.3266,42.0
2019-01-07 14:25,{},17.29,2731,17.3,17.28,17.29,0.9176,118.0
2019-01-07 14:30,{},17.3,2731,17.3,17.29,17.29,0.3888,50.0
2019-01-07 14:35,{},17.31,2731,17.31,17.28,17.3,3.2659,420.0
2019-01-07 14:40,{},17.33,2731,17.34,17.3,17.31,2.1384,275.0
2019-01-07 14:45,{},17.34,2731,17.34,17.33,17.33,0.4121,53.0
2019-01-07 14:50,{},17.35,2731,17.35,17.33,17.34,0.6065,78.0
2019-01-07 14:55,{},17.35,2731,17.35,17.33,17.35,2.0684,266.0
2019-01-07 15:00,{},17.32,2731,17.35,17.32,17.35,0.4588,59.0
2019-01-08 09:35,{},17.24,2731,17.25,17.16,17.25,0.4899,63.0
2019-01-08 09:40,{},17.3,2731,17.3,17.24,17.24,0.1866,24.0
2019-01-08 09:45,{},17.22,2731,17.3,17.21,17.3,0.1322,17.0
2019-01-08 09:50,{},17.29,2731,17.29,17.21,17.22,0.2333,30.0
2019-01-08 09:55,{},17.29,2731,17.29,17.25,17.29,0.1477,19.0
2019-01-08 10:00,{},17.29,2731,17.29,17.29,17.29,0.21,27.0
2019-01-08 10:05,{},17.28,2731,17.29,17.28,17.29,0.4199,54.0
2019-01-08 10:10,{},17.29,2731,17.29,17.28,17.28,0.6299,81.0
2019-01-08 10:15,{},17.28,2731,17.29,17.26,17.29,0.1011,13.0
2019-01-08 10:20,{},17.25,2731,17.29,17.25,17.28,1.0342,133.0
2019-01-08 10:25,{},17.25,2731,17.25,17.25,17.25,0.0078,1.0
2019-01-08 10:30,{},17.3,2731,17.3,17.25,17.25,0.6221,80.0
2019-01-08 10:35,{},17.29,2731,17.3,17.29,17.3,0.311,40.0
2019-01-08 10:40,{},17.29,2731,17.29,17.29,17.29,0.0855,11.0
2019-01-08 10:45,{},17.29,2731,17.29,17.29,17.29,0.3188,41.0
2019-01-08 10:50,{},17.29,2731,17.29,17.29,17.29,0.3655,47.0
2019-01-08 10:55,{},17.28,2731,17.29,17.25,17.29,0.6532,84.0
2019-01-08 11:00,{},17.27,2731,17.28,17.27,17.28,0.2799,36.0
2019-01-08 11:05,{},17.27,2731,17.27,17.27,17.27,0.5054,65.0
2019-01-08 11:10,{},17.28,2731,17.28,17.27,17.27,0.0078,1.0
2019-01-08 11:15,{},17.27,2731,17.28,17.27,17.28,0.311,40.0
2019-01-08 11:25,{},17.32,2731,17.32,17.28,17.28,0.5288,68.0
2019-01-08 11:30,{},17.33,2731,17.33,17.31,17.32,1.1509,148.0
2019-01-08 13:05,{},17.35,2731,17.37,17.31,17.33,1.283,165.0
2019-01-08 13:10,{},17.34,2731,17.35,17.34,17.35,0.4277,55.0
2019-01-08 13:15,{},17.34,2731,17.34,17.34,17.34,0.6143,79.0
2019-01-08 13:20,{},17.34,2731,17.35,17.34,17.34,0.4199,54.0
2019-01-08 13:25,{},17.34,2731,17.35,17.34,17.34,0.2566,33.0
2019-01-08 13:30,{},17.34,2731,17.34,17.33,17.34,0.8165,105.0
2019-01-08 13:35,{},17.33,2731,17.34,17.33,17.34,1.6563,213.0
2019-01-08 13:40,{},17.3,2731,17.34,17.3,17.33,2.5039,322.0
2019-01-08 13:45,{},17.35,2731,17.35,17.3,17.3,1.6019,206.0
2019-01-08 13:50,{},17.34,2731,17.36,17.34,17.35,0.8087,104.0
2019-01-08 13:55,{},17.4,2731,17.43,17.34,17.34,5.4121,696.0
2019-01-08 14:00,{},17.55,2731,17.6,17.4,17.4,7.6516,984.0
2019-01-08 14:05,{},17.62,2731,17.7,17.55,17.55,4.3624,561.0
2019-01-08 14:10,{},17.69,2731,17.69,17.6,17.62,2.2395,288.0
2019-01-08 14:15,{},17.71,2731,17.8,17.63,17.69,10.1633,1307.0
2019-01-08 14:20,{},17.71,2731,17.72,17.69,17.71,3.9191,504.0
2019-01-08 14:25,{},17.68,2731,17.71,17.68,17.71,1.2753,164.0
2019-01-08 14:30,{},17.7,2731,17.7,17.68,17.68,1.2131,156.0
2019-01-08 14:35,{},17.69,2731,17.7,17.68,17.7,0.9487,122.0
2019-01-08 14:40,{},17.7,2731,17.7,17.69,17.69,3.5692,459.0
2019-01-08 14:45,{},17.8,2731,17.8,17.7,17.7,8.8025,1132.0
2019-01-08 14:50,{},17.75,2731,17.8,17.74,17.8,1.9051,245.0
2019-01-08 14:55,{},17.73,2731,17.76,17.71,17.75,2.5661,330.0
2019-01-08 15:00,{},17.74,2731,17.74,17.71,17.73,1.2986,167.0
2019-01-09 09:35,{},17.72,2731,17.88,17.7,17.8,9.8212,1263.0
2019-01-09 09:40,{},17.78,2731,17.78,17.71,17.72,0.9331,120.0
2019-01-09 09:45,{},17.8,2731,17.85,17.72,17.78,1.2286,158.0
2019-01-09 09:50,{},17.84,2731,17.84,17.8,17.8,2.6283,338.0
2019-01-09 09:55,{},17.8,2731,17.85,17.8,17.84,0.9876,127.0
2019-01-09 10:00,{},17.81,2731,17.83,17.8,17.8,0.8476,109.0
2019-01-09 10:05,{},17.84,2731,17.85,17.8,17.81,2.6516,341.0
2019-01-09 10:10,{},17.9,2731,17.9,17.84,17.84,3.9813,512.0
2019-01-09 10:15,{},17.95,2731,17.96,17.89,17.9,3.1338,403.0
2019-01-09 10:20,{},18.0,2731,18.0,17.94,17.95,4.5412,584.0
2019-01-09 10:25,{},17.92,2731,18.0,17.86,18.0,3.2504,418.0
2019-01-09 10:30,{},17.95,2731,17.95,17.88,17.92,0.2333,30.0
2019-01-09 10:35,{},17.95,2731,17.95,17.92,17.95,1.2442,160.0
2019-01-09 10:40,{},17.94,2731,17.95,17.94,17.95,2.0218,260.0
2019-01-09 10:45,{},17.94,2731,17.95,17.93,17.94,0.9642,124.0
2019-01-09 10:50,{},17.94,2731,17.94,17.92,17.94,1.3375,172.0
2019-01-09 10:55,{},17.94,2731,17.94,17.92,17.94,0.1711,22.0
2019-01-09 11:00,{},17.94,2731,17.95,17.93,17.94,0.8165,105.0
2019-01-09 11:05,{},17.92,2731,17.95,17.92,17.94,0.9331,120.0
2019-01-09 11:10,{},17.94,2731,17.95,17.92,17.92,0.1322,17.0
2019-01-09 11:15,{},17.94,2731,17.94,17.93,17.94,0.1011,13.0
2019-01-09 11:20,{},17.94,2731,17.94,17.93,17.94,0.1555,20.0
2019-01-09 11:25,{},17.94,2731,17.95,17.92,17.94,0.1477,19.0
2019-01-09 11:30,{},17.93,2731,17.94,17.92,17.94,0.8398,108.0
2019-01-09 13:05,{},17.9,2731,17.94,17.9,17.93,2.1151,272.0
2019-01-09 13:10,{},17.84,2731,17.9,17.83,17.9,2.6672,343.0
2019-01-09 13:15,{},17.88,2731,17.88,17.83,17.84,2.7138,349.0
2019-01-09 13:20,{},17.86,2731,17.88,17.86,17.88,1.7185,221.0
2019-01-09 13:25,{},17.86,2731,17.86,17.85,17.86,2.2317,287.0
2019-01-09 13:30,{},17.88,2731,17.88,17.86,17.86,3.4215,440.0
2019-01-09 13:35,{},17.87,2731,17.88,17.87,17.88,0.4821,62.0
2019-01-09 13:40,{},17.87,2731,17.87,17.87,17.87,0.6609999999999999,85.0
2019-01-09 13:45,{},17.83,2731,17.87,17.83,17.87,0.5365,69.0
2019-01-09 13:50,{},17.83,2731,17.88,17.83,17.83,0.2799,36.0
2019-01-09 13:55,{},17.83,2731,17.83,17.83,17.83,0.3421,44.0
2019-01-09 14:00,{},17.82,2731,17.83,17.82,17.83,0.381,49.0
2019-01-09 14:05,{},17.82,2731,17.83,17.82,17.82,0.9331,120.0
2019-01-09 14:10,{},17.8,2731,17.82,17.8,17.82,0.381,49.0
2019-01-09 14:15,{},17.83,2731,17.83,17.78,17.8,1.6252,209.0
2019-01-09 14:20,{},17.83,2731,17.83,17.8,17.83,0.1244,16.0
2019-01-09 14:25,{},17.81,2731,17.83,17.81,17.83,0.451,58.0
2019-01-09 14:30,{},17.83,2731,17.83,17.81,17.81,0.6376,82.0
2019-01-09 14:35,{},17.82,2731,17.83,17.81,17.83,0.6299,81.0
2019-01-09 14:40,{},17.81,2731,17.83,17.81,17.82,1.423,183.0
2019-01-09 14:45,{},17.82,2731,17.82,17.8,17.81,0.2877,37.0
2019-01-09 14:50,{},17.82,2731,17.82,17.8,17.82,1.3064,168.0
2019-01-09 14:55,{},17.85,2731,17.85,17.8,17.82,1.6641,214.0
2019-01-09 15:00,{},17.82,2731,17.85,17.82,17.85,1.5941,205.0
2019-01-10 09:35,{},17.85,2731,17.9,17.8,17.9,1.9051,245.0
2019-01-10 09:40,{},17.8,2731,17.85,17.64,17.85,1.5086,194.0
2019-01-10 09:45,{},17.79,2731,17.8,17.79,17.8,1.0187,131.0
2019-01-10 09:50,{},17.79,2731,17.8,17.79,17.79,0.9487,122.0
2019-01-10 09:55,{},17.75,2731,17.79,17.7,17.79,0.7387,95.0
2019-01-10 10:00,{},17.8,2731,17.8,17.72,17.75,1.2053,155.0
2019-01-10 10:05,{},17.79,2731,17.82,17.79,17.8,0.5988,77.0
2019-01-10 10:10,{},17.75,2731,17.79,17.75,17.79,0.1866,24.0
2019-01-10 10:15,{},17.76,2731,17.76,17.75,17.75,0.14,18.0
2019-01-10 10:20,{},17.79,2731,17.79,17.76,17.76,0.1011,13.0
2019-01-10 10:25,{},17.76,2731,17.79,17.76,17.79,0.1866,24.0
2019-01-10 10:30,{},17.74,2731,17.76,17.72,17.76,1.874,241.0
2019-01-10 10:35,{},17.72,2731,17.74,17.72,17.74,0.7232,93.0
2019-01-10 10:40,{},17.72,2731,17.74,17.72,17.72,0.5288,68.0
2019-01-10 10:45,{},17.77,2731,17.77,17.72,17.72,0.8709,112.0
2019-01-10 10:50,{},17.85,2731,17.85,17.77,17.77,4.7512,611.0
2019-01-10 10:55,{},17.95,2731,17.95,17.8,17.85,5.0233,646.0
2019-01-10 11:00,{},17.92,2731,18.0,17.9,17.95,5.9331,763.0
2019-01-10 11:05,{},17.92,2731,17.92,17.91,17.92,0.4277,55.0
2019-01-10 11:10,{},17.92,2731,17.92,17.92,17.92,0.0855,11.0
2019-01-10 11:15,{},17.92,2731,17.92,17.9,17.92,0.4666,60.0
2019-01-10 11:20,{},17.9,2731,17.92,17.88,17.92,0.5832,75.0
2019-01-10 11:25,{},17.85,2731,17.9,17.84,17.9,0.1788,23.0
2019-01-10 11:30,{},17.85,2731,17.85,17.84,17.85,0.1166,15.0
2019-01-10 13:05,{},17.85,2731,17.85,17.83,17.85,0.2333,30.0
2019-01-10 13:10,{},17.83,2731,17.85,17.83,17.85,0.1866,24.0
2019-01-10 13:15,{},17.83,2731,17.85,17.82,17.83,0.8087,104.0
2019-01-10 13:20,{},17.85,2731,17.85,17.82,17.83,0.4044,52.0
2019-01-10 13:25,{},17.85,2731,17.86,17.82,17.85,0.5988,77.0
2019-01-10 13:30,{},17.85,2731,17.86,17.82,17.85,0.7854,101.0
2019-01-10 13:35,{},17.84,2731,17.85,17.82,17.85,0.1633,21.0
2019-01-10 13:40,{},17.83,2731,17.84,17.83,17.84,0.2255,29.0
2019-01-10 13:45,{},17.83,2731,17.83,17.82,17.83,0.591,76.0
2019-01-10 13:50,{},17.85,2731,17.85,17.82,17.83,0.4821,62.0
2019-01-10 13:55,{},17.85,2731,17.85,17.85,17.85,0.3733,48.0
2019-01-10 14:00,{},17.89,2731,17.9,17.85,17.85,2.4339,313.0
2019-01-10 14:05,{},17.86,2731,17.9,17.86,17.89,0.5443,70.0
2019-01-10 14:10,{},17.86,2731,17.86,17.82,17.86,0.3421,44.0
2019-01-10 14:15,{},17.85,2731,17.86,17.85,17.86,0.4588,59.0
2019-01-10 14:20,{},17.83,2731,17.85,17.83,17.85,0.2566,33.0
2019-01-10 14:25,{},17.83,2731,17.83,17.82,17.83,0.8865,114.0
2019-01-10 14:30,{},17.85,2731,17.85,17.83,17.83,0.3577,46.0
2019-01-10 14:35,{},17.82,2731,17.85,17.82,17.85,0.591,76.0
2019-01-10 14:40,{},17.81,2731,17.83,17.81,17.82,0.3033,39.0
2019-01-10 14:45,{},17.75,2731,17.81,17.75,17.81,1.3064,168.0
2019-01-10 14:50,{},17.77,2731,17.77,17.75,17.75,1.8429,237.0
2019-01-10 14:55,{},17.79,2731,17.81,17.77,17.77,0.6299,81.0
2019-01-10 15:00,{},17.85,2731,17.85,17.78,17.79,1.4152,182.0
2019-01-11 09:35,{},17.88,2731,17.9,17.85,17.87,1.0575,136.0
2019-01-11 09:40,{},17.88,2731,17.89,17.82,17.88,0.8165,105.0
2019-01-11 09:45,{},17.9,2731,17.9,17.88,17.88,0.6843,88.0
2019-01-11 09:50,{},18.08,2731,18.15,17.9,17.9,12.4961,1607.0
2019-01-11 09:55,{},18.08,2731,18.1,18.08,18.08,2.7605,355.0
2019-01-11 10:00,{},18.06,2731,18.08,18.06,18.08,0.9642,124.0
2019-01-11 10:05,{},18.05,2731,18.06,18.0,18.06,0.4432,57.0
2019-01-11 10:10,{},18.02,2731,18.06,18.0,18.05,1.0575,136.0
2019-01-11 10:15,{},18.02,2731,18.03,17.99,18.02,0.4821,62.0
2019-01-11 10:20,{},18.07,2731,18.07,18.02,18.02,0.9254,119.0
2019-01-11 10:25,{},18.04,2731,18.09,18.04,18.07,0.9798,126.0
2019-01-11 10:30,{},18.02,2731,18.04,18.02,18.04,0.1322,17.0
2019-01-11 10:35,{},17.98,2731,18.02,17.98,18.02,1.0264,132.0
2019-01-11 10:40,{},17.98,2731,18.0,17.98,17.98,1.1742,151.0
2019-01-11 10:45,{},18.0,2731,18.0,17.98,17.98,0.0467,6.0
2019-01-11 10:50,{},18.0,2731,18.0,17.95,18.0,0.2022,26.0
2019-01-11 10:55,{},17.98,2731,18.0,17.96,18.0,0.0778,10.0
2019-01-11 11:00,{},17.96,2731,17.98,17.96,17.98,0.2333,30.0
2019-01-11 11:05,{},17.97,2731,17.98,17.96,17.96,0.2644,34.0
2019-01-11 11:10,{},18.0,2731,18.0,17.97,17.97,0.9565,123.0
2019-01-11 11:15,{},17.99,2731,18.0,17.95,18.0,0.1711,22.0
2019-01-11 11:20,{},17.99,2731,17.99,17.98,17.99,0.3266,42.0
2019-01-11 11:25,{},17.99,2731,18.01,17.99,17.99,0.1555,20.0
2019-01-11 11:30,{},18.01,2731,18.01,17.99,17.99,0.0544,7.0
2019-01-11 13:05,{},18.02,2731,18.09,17.99,18.01,4.0202,517.0
2019-01-11 13:10,{},18.03,2731,18.03,18.02,18.02,0.8631,111.0
2019-01-11 13:15,{},18.04,2731,18.1,18.01,18.03,1.2053,155.0
2019-01-11 13:20,{},18.06,2731,18.11,18.04,18.04,1.182,152.0
2019-01-11 13:25,{},18.05,2731,18.06,18.03,18.06,0.2488,32.0
2019-01-11 13:30,{},18.1,2731,18.1,18.05,18.05,0.6921,89.0
2019-01-11 13:35,{},18.06,2731,18.1,18.06,18.1,0.2177,28.0
2019-01-11 13:40,{},18.05,2731,18.06,18.01,18.06,0.2022,26.0
2019-01-11 13:45,{},18.06,2731,18.06,18.04,18.05,0.2255,29.0
2019-01-11 13:50,{},18.06,2731,18.08,18.06,18.06,0.1555,20.0
2019-01-11 13:55,{},18.07,2731,18.07,18.06,18.06,0.1089,14.0
2019-01-11 14:00,{},18.07,2731,18.07,18.06,18.07,0.6609999999999999,85.0
2019-01-11 14:05,{},18.06,2731,18.08,18.06,18.07,0.1711,22.0
2019-01-11 14:10,{},18.07,2731,18.07,18.05,18.06,0.1555,20.0
2019-01-11 14:15,{},18.05,2731,18.07,18.04,18.07,0.2566,33.0
2019-01-11 14:20,{},18.05,2731,18.05,18.04,18.05,0.1477,19.0
2019-01-11 14:25,{},18.04,2731,18.05,18.04,18.05,0.2177,28.0
2019-01-11 14:30,{},18.03,2731,18.05,18.02,18.04,0.8398,108.0
2019-01-11 14:35,{},18.02,2731,18.03,17.98,18.03,0.3655,47.0
2019-01-11 14:40,{},18.03,2731,18.03,17.98,18.02,0.6921,89.0
2019-01-11 14:45,{},18.0,2731,18.03,17.98,18.03,0.5599,72.0
2019-01-11 14:50,{},18.0,2731,18.0,17.97,18.0,2.0218,260.0
2019-01-11 14:55,{},18.0,2731,18.0,17.97,18.0,1.6641,214.0
2019-01-11 15:00,{},18.0,2731,18.0,17.99,18.0,1.1586,149.0
2019-01-14 09:35,{},18.06,2731,18.2,17.85,18.0,7.2006,926.0
2019-01-14 09:40,{},18.11,2731,18.14,18.06,18.06,0.5677,73.0
2019-01-14 09:45,{},18.14,2731,18.14,18.1,18.11,0.6221,80.0
2019-01-14 09:50,{},18.0,2731,18.14,17.81,18.14,60.7777,7816.0
2019-01-14 09:55,{},17.88,2731,18.0,17.88,18.0,1.4152,182.0
2019-01-14 10:00,{},17.97,2731,17.97,17.88,17.88,0.8787,113.0
2019-01-14 10:05,{},17.92,2731,17.97,17.9,17.97,0.8009,103.0
2019-01-14 10:10,{},17.9,2731,17.96,17.9,17.92,0.9953,128.0
2019-01-14 10:15,{},17.88,2731,17.91,17.88,17.9,0.5754,74.0
2019-01-14 10:20,{},18.02,2731,18.02,17.88,17.88,2.6128,336.0
2019-01-14 10:25,{},18.1,2731,18.1,18.0,18.02,0.8320000000000001,107.0
2019-01-14 10:30,{},18.07,2731,18.1,18.07,18.1,0.4899,63.0
2019-01-14 10:35,{},18.13,2731,18.15,18.07,18.07,0.972,125.0
2019-01-14 10:40,{},18.12,2731,18.13,18.1,18.13,0.7076,91.0
2019-01-14 10:45,{},18.12,2731,18.12,18.08,18.12,0.3577,46.0
2019-01-14 10:50,{},18.11,2731,18.12,18.11,18.12,0.7465,96.0
2019-01-14 10:55,{},18.11,2731,18.12,18.11,18.11,1.3219,170.0
2019-01-14 11:00,{},18.12,2731,18.12,18.11,18.11,0.3966,51.0
2019-01-14 11:05,{},18.15,2731,18.15,18.12,18.12,3.6781,473.0
2019-01-14 11:10,{},18.21,2731,18.21,18.15,18.15,6.1353,789.0
2019-01-14 11:15,{},18.2,2731,18.25,18.2,18.21,3.8258,492.0
2019-01-14 11:20,{},18.21,2731,18.21,18.2,18.2,0.1166,15.0
2019-01-14 11:25,{},18.2,2731,18.21,18.2,18.21,1.042,134.0
2019-01-14 11:30,{},18.2,2731,18.21,18.2,18.2,0.8865,114.0
2019-01-14 13:05,{},18.15,2731,18.21,18.14,18.2,2.6283,338.0
2019-01-14 13:10,{},18.14,2731,18.15,18.14,18.15,0.4355,56.0
2019-01-14 13:15,{},18.14,2731,18.15,18.14,18.14,0.3188,41.0
2019-01-14 13:20,{},18.14,2731,18.14,18.13,18.14,0.0389,5.0
2019-01-14 13:25,{},18.15,2731,18.15,18.13,18.14,1.2364,159.0
2019-01-14 13:30,{},18.15,2731,18.15,18.12,18.15,1.0264,132.0
2019-01-14 13:35,{},18.15,2731,18.15,18.14,18.15,0.3966,51.0
2019-01-14 13:40,{},18.15,2731,18.17,18.15,18.15,0.1555,20.0
2019-01-14 13:45,{},18.16,2731,18.16,18.15,18.15,0.0156,2.0
2019-01-14 13:50,{},18.15,2731,18.16,18.15,18.16,0.2877,37.0
2019-01-14 13:55,{},18.16,2731,18.17,18.15,18.15,0.5054,65.0
2019-01-14 14:00,{},18.18,2731,18.18,18.16,18.16,1.2519,161.0
2019-01-14 14:05,{},18.16,2731,18.18,18.15,18.18,1.3453,173.0
2019-01-14 14:10,{},18.16,2731,18.18,18.15,18.16,2.8694,369.0
2019-01-14 14:15,{},18.16,2731,18.16,18.16,18.16,0.1711,22.0
2019-01-14 14:20,{},18.16,2731,18.16,18.15,18.16,0.591,76.0
2019-01-14 14:25,{},18.17,2731,18.17,18.15,18.16,0.381,49.0
2019-01-14 14:30,{},18.13,2731,18.17,18.13,18.17,1.0031,129.0
2019-01-14 14:35,{},18.15,2731,18.15,18.13,18.13,1.8974,244.0
2019-01-14 14:40,{},18.14,2731,18.15,18.14,18.15,0.5443,70.0
2019-01-14 14:45,{},18.13,2731,18.15,18.12,18.14,0.7465,96.0
2019-01-14 14:50,{},18.12,2731,18.13,18.11,18.13,2.3717,305.0
2019-01-14 14:55,{},18.15,2731,18.18,18.11,18.12,2.1773,280.0
2019-01-14 15:00,{},18.16,2731,18.16,18.15,18.15,1.944,250.0
2019-01-15 09:35,{},18.26,2731,18.26,18.16,18.18,3.4292,441.0
2019-01-15 09:40,{},18.16,2731,18.28,18.16,18.26,1.6641,214.0
2019-01-15 09:45,{},18.22,2731,18.24,18.16,18.16,0.7232,93.0
2019-01-15 09:50,{},18.2,2731,18.22,18.18,18.22,1.5008,193.0
2019-01-15 09:55,{},18.17,2731,18.21,18.17,18.2,1.042,134.0
2019-01-15 10:00,{},18.07,2731,18.17,18.07,18.17,5.8009,746.0
2019-01-15 10:05,{},18.1,2731,18.1,18.06,18.07,1.0964,141.0
2019-01-15 10:10,{},18.16,2731,18.16,18.1,18.1,1.6174,208.0
2019-01-15 10:15,{},18.16,2731,18.16,18.13,18.16,0.6765,87.0
2019-01-15 10:20,{},18.15,2731,18.16,18.15,18.16,0.3266,42.0
2019-01-15 10:25,{},18.11,2731,18.16,18.1,18.15,0.8865,114.0
2019-01-15 10:30,{},18.11,2731,18.12,18.1,18.11,0.4899,63.0
2019-01-15 10:35,{},18.16,2731,18.16,18.1,18.11,0.3966,51.0
2019-01-15 10:40,{},18.16,2731,18.16,18.12,18.16,0.4044,52.0
2019-01-15 10:45,{},18.17,2731,18.17,18.16,18.16,0.2488,32.0
2019-01-15 10:50,{},18.19,2731,18.2,18.17,18.17,0.9176,118.0
2019-01-15 10:55,{},18.2,2731,18.2,18.19,18.19,0.3577,46.0
2019-01-15 11:00,{},18.16,2731,18.2,18.16,18.2,3.0016,386.0
2019-01-15 11:05,{},18.22,2731,18.22,18.16,18.16,2.8383,365.0
2019-01-15 11:10,{},18.18,2731,18.22,18.18,18.22,1.5552,200.0
2019-01-15 11:15,{},18.17,2731,18.18,18.17,18.18,4.7589,612.0
2019-01-15 11:20,{},18.22,2731,18.22,18.17,18.17,3.437,442.0
2019-01-15 11:25,{},18.18,2731,18.22,18.17,18.22,0.8009,103.0
2019-01-15 11:30,{},18.18,2731,18.2,18.18,18.18,0.4277,55.0
2019-01-15 13:05,{},18.15,2731,18.18,18.15,18.18,2.224,286.0
2019-01-15 13:10,{},18.16,2731,18.16,18.15,18.15,0.2333,30.0
2019-01-15 13:15,{},18.16,2731,18.16,18.16,18.16,0.1244,16.0
2019-01-15 13:20,{},18.17,2731,18.17,18.15,18.16,0.6065,78.0
2019-01-15 13:25,{},18.17,2731,18.2,18.17,18.17,0.1244,16.0
2019-01-15 13:30,{},18.17,2731,18.17,18.17,18.17,0.0933,12.0
2019-01-15 13:35,{},18.16,2731,18.17,18.16,18.17,0.1555,20.0
2019-01-15 13:40,{},18.15,2731,18.16,18.15,18.16,0.4121,53.0
2019-01-15 13:45,{},18.15,2731,18.16,18.15,18.15,0.1322,17.0
2019-01-15 13:50,{},18.17,2731,18.17,18.15,18.15,0.1089,14.0
2019-01-15 13:55,{},18.16,2731,18.18,18.16,18.17,0.3655,47.0
2019-01-15 14:00,{},18.15,2731,18.16,18.15,18.16,1.3686,176.0
2019-01-15 14:05,{},18.16,2731,18.16,18.14,18.15,0.9565,123.0
2019-01-15 14:10,{},18.13,2731,18.16,18.13,18.16,0.6609999999999999,85.0
2019-01-15 14:15,{},18.14,2731,18.16,18.13,18.13,0.1089,14.0
2019-01-15 14:20,{},18.16,2731,18.16,18.14,18.14,0.5599,72.0
2019-01-15 14:25,{},18.14,2731,18.18,18.14,18.16,0.1477,19.0
2019-01-15 14:30,{},18.18,2731,18.18,18.14,18.14,0.1633,21.0
2019-01-15 14:35,{},18.17,2731,18.18,18.17,18.18,0.0622,8.0
2019-01-15 14:40,{},18.18,2731,18.18,18.17,18.17,0.07,9.0
2019-01-15 14:45,{},18.16,2731,18.18,18.16,18.18,0.0544,7.0
2019-01-15 14:50,{},18.18,2731,18.18,18.15,18.16,0.591,76.0
2019-01-15 14:55,{},18.16,2731,18.2,18.15,18.18,1.112,143.0
2019-01-15 15:00,{},18.18,2731,18.18,18.16,18.16,0.7232,93.0
2019-01-16 09:35,{},18.25,2731,18.32,18.2,18.2,4.8212,620.0
2019-01-16 09:40,{},18.23,2731,18.29,18.23,18.25,1.5630000000000002,201.0
2019-01-16 09:45,{},18.26,2731,18.26,18.23,18.23,2.0607,265.0
2019-01-16 09:50,{},18.3,2731,18.3,18.26,18.26,1.4308,184.0
2019-01-16 09:55,{},18.28,2731,18.33,18.28,18.3,3.2659,420.0
2019-01-16 10:00,{},18.28,2731,18.29,18.27,18.28,0.2644,34.0
2019-01-16 10:05,{},18.27,2731,18.28,18.26,18.28,0.7776,100.0
2019-01-16 10:10,{},18.28,2731,18.28,18.27,18.27,0.3888,50.0
2019-01-16 10:15,{},18.27,2731,18.28,18.27,18.28,0.6532,84.0
2019-01-16 10:20,{},18.26,2731,18.27,18.26,18.27,0.9331,120.0
2019-01-16 10:25,{},18.24,2731,18.27,18.24,18.26,1.1353,146.0
2019-01-16 10:30,{},18.22,2731,18.24,18.21,18.24,2.1617,278.0
2019-01-16 10:35,{},18.21,2731,18.22,18.21,18.22,0.6065,78.0
2019-01-16 10:40,{},18.24,2731,18.25,18.21,18.21,0.3421,44.0
2019-01-16 10:45,{},18.22,2731,18.24,18.22,18.24,0.3577,46.0
2019-01-16 10:50,{},18.21,2731,18.22,18.2,18.22,1.1897,153.0
2019-01-16 10:55,{},18.21,2731,18.22,18.2,18.21,0.4743,61.0
2019-01-16 11:00,{},18.24,2731,18.24,18.21,18.21,0.591,76.0
2019-01-16 11:05,{},18.22,2731,18.24,18.22,18.24,0.381,49.0
2019-01-16 11:10,{},18.23,2731,18.23,18.22,18.22,0.5054,65.0
2019-01-16 11:15,{},18.23,2731,18.23,18.23,18.23,0.0233,3.0
2019-01-16 11:20,{},18.22,2731,18.23,18.22,18.23,0.2255,29.0
2019-01-16 11:25,{},18.21,2731,18.23,18.21,18.22,0.1711,22.0
2019-01-16 11:30,{},18.21,2731,18.22,18.21,18.21,0.1633,21.0
2019-01-16 13:05,{},18.2,2731,18.22,18.18,18.21,0.7154,92.0
2019-01-16 13:10,{},18.16,2731,18.2,18.16,18.2,2.0451,263.0
2019-01-16 13:15,{},18.2,2731,18.2,18.15,18.16,1.7729,228.0
2019-01-16 13:20,{},18.18,2731,18.2,18.18,18.2,0.4899,63.0
2019-01-16 13:25,{},18.18,2731,18.18,18.17,18.18,0.6143,79.0
2019-01-16 13:30,{},18.17,2731,18.18,18.15,18.18,2.9938,385.0
2019-01-16 13:35,{},18.18,2731,18.18,18.16,18.17,2.5661,330.0
2019-01-16 13:40,{},18.18,2731,18.18,18.18,18.18,0.6376,82.0
2019-01-16 13:45,{},18.18,2731,18.18,18.16,18.18,1.8585,239.0
2019-01-16 13:50,{},18.17,2731,18.18,18.15,18.18,0.8476,109.0
2019-01-16 13:55,{},18.18,2731,18.18,18.15,18.17,0.2255,29.0
2019-01-16 14:00,{},18.18,2731,18.18,18.18,18.18,0.2411,31.0
2019-01-16 14:05,{},18.17,2731,18.18,18.17,18.18,0.2644,34.0
2019-01-16 14:10,{},18.18,2731,18.18,18.17,18.17,0.1788,23.0
2019-01-16 14:15,{},18.18,2731,18.18,18.18,18.18,0.4666,60.0
2019-01-16 14:20,{},18.18,2731,18.18,18.17,18.18,0.4977,64.0
2019-01-16 14:25,{},18.2,2731,18.2,18.17,18.18,0.4432,57.0
2019-01-16 14:30,{},18.19,2731,18.2,18.19,18.2,0.2722,35.0
2019-01-16 14:35,{},18.17,2731,18.19,18.17,18.19,0.3266,42.0
2019-01-16 14:40,{},18.1,2731,18.17,18.1,18.17,4.5334,583.0
2019-01-16 14:45,{},18.1,2731,18.11,18.08,18.1,9.0591,1165.0
2019-01-16 14:50,{},18.1,2731,18.12,18.1,18.1,1.1353,146.0
2019-01-16 14:55,{},18.1,2731,18.15,18.1,18.1,1.7963,231.0
2019-01-16 15:00,{},18.1,2731,18.12,18.1,18.1,5.8165,748.0
2019-01-17 09:35,{},18.07,2731,18.1,18.06,18.1,3.577,460.0
2019-01-17 09:40,{},18.09,2731,18.1,18.06,18.07,0.4277,55.0
2019-01-17 09:45,{},18.1,2731,18.18,18.08,18.09,2.9160000000000004,375.0
2019-01-17 09:50,{},18.16,2731,18.17,18.09,18.1,1.5397,198.0
2019-01-17 09:55,{},18.2,2731,18.22,18.16,18.16,5.2488,675.0
2019-01-17 10:00,{},18.14,2731,18.2,18.14,18.2,0.4588,59.0
2019-01-17 10:05,{},18.16,2731,18.16,18.13,18.14,0.3266,42.0
2019-01-17 10:10,{},18.13,2731,18.2,18.13,18.16,1.1586,149.0
2019-01-17 10:15,{},18.12,2731,18.13,18.1,18.13,1.1353,146.0
2019-01-17 10:20,{},18.11,2731,18.12,18.1,18.12,1.8974,244.0
2019-01-17 10:25,{},18.12,2731,18.12,18.11,18.11,1.4619,188.0
2019-01-17 10:30,{},18.14,2731,18.15,18.11,18.12,1.7107,220.0
2019-01-17 10:35,{},18.15,2731,18.15,18.13,18.14,1.7263,222.0
2019-01-17 10:40,{},18.15,2731,18.15,18.13,18.15,0.3188,41.0
2019-01-17 10:45,{},18.15,2731,18.15,18.13,18.15,0.7543,97.0
2019-01-17 10:50,{},18.15,2731,18.15,18.12,18.15,1.5708,202.0
2019-01-17 10:55,{},18.14,2731,18.15,18.14,18.15,0.2877,37.0
2019-01-17 11:00,{},18.18,2731,18.2,18.14,18.14,1.5708,202.0
2019-01-17 11:05,{},18.27,2731,18.3,18.18,18.18,6.4308,827.0
2019-01-17 11:10,{},18.25,2731,18.28,18.25,18.27,0.4355,56.0
2019-01-17 11:15,{},18.26,2731,18.28,18.25,18.25,1.4541,187.0
2019-01-17 11:20,{},18.28,2731,18.28,18.25,18.26,3.9114,503.0
2019-01-17 11:25,{},18.25,2731,18.28,18.25,18.28,2.5505,328.0
2019-01-17 11:30,{},18.26,2731,18.28,18.25,18.25,2.6516,341.0
2019-01-17 13:05,{},18.22,2731,18.26,18.22,18.26,1.1897,153.0
2019-01-17 13:10,{},18.2,2731,18.22,18.2,18.22,0.6299,81.0
2019-01-17 13:15,{},18.19,2731,18.2,18.18,18.2,0.9254,119.0
2019-01-17 13:20,{},18.2,2731,18.21,18.19,18.19,0.5365,69.0
2019-01-17 13:25,{},18.21,2731,18.22,18.2,18.2,0.1089,14.0
2019-01-17 13:30,{},18.18,2731,18.22,18.18,18.21,0.8631,111.0
2019-01-17 13:35,{},18.18,2731,18.21,18.18,18.18,1.2908,166.0
2019-01-17 13:40,{},18.16,2731,18.19,18.15,18.18,0.4821,62.0
2019-01-17 13:45,{},18.15,2731,18.18,18.14,18.16,0.381,49.0
2019-01-17 13:50,{},18.16,2731,18.16,18.15,18.15,0.4977,64.0
2019-01-17 13:55,{},18.15,2731,18.16,18.15,18.16,0.2722,35.0
2019-01-17 14:00,{},18.15,2731,18.15,18.14,18.15,0.1866,24.0
2019-01-17 14:05,{},18.15,2731,18.15,18.14,18.15,0.1555,20.0
2019-01-17 14:10,{},18.13,2731,18.15,18.12,18.15,0.5443,70.0
2019-01-17 14:15,{},18.13,2731,18.13,18.11,18.13,0.2255,29.0
2019-01-17 14:20,{},18.1,2731,18.13,18.1,18.13,1.4619,188.0
2019-01-17 14:25,{},18.12,2731,18.12,18.1,18.1,0.14,18.0
2019-01-17 14:30,{},18.1,2731,18.12,18.1,18.12,0.8865,114.0
2019-01-17 14:35,{},18.11,2731,18.13,18.1,18.1,0.8087,104.0
2019-01-17 14:40,{},18.13,2731,18.13,18.11,18.11,0.3188,41.0
2019-01-17 14:45,{},18.11,2731,18.15,18.11,18.13,1.4852,191.0
2019-01-17 14:50,{},18.11,2731,18.12,18.1,18.11,1.3997,180.0
2019-01-17 14:55,{},18.11,2731,18.12,18.1,18.11,1.8429,237.0
2019-01-17 15:00,{},18.1,2731,18.11,18.09,18.11,2.0995,270.0
2019-01-18 09:35,{},18.06,2731,18.1,18.05,18.1,4.3624,561.0
2019-01-18 09:40,{},18.05,2731,18.07,18.03,18.06,1.1975,154.0
2019-01-18 09:45,{},18.0,2731,18.05,18.0,18.05,3.1804,409.0
2019-01-18 09:50,{},17.95,2731,18.0,17.95,18.0,7.3173,941.0
2019-01-18 09:55,{},17.95,2731,17.96,17.92,17.95,2.7372,352.0
2019-01-18 10:00,{},17.96,2731,17.96,17.92,17.95,0.6921,89.0
2019-01-18 10:05,{},18.13,2731,18.14,17.96,17.96,2.6439,340.0
2019-01-18 10:10,{},18.1,2731,18.13,18.07,18.13,1.6096,207.0
2019-01-18 10:15,{},18.07,2731,18.1,18.07,18.1,0.2333,30.0
2019-01-18 10:20,{},18.08,2731,18.08,18.06,18.07,0.07,9.0
2019-01-18 10:25,{},18.06,2731,18.08,18.06,18.08,0.1944,25.0
2019-01-18 10:30,{},18.1,2731,18.1,18.05,18.06,1.1664,150.0
2019-01-18 10:35,{},18.06,2731,18.1,18.06,18.1,0.1944,25.0
2019-01-18 10:40,{},18.06,2731,18.06,18.05,18.06,0.3577,46.0
2019-01-18 10:45,{},18.07,2731,18.1,18.06,18.06,0.3266,42.0
2019-01-18 10:50,{},18.12,2731,18.12,18.06,18.07,1.4775,190.0
2019-01-18 10:55,{},18.09,2731,18.12,18.09,18.12,0.0933,12.0
2019-01-18 11:00,{},18.12,2731,18.15,18.09,18.09,4.0124,516.0
2019-01-18 11:05,{},18.1,2731,18.12,18.09,18.12,0.0467,6.0
2019-01-18 11:10,{},18.09,2731,18.1,18.08,18.1,0.0233,3.0
2019-01-18 11:15,{},18.12,2731,18.12,18.08,18.09,0.2022,26.0
2019-01-18 11:20,{},18.11,2731,18.12,18.11,18.12,0.07,9.0
2019-01-18 11:25,{},18.1,2731,18.11,18.1,18.11,0.07,9.0
2019-01-18 11:30,{},18.1,2731,18.11,18.1,18.1,0.0467,6.0
2019-01-18 13:05,{},18.13,2731,18.13,18.1,18.1,1.8196,234.0
2019-01-18 13:10,{},18.15,2731,18.17,18.13,18.13,2.9471,379.0
2019-01-18 13:15,{},18.11,2731,18.15,18.11,18.15,0.4432,57.0
2019-01-18 13:20,{},18.14,2731,18.14,18.11,18.11,1.9051,245.0
2019-01-18 13:25,{},18.12,2731,18.14,18.12,18.14,0.9876,127.0
2019-01-18 13:30,{},18.11,2731,18.12,18.1,18.12,0.3577,46.0
2019-01-18 13:35,{},18.12,2731,18.12,18.1,18.11,0.2877,37.0
2019-01-18 13:40,{},18.11,2731,18.13,18.11,18.12,1.7496,225.0
2019-01-18 13:45,{},18.13,2731,18.13,18.1,18.11,0.3266,42.0
2019-01-18 13:50,{},18.11,2731,18.13,18.11,18.13,0.4899,63.0
2019-01-18 13:55,{},18.11,2731,18.12,18.11,18.11,0.2022,26.0
2019-01-18 14:00,{},18.12,2731,18.12,18.1,18.11,0.2488,32.0
2019-01-18 14:05,{},18.09,2731,18.12,18.09,18.12,1.4308,184.0
2019-01-18 14:10,{},18.09,2731,18.12,18.09,18.09,1.3142,169.0
2019-01-18 14:15,{},18.11,2731,18.11,18.09,18.09,0.1011,13.0
2019-01-18 14:20,{},18.12,2731,18.12,18.09,18.11,1.3919,179.0
2019-01-18 14:25,{},18.11,2731,18.12,18.1,18.12,0.6299,81.0
2019-01-18 14:30,{},18.09,2731,18.11,18.08,18.11,1.2442,160.0
2019-01-18 14:35,{},18.08,2731,18.1,18.08,18.09,0.7154,92.0
2019-01-18 14:40,{},18.09,2731,18.09,18.08,18.08,0.0078,1.0
2019-01-18 14:45,{},18.1,2731,18.11,18.09,18.09,0.5832,75.0
2019-01-18 14:50,{},18.1,2731,18.1,18.09,18.1,0.6687,86.0
2019-01-18 14:55,{},18.14,2731,18.14,18.07,18.1,4.7823,615.0
2019-01-18 15:00,{},18.12,2731,18.14,18.1,18.14,0.6299,81.0
2019-01-21 09:35,{},18.15,2731,18.2,18.12,18.12,3.196,411.0
2019-01-21 09:40,{},18.12,2731,18.2,18.12,18.15,1.423,183.0
2019-01-21 09:45,{},18.2,2731,18.2,18.1,18.12,0.3421,44.0
2019-01-21 09:50,{},18.18,2731,18.22,18.18,18.2,1.6174,208.0
2019-01-21 09:55,{},18.2,2731,18.2,18.16,18.18,0.5677,73.0
2019-01-21 10:00,{},18.2,2731,18.2,18.18,18.2,0.2255,29.0
2019-01-21 10:05,{},18.19,2731,18.2,18.18,18.2,0.6609999999999999,85.0
2019-01-21 10:10,{},18.19,2731,18.19,18.18,18.19,0.9098,117.0
2019-01-21 10:15,{},18.19,2731,18.2,18.19,18.19,0.1322,17.0
2019-01-21 10:20,{},18.18,2731,18.19,18.18,18.19,0.2022,26.0
2019-01-21 10:25,{},18.18,2731,18.19,18.17,18.18,0.2722,35.0
2019-01-21 10:30,{},18.18,2731,18.19,18.18,18.18,1.5785,203.0
2019-01-21 10:35,{},18.17,2731,18.18,18.17,18.18,0.2722,35.0
2019-01-21 10:40,{},18.16,2731,18.17,18.15,18.17,0.5132,66.0
2019-01-21 10:45,{},18.15,2731,18.16,18.15,18.16,0.3421,44.0
2019-01-21 10:50,{},18.17,2731,18.17,18.13,18.15,2.5972,334.0
2019-01-21 10:55,{},18.15,2731,18.17,18.13,18.17,2.8694,369.0
2019-01-21 11:00,{},18.14,2731,18.15,18.14,18.15,0.0778,10.0
2019-01-21 11:05,{},18.16,2731,18.16,18.14,18.14,0.1322,17.0
2019-01-21 11:10,{},18.15,2731,18.17,18.15,18.16,1.423,183.0
2019-01-21 11:15,{},18.12,2731,18.15,18.12,18.15,2.4261,312.0
2019-01-21 11:20,{},18.13,2731,18.14,18.12,18.12,3.1260000000000003,402.0
2019-01-21 11:25,{},18.12,2731,18.14,18.12,18.13,2.3639,304.0
2019-01-21 11:30,{},18.12,2731,18.14,18.11,18.12,1.8974,244.0
2019-01-21 13:05,{},18.12,2731,18.15,18.11,18.12,3.7247,479.0
2019-01-21 13:10,{},18.13,2731,18.13,18.12,18.12,0.2177,28.0
2019-01-21 13:15,{},18.12,2731,18.13,18.12,18.13,0.1322,17.0
2019-01-21 13:20,{},18.12,2731,18.14,18.12,18.12,0.4199,54.0
2019-01-21 13:25,{},18.12,2731,18.12,18.12,18.12,0.1633,21.0
2019-01-21 13:30,{},18.12,2731,18.12,18.12,18.12,0.2333,30.0
2019-01-21 13:35,{},18.11,2731,18.13,18.11,18.12,1.7807,229.0
2019-01-21 13:40,{},18.1,2731,18.11,18.1,18.11,0.4277,55.0
2019-01-21 13:45,{},18.12,2731,18.12,18.1,18.1,0.2722,35.0
2019-01-21 13:50,{},18.13,2731,18.13,18.12,18.12,0.5054,65.0
2019-01-21 13:55,{},18.14,2731,18.14,18.13,18.13,0.4121,53.0
2019-01-21 14:00,{},18.13,2731,18.14,18.13,18.14,0.3577,46.0
2019-01-21 14:05,{},18.13,2731,18.14,18.13,18.13,0.902,116.0
2019-01-21 14:10,{},18.13,2731,18.13,18.13,18.13,0.902,116.0
2019-01-21 14:15,{},18.12,2731,18.13,18.12,18.13,0.1555,20.0
2019-01-21 14:20,{},18.12,2731,18.12,18.12,18.12,0.5599,72.0
2019-01-21 14:25,{},18.11,2731,18.12,18.11,18.12,1.6641,214.0
2019-01-21 14:30,{},18.11,2731,18.11,18.11,18.11,0.4899,63.0
2019-01-21 14:35,{},18.1,2731,18.11,18.1,18.11,0.2644,34.0
2019-01-21 14:40,{},18.1,2731,18.11,18.1,18.1,1.1353,146.0
2019-01-21 14:45,{},18.09,2731,18.1,18.09,18.1,1.1509,148.0
2019-01-21 14:50,{},18.13,2731,18.13,18.09,18.09,1.8507,238.0
2019-01-21 14:55,{},18.14,2731,18.14,18.1,18.13,0.9331,120.0
2019-01-21 15:00,{},18.15,2731,18.15,18.12,18.14,0.3188,41.0
2019-01-22 09:35,{},18.2,2731,18.27,18.13,18.27,2.7527,354.0
2019-01-22 09:40,{},18.19,2731,18.2,18.18,18.2,0.2955,38.0
2019-01-22 09:45,{},18.19,2731,18.2,18.18,18.19,1.1509,148.0
2019-01-22 09:50,{},18.18,2731,18.19,18.15,18.19,0.2255,29.0
2019-01-22 09:55,{},18.18,2731,18.18,18.16,18.18,0.9487,122.0
2019-01-22 10:00,{},18.19,2731,18.19,18.17,18.18,1.0498,135.0
2019-01-22 10:05,{},18.18,2731,18.19,18.18,18.19,0.7621,98.0
2019-01-22 10:10,{},18.18,2731,18.19,18.17,18.18,0.1166,15.0
2019-01-22 10:15,{},18.19,2731,18.19,18.18,18.18,0.1322,17.0
2019-01-22 10:20,{},18.19,2731,18.19,18.19,18.19,0.2799,36.0
2019-01-22 10:25,{},18.18,2731,18.19,18.18,18.19,0.2333,30.0
2019-01-22 10:30,{},18.19,2731,18.19,18.18,18.18,0.1555,20.0
2019-01-22 10:40,{},18.18,2731,18.18,18.17,18.17,0.14,18.0
2019-01-22 10:50,{},18.18,2731,18.18,18.17,18.17,0.2177,28.0
2019-01-22 10:55,{},18.17,2731,18.18,18.17,18.18,0.6221,80.0
2019-01-22 11:00,{},18.17,2731,18.17,18.17,18.17,0.1866,24.0
2019-01-22 11:05,{},18.17,2731,18.17,18.16,18.17,0.1089,14.0
2019-01-22 11:10,{},18.17,2731,18.17,18.16,18.17,0.1166,15.0
2019-01-22 11:15,{},18.17,2731,18.17,18.15,18.17,0.1555,20.0
2019-01-22 11:20,{},18.17,2731,18.17,18.16,18.17,0.0855,11.0
2019-01-22 11:30,{},18.17,2731,18.17,18.16,18.16,0.1011,13.0
2019-01-22 13:05,{},18.17,2731,18.18,18.15,18.17,4.6656,600.0
2019-01-22 13:10,{},18.17,2731,18.18,18.16,18.17,1.2519,161.0
2019-01-22 13:15,{},18.18,2731,18.18,18.16,18.17,1.2286,158.0
2019-01-22 13:20,{},18.16,2731,18.18,18.16,18.18,0.4821,62.0
2019-01-22 13:25,{},18.18,2731,18.18,18.15,18.16,0.3421,44.0
2019-01-22 13:30,{},18.16,2731,18.18,18.16,18.18,0.3266,42.0
2019-01-22 13:35,{},18.14,2731,18.16,18.14,18.16,1.4541,187.0
2019-01-22 13:40,{},18.14,2731,18.15,18.14,18.14,0.2333,30.0
2019-01-22 13:45,{},18.14,2731,18.15,18.14,18.14,0.8787,113.0
2019-01-22 13:50,{},18.15,2731,18.15,18.14,18.14,0.0233,3.0
2019-01-22 13:55,{},18.16,2731,18.16,18.14,18.15,0.6143,79.0
2019-01-22 14:00,{},18.16,2731,18.16,18.16,18.16,0.0311,4.0
2019-01-22 14:05,{},18.17,2731,18.18,18.16,18.16,0.8009,103.0
2019-01-22 14:10,{},18.18,2731,18.18,18.17,18.17,0.5288,68.0
2019-01-22 14:15,{},18.18,2731,18.19,18.18,18.18,0.4277,55.0
2019-01-22 14:20,{},18.17,2731,18.18,18.17,18.18,0.1711,22.0
2019-01-22 14:25,{},18.16,2731,18.18,18.15,18.17,0.5599,72.0
2019-01-22 14:30,{},18.15,2731,18.16,18.15,18.16,0.5054,65.0
2019-01-22 14:35,{},18.14,2731,18.15,18.14,18.15,0.7543,97.0
2019-01-22 14:40,{},18.13,2731,18.14,18.13,18.14,0.6921,89.0
2019-01-22 14:45,{},18.17,2731,18.17,18.12,18.13,2.1306,274.0
2019-01-22 14:50,{},18.16,2731,18.17,18.16,18.17,0.0389,5.0
2019-01-22 14:55,{},18.16,2731,18.17,18.16,18.16,0.5054,65.0
2019-01-22 15:00,{},18.18,2731,18.18,18.16,18.16,0.6299,81.0
2019-01-23 09:35,{},18.24,2731,18.25,18.15,18.15,0.8631,111.0
2019-01-23 09:40,{},18.24,2731,18.24,18.18,18.24,0.2722,35.0
2019-01-23 09:45,{},18.23,2731,18.24,18.19,18.24,0.521,67.0
2019-01-23 09:50,{},18.14,2731,18.23,18.13,18.23,3.4526,444.0
2019-01-23 09:55,{},18.18,2731,18.24,18.13,18.14,7.7761,1000.0
2019-01-23 10:00,{},18.18,2731,18.19,18.16,18.18,0.5521,71.0
2019-01-23 10:05,{},18.2,2731,18.2,18.15,18.18,2.1306,274.0
2019-01-23 10:10,{},18.18,2731,18.2,18.17,18.2,0.3966,51.0
2019-01-23 10:15,{},18.2,2731,18.2,18.18,18.18,0.5599,72.0
2019-01-23 10:20,{},18.19,2731,18.2,18.18,18.2,0.311,40.0
2019-01-23 10:25,{},18.22,2731,18.22,18.19,18.19,2.1851,281.0
2019-01-23 10:30,{},18.23,2731,18.27,18.22,18.22,2.8072,361.0
2019-01-23 10:35,{},18.23,2731,18.23,18.22,18.23,0.4355,56.0
2019-01-23 10:40,{},18.2,2731,18.23,18.2,18.23,0.0855,11.0
2019-01-23 10:45,{},18.2,2731,18.2,18.18,18.2,0.21,27.0
2019-01-23 10:50,{},18.21,2731,18.21,18.2,18.2,0.2022,26.0
2019-01-23 10:55,{},18.22,2731,18.22,18.21,18.21,0.2333,30.0
2019-01-23 11:00,{},18.22,2731,18.23,18.17,18.22,0.8865,114.0
2019-01-23 11:05,{},18.21,2731,18.22,18.21,18.22,0.0311,4.0
2019-01-23 11:10,{},18.18,2731,18.21,18.18,18.21,0.1555,20.0
2019-01-23 11:15,{},18.21,2731,18.21,18.18,18.18,0.1322,17.0
2019-01-23 11:20,{},18.18,2731,18.21,18.18,18.21,0.0389,5.0
2019-01-23 11:25,{},18.21,2731,18.21,18.18,18.18,0.2877,37.0
2019-01-23 11:30,{},18.21,2731,18.22,18.21,18.21,0.2255,29.0
2019-01-23 13:05,{},18.21,2731,18.21,18.21,18.21,0.0467,6.0
2019-01-23 13:10,{},18.21,2731,18.21,18.18,18.21,0.1011,13.0
2019-01-23 13:15,{},18.18,2731,18.21,18.18,18.21,0.0544,7.0
2019-01-23 13:20,{},18.19,2731,18.19,18.18,18.18,0.1477,19.0
2019-01-23 13:25,{},18.19,2731,18.19,18.19,18.19,0.14,18.0
2019-01-23 13:30,{},18.2,2731,18.2,18.18,18.19,0.3188,41.0
2019-01-23 13:35,{},18.2,2731,18.2,18.2,18.2,0.07,9.0
2019-01-23 13:40,{},18.17,2731,18.2,18.16,18.2,0.2255,29.0
2019-01-23 13:45,{},18.17,2731,18.17,18.16,18.17,0.3888,50.0
2019-01-23 13:50,{},18.19,2731,18.19,18.17,18.17,0.2488,32.0
2019-01-23 13:55,{},18.21,2731,18.21,18.19,18.19,0.7776,100.0
2019-01-23 14:00,{},18.21,2731,18.21,18.2,18.21,0.0467,6.0
2019-01-23 14:05,{},18.21,2731,18.21,18.14,18.21,1.874,241.0
2019-01-23 14:10,{},18.13,2731,18.21,18.13,18.21,1.1586,149.0
2019-01-23 14:15,{},18.19,2731,18.2,18.13,18.13,1.6252,209.0
2019-01-23 14:20,{},18.19,2731,18.19,18.19,18.19,0.0311,4.0
2019-01-23 14:25,{},18.2,2731,18.2,18.19,18.19,0.0622,8.0
2019-01-23 14:30,{},18.18,2731,18.2,18.18,18.2,0.0855,11.0
2019-01-23 14:35,{},18.16,2731,18.2,18.16,18.18,0.14,18.0
2019-01-23 14:40,{},18.18,2731,18.21,18.16,18.16,4.3701,562.0
2019-01-23 14:45,{},18.21,2731,18.21,18.18,18.18,0.0311,4.0
2019-01-23 14:50,{},18.2,2731,18.21,18.2,18.21,0.0467,6.0
2019-01-23 14:55,{},18.18,2731,18.27,18.17,18.2,7.3795,949.0
2019-01-23 15:00,{},18.18,2731,18.18,18.18,18.18,3.8803,499.0
2019-01-24 09:35,{},18.24,2731,18.26,18.22,18.22,2.3561,303.0
2019-01-24 09:40,{},18.12,2731,18.24,18.12,18.24,0.9953,128.0
2019-01-24 09:45,{},18.21,2731,18.22,18.12,18.12,0.2566,33.0
2019-01-24 09:50,{},18.22,2731,18.22,18.16,18.21,0.0622,8.0
2019-01-24 09:55,{},18.2,2731,18.22,18.16,18.22,0.0855,11.0
2019-01-24 10:00,{},18.14,2731,18.2,18.14,18.2,0.4044,52.0
2019-01-24 10:05,{},18.14,2731,18.14,18.11,18.14,1.0031,129.0
2019-01-24 10:10,{},18.11,2731,18.17,18.11,18.14,1.1431,147.0
2019-01-24 10:15,{},18.09,2731,18.11,18.09,18.11,1.0964,141.0
2019-01-24 10:20,{},18.08,2731,18.09,18.06,18.09,1.4308,184.0
2019-01-24 10:25,{},18.11,2731,18.11,18.06,18.08,0.1633,21.0
2019-01-24 10:30,{},18.11,2731,18.11,18.07,18.11,0.07,9.0
2019-01-24 10:35,{},18.11,2731,18.11,18.1,18.11,0.2566,33.0
2019-01-24 10:40,{},18.08,2731,18.11,18.08,18.11,0.4743,61.0
2019-01-24 10:45,{},18.08,2731,18.08,18.07,18.08,0.521,67.0
2019-01-24 10:50,{},18.08,2731,18.08,18.08,18.08,0.0544,7.0
2019-01-24 10:55,{},18.07,2731,18.08,18.07,18.08,0.2488,32.0
2019-01-24 11:00,{},18.06,2731,18.07,18.06,18.07,1.3841,178.0
2019-01-24 11:05,{},18.07,2731,18.07,18.06,18.06,0.2255,29.0
2019-01-24 11:10,{},18.08,2731,18.08,18.07,18.07,0.1866,24.0
2019-01-24 11:15,{},18.08,2731,18.08,18.06,18.08,2.2473,289.0
2019-01-24 11:20,{},18.15,2731,18.15,18.08,18.08,2.8616,368.0
2019-01-24 11:25,{},18.17,2731,18.17,18.13,18.15,2.395,308.0
2019-01-24 11:30,{},18.17,2731,18.17,18.11,18.17,0.9642,124.0
2019-01-24 13:05,{},18.14,2731,18.17,18.12,18.17,1.2986,167.0
2019-01-24 13:10,{},18.14,2731,18.14,18.14,18.14,0.1944,25.0
2019-01-24 13:15,{},18.13,2731,18.14,18.12,18.14,0.8865,114.0
2019-01-24 13:20,{},18.13,2731,18.13,18.12,18.13,0.8476,109.0
2019-01-24 13:25,{},18.2,2731,18.21,18.13,18.13,3.4059,438.0
2019-01-24 13:30,{},18.18,2731,18.24,18.18,18.2,5.9798,769.0
2019-01-24 13:35,{},18.24,2731,18.24,18.18,18.18,0.3888,50.0
2019-01-24 13:40,{},18.2,2731,18.25,18.2,18.24,0.5677,73.0
2019-01-24 13:45,{},18.37,2731,18.45,18.2,18.2,11.353,1460.0
2019-01-24 13:50,{},18.3,2731,18.37,18.3,18.37,5.2877,680.0
2019-01-24 13:55,{},18.35,2731,18.35,18.3,18.3,3.4137,439.0
2019-01-24 14:00,{},18.37,2731,18.37,18.35,18.35,2.5194,324.0
2019-01-24 14:05,{},18.37,2731,18.37,18.35,18.37,1.7652,227.0
2019-01-24 14:10,{},18.37,2731,18.37,18.37,18.37,2.675,344.0
2019-01-24 14:15,{},18.36,2731,18.37,18.34,18.37,5.0389,648.0
2019-01-24 14:20,{},18.37,2731,18.37,18.35,18.36,0.6765,87.0
2019-01-24 14:25,{},18.37,2731,18.37,18.36,18.37,0.591,76.0
2019-01-24 14:30,{},18.37,2731,18.37,18.35,18.37,0.5365,69.0
2019-01-24 14:35,{},18.35,2731,18.37,18.34,18.37,1.2675,163.0
2019-01-24 14:40,{},18.37,2731,18.37,18.35,18.35,1.3686,176.0
2019-01-24 14:45,{},18.39,2731,18.39,18.36,18.37,1.0809,139.0
2019-01-24 14:50,{},18.39,2731,18.39,18.37,18.39,0.7854,101.0
2019-01-24 14:55,{},18.4,2731,18.4,18.39,18.39,1.5552,200.0
2019-01-24 15:00,{},18.37,2731,18.4,18.37,18.4,1.6719,215.0
2019-01-25 09:35,{},18.41,2731,18.45,18.34,18.38,7.7527,997.0
2019-01-25 09:40,{},18.37,2731,18.43,18.34,18.41,0.6532,84.0
2019-01-25 09:45,{},18.35,2731,18.37,18.34,18.37,0.972,125.0
2019-01-25 09:50,{},18.34,2731,18.35,18.33,18.35,0.1788,23.0
2019-01-25 09:55,{},18.34,2731,18.34,18.33,18.34,0.2877,37.0
2019-01-25 10:00,{},18.3,2731,18.34,18.3,18.34,0.7465,96.0
2019-01-25 10:05,{},18.28,2731,18.3,18.28,18.3,0.6376,82.0
2019-01-25 10:10,{},18.26,2731,18.28,18.25,18.28,1.283,165.0
2019-01-25 10:10,{},18.26,2731,18.28,18.25,18.28,1.2830000000000001,165.0
2019-01-25 10:15,{},18.28,2731,18.28,18.26,18.26,0.6065,78.0
2019-01-25 10:20,{},18.28,2731,18.28,18.27,18.28,0.1788,23.0
2019-01-25 10:25,{},18.29,2731,18.3,18.28,18.28,6.9829,898.0
2019-01-25 10:30,{},18.28,2731,18.3,18.28,18.29,9.8911,1272.0
2019-01-25 10:35,{},18.27,2731,18.28,18.27,18.28,0.0389,5.0
2019-01-25 10:40,{},18.31,2731,18.31,18.27,18.27,1.7574,226.0
2019-01-25 10:45,{},18.26,2731,18.31,18.24,18.31,2.4339,313.0
2019-01-25 10:50,{},18.23,2731,18.26,18.23,18.26,0.4977,64.0
2019-01-25 10:55,{},18.23,2731,18.23,18.23,18.23,0.2955,38.0
2019-01-25 11:00,{},18.28,2731,18.28,18.23,18.23,1.3219,170.0
2019-01-25 11:05,{},18.28,2731,18.3,18.27,18.28,2.395,308.0
2019-01-25 11:10,{},18.31,2731,18.32,18.28,18.28,2.3406,301.0
2019-01-25 11:15,{},18.3,2731,18.31,18.3,18.31,5.8476,752.0
2019-01-25 11:20,{},18.28,2731,18.3,18.28,18.3,4.9145,632.0
2019-01-25 11:25,{},18.29,2731,18.29,18.28,18.28,0.1089,14.0
2019-01-25 11:30,{},18.29,2731,18.29,18.29,18.29,0.0156,2.0
2019-01-25 13:05,{},18.35,2731,18.35,18.29,18.29,6.5319,840.0
2019-01-25 13:10,{},18.42,2731,18.42,18.33,18.35,2.0218,260.0
2019-01-25 13:15,{},18.6,2731,18.6,18.4,18.42,10.3033,1325.0
2019-01-25 13:20,{},18.52,2731,18.6,18.51,18.6,5.0389,648.0
2019-01-25 13:25,{},18.54,2731,18.55,18.5,18.52,2.6827,345.0
2019-01-25 13:30,{},18.5,2731,18.55,18.5,18.54,3.6781,473.0
2019-01-25 13:35,{},18.51,2731,18.51,18.5,18.5,3.2893,423.0
2019-01-25 13:40,{},18.51,2731,18.52,18.49,18.51,2.7605,355.0
2019-01-25 13:45,{},18.51,2731,18.52,18.5,18.51,1.2364,159.0
2019-01-25 13:50,{},18.51,2731,18.52,18.51,18.51,2.5972,334.0
2019-01-25 13:55,{},18.52,2731,18.52,18.5,18.51,1.1353,146.0
2019-01-25 14:00,{},18.5,2731,18.52,18.5,18.52,0.3499,45.0
2019-01-25 14:05,{},18.5,2731,18.52,18.5,18.5,4.238,545.0
2019-01-25 14:10,{},18.51,2731,18.52,18.5,18.5,1.3997,180.0
2019-01-25 14:15,{},18.52,2731,18.52,18.5,18.51,0.9642,124.0
2019-01-25 14:20,{},18.52,2731,18.52,18.51,18.52,1.8663,240.0
2019-01-25 14:25,{},18.53,2731,18.55,18.52,18.52,2.4883,320.0
2019-01-25 14:30,{},18.54,2731,18.55,18.53,18.53,3.1571,406.0
2019-01-25 14:35,{},18.5,2731,18.56,18.5,18.54,4.0436,520.0
2019-01-25 14:40,{},18.55,2731,18.55,18.5,18.5,4.8212,620.0
2019-01-25 14:45,{},18.55,2731,18.59,18.55,18.55,14.0202,1803.0
2019-01-25 14:50,{},18.55,2731,18.56,18.51,18.55,5.0078,644.0
2019-01-25 14:55,{},18.53,2731,18.56,18.51,18.55,2.9238,376.0
2019-01-25 15:00,{},18.53,2731,18.55,18.51,18.53,1.0187,131.0
2019-01-28 09:35,{},18.74,2731,18.74,18.6,18.6,4.7123,606.0
2019-01-28 09:40,{},18.67,2731,18.75,18.67,18.74,3.196,411.0
2019-01-28 09:45,{},18.65,2731,18.67,18.65,18.67,1.0886,140.0
2019-01-28 09:50,{},18.65,2731,18.66,18.65,18.65,0.3966,51.0
2019-01-28 09:55,{},18.7,2731,18.71,18.61,18.65,3.4215,440.0
2019-01-28 10:00,{},18.68,2731,18.71,18.66,18.7,2.3173,298.0
2019-01-28 10:05,{},18.68,2731,18.68,18.66,18.68,0.6376,82.0
2019-01-28 10:10,{},18.78,2731,18.8,18.67,18.68,9.3935,1208.0
2019-01-28 10:15,{},18.82,2731,18.86,18.78,18.78,4.3002,553.0
2019-01-28 10:20,{},18.74,2731,18.82,18.73,18.82,1.6485,212.0
2019-01-28 10:25,{},18.73,2731,18.75,18.73,18.74,0.2566,33.0
2019-01-28 10:30,{},18.68,2731,18.73,18.68,18.73,3.1104,400.0
2019-01-28 10:35,{},18.75,2731,18.76,18.67,18.68,2.3717,305.0
2019-01-28 10:40,{},18.67,2731,18.75,18.67,18.75,0.9798,126.0
2019-01-28 10:45,{},18.65,2731,18.66,18.65,18.66,3.3048,425.0
2019-01-28 10:50,{},18.66,2731,18.66,18.65,18.65,1.0031,129.0
2019-01-28 10:55,{},18.7,2731,18.7,18.65,18.66,0.4277,55.0
2019-01-28 11:00,{},18.72,2731,18.72,18.69,18.7,0.3733,48.0
2019-01-28 11:05,{},18.73,2731,18.74,18.7,18.72,0.8087,104.0
2019-01-28 11:10,{},18.8,2731,18.81,18.73,18.73,8.0949,1041.0
2019-01-28 11:15,{},18.74,2731,18.8,18.74,18.8,0.0233,3.0
2019-01-28 11:20,{},18.8,2731,18.81,18.74,18.74,0.8398,108.0
2019-01-28 11:25,{},18.88,2731,18.97,18.79,18.8,3.8491,495.0
2019-01-28 11:30,{},18.9,2731,18.98,18.85,18.88,2.465,317.0
2019-01-28 13:05,{},18.88,2731,18.9,18.85,18.9,2.3484,302.0
2019-01-28 13:10,{},18.84,2731,18.9,18.84,18.88,3.7403,481.0
2019-01-28 13:15,{},18.82,2731,18.85,18.8,18.84,1.6563,213.0
2019-01-28 13:20,{},18.8,2731,18.85,18.8,18.82,0.7309,94.0
2019-01-28 13:25,{},18.8,2731,18.82,18.8,18.8,0.6454,83.0
2019-01-28 13:30,{},18.79,2731,18.8,18.78,18.8,3.1649,407.0
2019-01-28 13:35,{},18.79,2731,18.79,18.77,18.79,3.4448,443.0
2019-01-28 13:40,{},18.76,2731,18.79,18.75,18.79,3.1104,400.0
2019-01-28 13:45,{},18.7,2731,18.79,18.7,18.76,3.7403,481.0
2019-01-28 13:50,{},18.7,2731,18.71,18.69,18.7,0.4821,62.0
2019-01-28 13:55,{},18.69,2731,18.7,18.68,18.7,0.4199,54.0
2019-01-28 14:00,{},18.7,2731,18.7,18.65,18.69,0.6376,82.0
2019-01-28 14:05,{},18.7,2731,18.7,18.65,18.7,0.5521,71.0
2019-01-28 14:10,{},18.72,2731,18.72,18.68,18.7,0.8087,104.0
2019-01-28 14:15,{},18.7,2731,18.73,18.7,18.72,0.2955,38.0
2019-01-28 14:20,{},18.68,2731,18.7,18.68,18.7,0.3966,51.0
2019-01-28 14:25,{},18.62,2731,18.68,18.62,18.68,1.9984,257.0
2019-01-28 14:30,{},18.65,2731,18.66,18.62,18.62,1.1353,146.0
2019-01-28 14:35,{},18.68,2731,18.68,18.65,18.65,0.4355,56.0
2019-01-28 14:40,{},18.7,2731,18.7,18.68,18.68,0.4899,63.0
2019-01-28 14:45,{},18.68,2731,18.7,18.68,18.7,0.4588,59.0
2019-01-28 14:50,{},18.71,2731,18.73,18.68,18.68,0.7387,95.0
2019-01-28 14:55,{},18.73,2731,18.73,18.68,18.71,2.1384,275.0
2019-01-28 15:00,{},18.75,2731,18.75,18.72,18.73,1.1742,151.0
2019-01-29 09:35,{},18.75,2731,19.08,18.75,18.78,27.6517,3556.0
2019-01-29 09:40,{},18.72,2731,18.76,18.72,18.75,1.1742,151.0
2019-01-29 09:45,{},18.68,2731,18.73,18.65,18.72,2.7061,348.0
2019-01-29 09:50,{},18.77,2731,18.77,18.68,18.68,1.3530000000000002,174.0
2019-01-29 09:55,{},18.71,2731,18.77,18.7,18.77,0.8709,112.0
2019-01-29 10:00,{},18.68,2731,18.72,18.66,18.71,1.7574,226.0
2019-01-29 10:05,{},18.62,2731,18.72,18.62,18.68,2.2706,292.0
2019-01-29 10:10,{},18.6,2731,18.64,18.55,18.62,6.7652,870.0
2019-01-29 10:15,{},18.56,2731,18.6,18.56,18.6,1.0187,131.0
2019-01-29 10:20,{},18.51,2731,18.56,18.49,18.56,5.1478,662.0
2019-01-29 10:25,{},18.52,2731,18.53,18.5,18.51,2.0218,260.0
2019-01-29 10:30,{},18.64,2731,18.64,18.52,18.52,0.5132,66.0
2019-01-29 10:35,{},18.53,2731,18.64,18.53,18.64,0.2644,34.0
2019-01-29 10:40,{},18.6,2731,18.6,18.53,18.53,0.6299,81.0
2019-01-29 10:45,{},18.66,2731,18.66,18.6,18.6,0.0544,7.0
2019-01-29 10:50,{},18.77,2731,18.77,18.66,18.66,0.5677,73.0
2019-01-29 10:55,{},18.7,2731,18.77,18.7,18.77,0.1477,19.0
2019-01-29 11:00,{},18.7,2731,18.7,18.7,18.7,0.1633,21.0
2019-01-29 11:05,{},18.7,2731,18.71,18.7,18.7,0.311,40.0
2019-01-29 11:10,{},18.75,2731,18.75,18.7,18.7,0.5288,68.0
2019-01-29 11:15,{},18.72,2731,18.75,18.72,18.75,0.1244,16.0
2019-01-29 11:20,{},18.7,2731,18.72,18.66,18.72,0.1633,21.0
2019-01-29 11:25,{},18.7,2731,18.7,18.66,18.7,0.2877,37.0
2019-01-29 11:30,{},18.7,2731,18.7,18.7,18.7,0.0,0.0
2019-01-29 13:05,{},18.67,2731,18.7,18.67,18.7,0.1633,21.0
2019-01-29 13:10,{},18.66,2731,18.67,18.66,18.67,0.1633,21.0
2019-01-29 13:15,{},18.66,2731,18.67,18.66,18.66,0.0933,12.0
2019-01-29 13:20,{},18.66,2731,18.66,18.6,18.66,0.5288,68.0
2019-01-29 13:25,{},18.75,2731,18.75,18.66,18.66,4.8756,627.0
2019-01-29 13:30,{},18.78,2731,18.8,18.75,18.75,2.4495,315.0
2019-01-29 13:35,{},18.67,2731,18.78,18.67,18.78,1.3841,178.0
2019-01-29 13:40,{},18.67,2731,18.75,18.67,18.67,0.4121,53.0
2019-01-29 13:45,{},18.67,2731,18.67,18.67,18.67,0.0544,7.0
2019-01-29 13:50,{},18.7,2731,18.7,18.65,18.67,0.07,9.0
2019-01-29 13:55,{},18.65,2731,18.7,18.65,18.7,0.3577,46.0
2019-01-29 14:00,{},18.64,2731,18.65,18.64,18.65,0.1011,13.0
2019-01-29 14:05,{},18.64,2731,18.66,18.64,18.64,0.1166,15.0
2019-01-29 14:10,{},18.63,2731,18.64,18.63,18.64,0.5365,69.0
2019-01-29 14:15,{},18.68,2731,18.75,18.63,18.63,0.7698,99.0
2019-01-29 14:20,{},18.68,2731,18.68,18.68,18.68,0.0855,11.0
2019-01-29 14:25,{},18.7,2731,18.7,18.67,18.68,3.7714,485.0
2019-01-29 14:30,{},18.7,2731,18.72,18.7,18.7,0.0933,12.0
2019-01-29 14:35,{},18.75,2731,18.75,18.7,18.7,0.3033,39.0
2019-01-29 14:40,{},18.72,2731,18.78,18.72,18.75,0.4899,63.0
2019-01-29 14:45,{},18.71,2731,18.73,18.71,18.72,0.6998,90.0
2019-01-29 14:50,{},18.52,2731,18.71,18.52,18.71,3.1026,399.0
2019-01-29 14:55,{},18.68,2731,18.68,18.49,18.52,4.0358,519.0
2019-01-29 15:00,{},18.65,2731,18.68,18.51,18.68,0.7543,97.0
2019-01-30 09:35,{},18.67,2731,18.71,18.65,18.7,2.7916,359.0
2019-01-30 09:40,{},18.67,2731,18.72,18.65,18.67,3.4837,448.0
2019-01-30 09:45,{},18.65,2731,18.68,18.61,18.67,1.4075,181.0
2019-01-30 09:50,{},18.65,2731,18.67,18.63,18.65,2.4728,318.0
2019-01-30 09:55,{},18.65,2731,18.65,18.63,18.65,0.6687,86.0
2019-01-30 10:00,{},18.65,2731,18.65,18.63,18.65,2.0451,263.0
2019-01-30 10:05,{},18.6,2731,18.65,18.6,18.65,0.4666,60.0
2019-01-30 10:10,{},18.62,2731,18.65,18.6,18.6,0.7776,100.0
2019-01-30 10:15,{},18.62,2731,18.63,18.62,18.62,0.2488,32.0
2019-01-30 10:20,{},18.61,2731,18.62,18.61,18.62,0.1322,17.0
2019-01-30 10:25,{},18.59,2731,18.63,18.59,18.61,1.6252,209.0
2019-01-30 10:30,{},18.55,2731,18.59,18.55,18.59,1.6952,218.0
2019-01-30 10:35,{},18.6,2731,18.6,18.55,18.55,2.3795,306.0
2019-01-30 10:40,{},18.56,2731,18.6,18.56,18.6,0.8476,109.0
2019-01-30 10:45,{},18.55,2731,18.57,18.55,18.56,0.3499,45.0
2019-01-30 10:50,{},18.58,2731,18.58,18.55,18.55,0.0389,5.0
2019-01-30 10:55,{},18.57,2731,18.58,18.57,18.58,0.0933,12.0
2019-01-30 11:00,{},18.56,2731,18.57,18.56,18.57,0.2877,37.0
2019-01-30 11:05,{},18.57,2731,18.59,18.55,18.56,0.7621,98.0
2019-01-30 11:10,{},18.57,2731,18.59,18.57,18.57,0.0933,12.0
2019-01-30 11:15,{},18.57,2731,18.57,18.55,18.57,0.7076,91.0
2019-01-30 11:20,{},18.55,2731,18.57,18.55,18.57,1.7885,230.0
2019-01-30 11:25,{},18.6,2731,18.63,18.55,18.55,1.9285,248.0
2019-01-30 11:30,{},18.61,2731,18.61,18.6,18.6,0.0389,5.0
2019-01-30 13:05,{},18.58,2731,18.61,18.58,18.61,0.4666,60.0
2019-01-30 13:10,{},18.55,2731,18.58,18.55,18.58,0.6843,88.0
2019-01-30 13:15,{},18.6,2731,18.6,18.55,18.55,0.5288,68.0
2019-01-30 13:20,{},18.55,2731,18.6,18.55,18.6,0.3266,42.0
2019-01-30 13:25,{},18.55,2731,18.57,18.53,18.55,3.3826,435.0
2019-01-30 13:30,{},18.56,2731,18.56,18.55,18.55,1.6019,206.0
2019-01-30 13:35,{},18.56,2731,18.56,18.55,18.56,0.3655,47.0
2019-01-30 13:40,{},18.55,2731,18.56,18.53,18.56,0.5677,73.0
2019-01-30 13:45,{},18.55,2731,18.55,18.53,18.55,0.6065,78.0
2019-01-30 13:50,{},18.55,2731,18.55,18.53,18.55,0.4743,61.0
2019-01-30 13:55,{},18.53,2731,18.56,18.53,18.55,0.2177,28.0
2019-01-30 14:00,{},18.51,2731,18.53,18.51,18.53,1.3297,171.0
2019-01-30 14:05,{},18.5,2731,18.51,18.5,18.51,1.6407,211.0
2019-01-30 14:10,{},18.5,2731,18.54,18.5,18.5,1.944,250.0
2019-01-30 14:15,{},18.5,2731,18.5,18.5,18.5,0.311,40.0
2019-01-30 14:20,{},18.5,2731,18.52,18.5,18.5,0.4044,52.0
2019-01-30 14:25,{},18.52,2731,18.52,18.48,18.5,2.9394,378.0
2019-01-30 14:30,{},18.5,2731,18.52,18.45,18.52,5.2488,675.0
2019-01-30 14:35,{},18.48,2731,18.5,18.46,18.5,0.5988,77.0
2019-01-30 14:40,{},18.44,2731,18.48,18.43,18.48,1.8196,234.0
2019-01-30 14:45,{},18.44,2731,18.46,18.42,18.44,1.5319,197.0
2019-01-30 14:50,{},18.42,2731,18.45,18.42,18.44,1.0498,135.0
2019-01-30 14:55,{},18.46,2731,18.46,18.42,18.42,1.5630000000000002,201.0
2019-01-30 15:00,{},18.53,2731,18.55,18.46,18.46,1.9051,245.0
2019-01-31 09:35,{},18.51,2731,18.63,18.48,18.53,7.8149,1005.0
2019-01-31 09:40,{},18.45,2731,18.52,18.45,18.51,3.7636,484.0
2019-01-31 09:45,{},18.39,2731,18.45,18.39,18.45,2.6283,338.0
2019-01-31 09:50,{},18.43,2731,18.43,18.35,18.39,2.7061,348.0
2019-01-31 09:55,{},18.4,2731,18.43,18.36,18.43,0.5832,75.0
2019-01-31 10:00,{},18.45,2731,18.45,18.36,18.4,0.6921,89.0
2019-01-31 10:05,{},18.43,2731,18.49,18.41,18.45,1.0886,140.0
2019-01-31 10:10,{},18.43,2731,18.45,18.43,18.43,0.5599,72.0
2019-01-31 10:15,{},18.4,2731,18.43,18.39,18.43,0.8165,105.0
2019-01-31 10:20,{},18.4,2731,18.42,18.39,18.4,0.6454,83.0
2019-01-31 10:25,{},18.37,2731,18.4,18.37,18.4,0.1477,19.0
2019-01-31 10:30,{},18.35,2731,18.37,18.35,18.37,0.8787,113.0
2019-01-31 10:35,{},18.37,2731,18.38,18.35,18.35,0.7076,91.0
2019-01-31 10:40,{},18.38,2731,18.39,18.37,18.37,0.4899,63.0
2019-01-31 10:45,{},18.37,2731,18.38,18.37,18.38,0.21,27.0
2019-01-31 10:50,{},18.37,2731,18.37,18.36,18.37,0.521,67.0
2019-01-31 10:55,{},18.48,2731,18.5,18.37,18.37,4.1602,535.0
2019-01-31 11:00,{},18.42,2731,18.48,18.42,18.48,0.5832,75.0
2019-01-31 11:05,{},18.4,2731,18.42,18.4,18.42,0.1788,23.0
2019-01-31 11:10,{},18.36,2731,18.4,18.36,18.4,0.1788,23.0
2019-01-31 11:15,{},18.38,2731,18.39,18.36,18.36,0.2799,36.0
2019-01-31 11:20,{},18.33,2731,18.39,18.33,18.38,0.902,116.0
2019-01-31 11:25,{},18.43,2731,18.43,18.3,18.33,2.6672,343.0
2019-01-31 11:30,{},18.41,2731,18.43,18.41,18.43,0.2177,28.0
2019-01-31 13:05,{},18.39,2731,18.41,18.39,18.41,0.21,27.0
2019-01-31 13:10,{},18.39,2731,18.39,18.39,18.39,0.0078,1.0
2019-01-31 13:15,{},18.38,2731,18.39,18.38,18.39,0.451,58.0
2019-01-31 13:20,{},18.38,2731,18.38,18.35,18.38,0.4588,59.0
2019-01-31 13:25,{},18.36,2731,18.38,18.35,18.38,0.2022,26.0
2019-01-31 13:30,{},18.36,2731,18.37,18.35,18.36,0.7698,99.0
2019-01-31 13:35,{},18.36,2731,18.37,18.35,18.36,0.4821,62.0
2019-01-31 13:40,{},18.35,2731,18.38,18.35,18.36,0.2411,31.0
2019-01-31 13:45,{},18.37,2731,18.37,18.35,18.35,0.3888,50.0
2019-01-31 13:50,{},18.37,2731,18.38,18.37,18.37,0.1944,25.0
2019-01-31 13:55,{},18.36,2731,18.38,18.35,18.37,0.5754,74.0
2019-01-31 14:00,{},18.35,2731,18.36,18.34,18.36,1.0264,132.0
2019-01-31 14:05,{},18.32,2731,18.35,18.32,18.35,1.3608,175.0
2019-01-31 14:10,{},18.31,2731,18.34,18.3,18.32,5.5599,715.0
2019-01-31 14:15,{},18.32,2731,18.34,18.31,18.31,1.0886,140.0
2019-01-31 14:20,{},18.34,2731,18.34,18.31,18.32,0.4355,56.0
2019-01-31 14:25,{},18.36,2731,18.36,18.34,18.34,0.5288,68.0
2019-01-31 14:30,{},18.34,2731,18.36,18.34,18.36,0.0156,2.0
2019-01-31 14:35,{},18.4,2731,18.4,18.34,18.34,4.8212,620.0
2019-01-31 14:40,{},18.39,2731,18.4,18.35,18.4,0.8476,109.0
2019-01-31 14:45,{},18.38,2731,18.4,18.37,18.39,3.4915,449.0
2019-01-31 14:50,{},18.39,2731,18.39,18.36,18.38,1.1353,146.0
2019-01-31 14:55,{},18.34,2731,18.39,18.32,18.39,3.6781,473.0
2019-01-31 15:00,{},18.38,2731,18.38,18.34,18.34,3.9036,502.0
2019-02-01 09:35,{},18.52,2731,18.52,18.42,18.45,2.0218,260.0
2019-02-01 09:40,{},18.5,2731,18.52,18.46,18.52,0.5754,74.0
2019-02-01 09:45,{},18.48,2731,18.5,18.48,18.5,0.9565,123.0
2019-02-01 09:50,{},18.44,2731,18.48,18.44,18.48,1.5863,204.0
2019-02-01 09:55,{},18.5,2731,18.5,18.44,18.44,0.8787,113.0
2019-02-01 10:00,{},18.51,2731,18.51,18.5,18.5,0.0544,7.0
2019-02-01 10:05,{},18.5,2731,18.51,18.48,18.51,0.3344,43.0
2019-02-01 10:10,{},18.48,2731,18.5,18.48,18.5,0.1244,16.0
2019-02-01 10:15,{},18.51,2731,18.51,18.48,18.48,1.6719,215.0
2019-02-01 10:20,{},18.51,2731,18.51,18.48,18.51,0.3577,46.0
2019-02-01 10:25,{},18.51,2731,18.51,18.46,18.51,0.2955,38.0
2019-02-01 10:30,{},18.51,2731,18.51,18.51,18.51,0.0778,10.0
2019-02-01 10:35,{},18.49,2731,18.51,18.48,18.51,0.1866,24.0
2019-02-01 10:40,{},18.5,2731,18.5,18.49,18.49,0.0933,12.0
2019-02-01 10:45,{},18.5,2731,18.5,18.48,18.5,0.2488,32.0
2019-02-01 10:50,{},18.51,2731,18.51,18.5,18.5,1.8352,236.0
2019-02-01 10:55,{},18.51,2731,18.51,18.5,18.51,0.3966,51.0
2019-02-01 11:00,{},18.5,2731,18.51,18.5,18.51,0.3033,39.0
2019-02-01 11:05,{},18.51,2731,18.51,18.5,18.5,0.2333,30.0
2019-02-01 11:10,{},18.5,2731,18.51,18.48,18.51,0.2566,33.0
2019-02-01 11:15,{},18.51,2731,18.51,18.5,18.5,0.0855,11.0
2019-02-01 11:20,{},18.52,2731,18.52,18.51,18.51,0.591,76.0
2019-02-01 11:25,{},18.53,2731,18.53,18.52,18.52,0.4355,56.0
2019-02-01 11:30,{},18.53,2731,18.53,18.53,18.53,0.0156,2.0
2019-02-01 13:05,{},18.5,2731,18.53,18.5,18.53,0.0467,6.0
2019-02-01 13:10,{},18.52,2731,18.52,18.48,18.5,0.4121,53.0
2019-02-01 13:15,{},18.48,2731,18.52,18.48,18.52,0.07,9.0
2019-02-01 13:20,{},18.52,2731,18.52,18.48,18.48,0.3033,39.0
2019-02-01 13:25,{},18.52,2731,18.52,18.48,18.52,0.1866,24.0
2019-02-01 13:30,{},18.55,2731,18.55,18.48,18.52,9.6656,1243.0
2019-02-01 13:35,{},18.59,2731,18.6,18.55,18.55,1.3841,178.0
2019-02-01 13:40,{},18.4,2731,18.59,18.35,18.59,9.8989,1273.0
2019-02-01 13:45,{},18.42,2731,18.51,18.4,18.4,1.2053,155.0
2019-02-01 13:50,{},18.37,2731,18.42,18.37,18.42,1.8818,242.0
2019-02-01 13:55,{},18.5,2731,18.5,18.3,18.37,3.1571,406.0
2019-02-01 14:00,{},18.55,2731,18.55,18.5,18.5,0.5365,69.0
2019-02-01 14:05,{},18.52,2731,18.55,18.52,18.55,0.14,18.0
2019-02-01 14:10,{},18.48,2731,18.52,18.48,18.52,1.2131,156.0
2019-02-01 14:15,{},18.47,2731,18.5,18.43,18.48,0.9176,118.0
2019-02-01 14:20,{},18.49,2731,18.49,18.47,18.47,0.0078,1.0
2019-02-01 14:25,{},18.54,2731,18.54,18.49,18.49,0.21,27.0
2019-02-01 14:30,{},18.51,2731,18.54,18.5,18.54,0.6143,79.0
2019-02-01 14:35,{},18.5,2731,18.51,18.5,18.51,0.2255,29.0
2019-02-01 14:40,{},18.5,2731,18.5,18.5,18.5,0.2177,28.0
2019-02-01 14:45,{},18.49,2731,18.5,18.49,18.5,0.0233,3.0
2019-02-01 14:50,{},18.45,2731,18.49,18.45,18.49,1.5008,193.0
2019-02-01 14:55,{},18.45,2731,18.58,18.45,18.45,2.605,335.0
2019-02-01 15:00,{},18.54,2731,18.54,18.45,18.45,1.4152,182.0
2019-02-12 14:55,{},18.83,2731,18.88,18.78,18.83,1.8429,237.0
2019-02-12 15:00,{},18.82,2731,18.83,18.82,18.83,0.5521,71.0
2019-02-13 09:35,{},18.83,2731,18.95,18.82,18.85,2.325,299.0
2019-02-13 09:40,{},18.75,2731,18.83,18.75,18.83,0.4044,52.0
2019-02-13 09:45,{},18.81,2731,18.83,18.75,18.75,0.1711,22.0
2019-02-13 09:50,{},18.82,2731,18.82,18.8,18.81,0.3421,44.0
2019-02-13 09:55,{},18.8,2731,18.82,18.75,18.82,2.0296,261.0
2019-02-13 10:00,{},18.73,2731,18.8,18.73,18.8,3.4992,450.0
2019-02-13 10:05,{},18.72,2731,18.75,18.71,18.73,2.5894,333.0
2019-02-13 10:10,{},18.8,2731,18.8,18.72,18.72,0.9098,117.0
2019-02-13 10:15,{},18.73,2731,18.8,18.73,18.8,0.2877,37.0
2019-02-13 10:20,{},18.74,2731,18.75,18.73,18.73,0.3033,39.0
2019-02-13 10:25,{},18.72,2731,18.74,18.72,18.74,0.9331,120.0
2019-02-13 10:30,{},18.73,2731,18.74,18.72,18.72,0.4977,64.0
2019-02-13 10:35,{},18.74,2731,18.74,18.73,18.73,0.4355,56.0
2019-02-13 10:40,{},18.71,2731,18.74,18.71,18.74,0.3033,39.0
2019-02-13 10:45,{},18.73,2731,18.73,18.71,18.71,0.4355,56.0
2019-02-13 10:50,{},18.74,2731,18.74,18.73,18.73,0.2333,30.0
2019-02-13 10:55,{},18.74,2731,18.75,18.73,18.74,0.5288,68.0
2019-02-13 11:00,{},18.74,2731,18.74,18.72,18.74,0.1089,14.0
2019-02-13 11:05,{},18.72,2731,18.74,18.71,18.74,0.8554,110.0
2019-02-13 11:10,{},18.72,2731,18.74,18.72,18.72,0.0778,10.0
2019-02-13 11:15,{},18.73,2731,18.74,18.72,18.72,0.4821,62.0
2019-02-13 11:20,{},18.85,2731,18.85,18.73,18.73,2.1462,276.0
2019-02-13 11:25,{},18.83,2731,18.9,18.83,18.85,3.1104,400.0
2019-02-13 11:30,{},18.85,2731,18.85,18.83,18.83,0.2722,35.0
2019-02-13 13:05,{},18.82,2731,18.85,18.82,18.85,0.0233,3.0
2019-02-13 13:10,{},18.82,2731,18.84,18.82,18.82,0.0467,6.0
2019-02-13 13:15,{},18.83,2731,18.83,18.82,18.82,0.0933,12.0
2019-02-13 13:20,{},18.84,2731,18.84,18.83,18.83,0.0544,7.0
2019-02-13 13:25,{},18.85,2731,18.85,18.82,18.84,0.6221,80.0
2019-02-13 13:30,{},18.83,2731,18.85,18.82,18.85,0.14,18.0
2019-02-13 13:35,{},18.82,2731,18.83,18.82,18.83,0.2333,30.0
2019-02-13 13:40,{},18.86,2731,18.86,18.82,18.82,0.8631,111.0
2019-02-13 13:45,{},18.83,2731,18.86,18.83,18.86,0.0778,10.0
2019-02-13 13:50,{},18.84,2731,18.84,18.82,18.83,0.2955,38.0
2019-02-13 13:55,{},18.8,2731,18.84,18.8,18.84,0.6299,81.0
2019-02-13 14:00,{},18.8,2731,18.83,18.8,18.8,0.3188,41.0
2019-02-13 14:05,{},18.8,2731,18.83,18.8,18.8,0.1711,22.0
2019-02-13 14:10,{},18.79,2731,18.83,18.79,18.8,0.3577,46.0
2019-02-13 14:15,{},18.78,2731,18.79,18.75,18.79,0.6376,82.0
2019-02-13 14:20,{},18.83,2731,18.83,18.78,18.78,0.1011,13.0
2019-02-13 14:25,{},18.82,2731,18.83,18.82,18.83,0.0778,10.0
2019-02-13 14:30,{},18.83,2731,18.83,18.82,18.82,0.0622,8.0
2019-02-13 14:35,{},18.8,2731,18.83,18.76,18.83,0.8476,109.0
2019-02-13 14:40,{},18.85,2731,18.86,18.8,18.8,1.2208,157.0
2019-02-13 14:45,{},18.82,2731,18.85,18.77,18.85,0.4666,60.0
2019-02-13 14:50,{},18.78,2731,18.82,18.78,18.82,0.1944,25.0
2019-02-13 14:55,{},18.8,2731,18.8,18.76,18.78,1.8118,233.0
2019-02-13 15:00,{},18.8,2731,18.8,18.79,18.8,1.1353,146.0
2019-02-14 09:35,{},18.76,2731,18.85,18.75,18.82,0.6299,81.0
2019-02-14 09:40,{},18.83,2731,18.83,18.75,18.76,0.2177,28.0
2019-02-14 09:45,{},18.78,2731,18.83,18.76,18.83,0.2644,34.0
2019-02-14 09:50,{},18.8,2731,18.8,18.77,18.78,0.5599,72.0
2019-02-14 09:55,{},18.77,2731,18.8,18.77,18.8,0.3733,48.0
2019-02-14 10:00,{},18.78,2731,18.8,18.77,18.77,1.4386,185.0
2019-02-14 10:05,{},18.8,2731,18.8,18.78,18.78,0.9798,126.0
2019-02-14 10:10,{},18.8,2731,18.8,18.79,18.8,0.8243,106.0
2019-02-14 10:15,{},18.79,2731,18.8,18.79,18.8,2.3484,302.0
2019-02-14 10:20,{},18.8,2731,18.8,18.78,18.79,1.4852,191.0
2019-02-14 10:25,{},18.79,2731,18.8,18.78,18.8,0.7932,102.0
2019-02-14 10:30,{},18.8,2731,18.8,18.79,18.79,0.8165,105.0
2019-02-14 10:35,{},18.8,2731,18.8,18.8,18.8,0.7465,96.0
2019-02-14 10:40,{},18.78,2731,18.8,18.78,18.8,1.1198,144.0
2019-02-14 10:45,{},18.77,2731,18.8,18.77,18.78,2.2706,292.0
2019-02-14 10:50,{},18.79,2731,18.8,18.76,18.77,0.5988,77.0
2019-02-14 10:55,{},18.8,2731,18.8,18.76,18.79,0.6843,88.0
2019-02-14 11:00,{},18.8,2731,18.8,18.79,18.8,0.3499,45.0
2019-02-14 11:05,{},18.79,2731,18.8,18.79,18.8,0.1788,23.0
2019-02-14 11:10,{},18.8,2731,18.8,18.79,18.79,0.2722,35.0
2019-02-14 11:15,{},18.8,2731,18.8,18.8,18.8,0.1633,21.0
2019-02-14 11:20,{},18.8,2731,18.8,18.79,18.8,0.381,49.0
2019-02-14 11:25,{},18.8,2731,18.8,18.79,18.8,0.1711,22.0
2019-02-14 11:30,{},18.8,2731,18.8,18.8,18.8,0.1555,20.0
2019-02-14 13:05,{},18.79,2731,18.8,18.79,18.8,0.6299,81.0
2019-02-14 13:10,{},18.79,2731,18.8,18.79,18.79,0.5754,74.0
2019-02-14 13:15,{},18.8,2731,18.8,18.79,18.79,0.1322,17.0
2019-02-14 13:20,{},18.8,2731,18.8,18.8,18.8,0.1322,17.0
2019-02-14 13:25,{},18.75,2731,18.8,18.75,18.8,1.3919,179.0
2019-02-14 13:30,{},18.79,2731,18.79,18.75,18.75,0.1166,15.0
2019-02-14 13:35,{},18.8,2731,18.8,18.75,18.79,0.2488,32.0
2019-02-14 13:40,{},18.79,2731,18.8,18.79,18.8,0.2177,28.0
2019-02-14 13:45,{},18.79,2731,18.8,18.76,18.79,0.9098,117.0
2019-02-14 13:50,{},18.79,2731,18.79,18.79,18.79,0.0778,10.0
2019-02-14 13:55,{},18.76,2731,18.79,18.76,18.79,0.2255,29.0
2019-02-14 14:00,{},18.8,2731,18.8,18.76,18.76,0.521,67.0
2019-02-14 14:05,{},18.81,2731,18.81,18.76,18.8,0.1166,15.0
2019-02-14 14:10,{},18.85,2731,18.85,18.81,18.81,0.5521,71.0
2019-02-14 14:15,{},18.86,2731,18.86,18.85,18.85,0.2177,28.0
2019-02-14 14:20,{},18.85,2731,18.86,18.84,18.86,0.3888,50.0
2019-02-14 14:25,{},18.81,2731,18.85,18.81,18.85,0.14,18.0
2019-02-14 14:30,{},18.81,2731,18.84,18.81,18.81,0.6376,82.0
2019-02-14 14:35,{},18.82,2731,18.84,18.81,18.81,0.1166,15.0
2019-02-14 14:40,{},18.84,2731,18.84,18.82,18.82,0.21,27.0
2019-02-14 14:45,{},18.85,2731,18.85,18.82,18.84,0.6765,87.0
2019-02-14 14:50,{},18.83,2731,18.86,18.83,18.85,1.1897,153.0
2019-02-14 14:55,{},18.82,2731,18.85,18.81,18.83,1.3608,175.0
2019-02-14 15:00,{},18.85,2731,18.85,18.82,18.82,0.9331,120.0
2019-02-15 09:35,{},18.84,2731,18.85,18.78,18.85,1.2131,156.0
2019-02-15 09:40,{},18.73,2731,18.84,18.73,18.84,1.9907,256.0
2019-02-15 09:45,{},18.72,2731,18.73,18.71,18.73,0.4588,59.0
2019-02-15 09:50,{},18.72,2731,18.73,18.71,18.72,0.3033,39.0
2019-02-15 09:55,{},18.73,2731,18.73,18.71,18.72,0.5677,73.0
2019-02-15 10:00,{},18.74,2731,18.74,18.72,18.73,0.4977,64.0
2019-02-15 10:05,{},18.74,2731,18.75,18.73,18.74,0.1866,24.0
2019-02-15 10:10,{},18.73,2731,18.74,18.73,18.74,0.2411,31.0
2019-02-15 10:15,{},18.75,2731,18.75,18.73,18.73,0.3499,45.0
2019-02-15 10:20,{},18.75,2731,18.75,18.73,18.75,0.1166,15.0
2019-02-15 10:25,{},18.73,2731,18.75,18.73,18.75,0.1866,24.0
2019-02-15 10:30,{},18.73,2731,18.75,18.73,18.73,0.0933,12.0
2019-02-15 10:35,{},18.75,2731,18.75,18.73,18.73,0.2022,26.0
2019-02-15 10:40,{},18.74,2731,18.75,18.72,18.75,0.7776,100.0
2019-02-15 10:45,{},18.72,2731,18.74,18.72,18.74,0.6454,83.0
2019-02-15 10:50,{},18.74,2731,18.74,18.71,18.72,0.6921,89.0
2019-02-15 10:55,{},18.74,2731,18.74,18.71,18.74,0.3733,48.0
2019-02-15 11:00,{},18.74,2731,18.74,18.72,18.74,0.2955,38.0
2019-02-15 11:05,{},18.72,2731,18.74,18.72,18.74,0.5443,70.0
2019-02-15 11:10,{},18.75,2731,18.75,18.72,18.72,0.6143,79.0
2019-02-15 11:15,{},18.8,2731,18.8,18.75,18.75,1.112,143.0
2019-02-15 11:20,{},18.78,2731,18.8,18.77,18.8,0.4432,57.0
2019-02-15 11:25,{},18.78,2731,18.78,18.78,18.78,0.2722,35.0
2019-02-15 11:30,{},18.77,2731,18.78,18.77,18.78,0.1866,24.0
2019-02-15 13:05,{},18.8,2731,18.8,18.76,18.77,0.5054,65.0
2019-02-15 13:10,{},18.8,2731,18.8,18.8,18.8,0.2022,26.0
2019-02-15 13:15,{},18.82,2731,18.82,18.8,18.8,0.2177,28.0
2019-02-15 13:20,{},18.8,2731,18.85,18.8,18.82,0.2799,36.0
2019-02-15 13:25,{},18.8,2731,18.8,18.8,18.8,0.8787,113.0
2019-02-15 13:30,{},18.76,2731,18.8,18.76,18.8,0.9254,119.0
2019-02-15 13:35,{},18.76,2731,18.76,18.76,18.76,0.2177,28.0
2019-02-15 13:40,{},18.76,2731,18.76,18.75,18.76,0.4121,53.0
2019-02-15 13:45,{},18.79,2731,18.79,18.76,18.76,0.1555,20.0
2019-02-15 13:50,{},18.8,2731,18.8,18.76,18.79,0.0855,11.0
2019-02-15 13:55,{},18.8,2731,18.8,18.8,18.8,0.451,58.0
2019-02-15 14:00,{},18.85,2731,18.85,18.8,18.8,1.1509,148.0
2019-02-15 14:05,{},18.85,2731,18.85,18.82,18.85,0.3966,51.0
2019-02-15 14:10,{},18.84,2731,18.85,18.82,18.85,0.14,18.0
2019-02-15 14:15,{},18.82,2731,18.84,18.82,18.84,0.1477,19.0
2019-02-15 14:20,{},18.8,2731,18.82,18.8,18.82,0.2488,32.0
2019-02-15 14:25,{},18.82,2731,18.82,18.8,18.8,0.6376,82.0
2019-02-15 14:30,{},18.85,2731,18.85,18.82,18.82,0.2644,34.0
2019-02-15 14:35,{},18.84,2731,18.85,18.84,18.85,0.1711,22.0
2019-02-15 14:40,{},18.83,2731,18.85,18.83,18.84,0.5754,74.0
2019-02-15 14:45,{},18.84,2731,18.85,18.83,18.83,0.4277,55.0
2019-02-15 14:50,{},18.85,2731,18.85,18.82,18.84,3.9502,508.0
2019-02-15 14:55,{},18.88,2731,18.88,18.84,18.85,2.4184,311.0
2019-02-15 15:00,{},18.88,2731,18.89,18.88,18.88,1.5241,196.0
2019-02-18 09:35,{},18.88,2731,18.92,18.8,18.88,1.3764,177.0
2019-02-18 09:40,{},18.89,2731,19.08,18.88,18.88,1.4619,188.0
2019-02-18 09:45,{},18.9,2731,19.08,18.89,18.89,1.1664,150.0
2019-02-18 09:50,{},18.91,2731,18.91,18.89,18.9,22.1929,2854.0
2019-02-18 09:55,{},18.9,2731,18.91,18.9,18.91,0.5677,73.0
2019-02-18 10:00,{},18.88,2731,18.91,18.88,18.9,2.3328,300.0
2019-02-18 10:05,{},18.8,2731,18.9,18.8,18.88,1.7652,227.0
2019-02-18 10:10,{},18.81,2731,18.85,18.79,18.8,1.4386,185.0
2019-02-18 10:15,{},18.85,2731,18.85,18.79,18.81,0.8709,112.0
2019-02-18 10:20,{},18.82,2731,18.88,18.82,18.85,0.4977,64.0
2019-02-18 10:25,{},18.88,2731,18.88,18.82,18.82,0.1866,24.0
2019-02-18 10:30,{},18.81,2731,18.88,18.81,18.88,0.9798,126.0
2019-02-18 10:35,{},18.81,2731,18.81,18.8,18.81,0.21,27.0
2019-02-18 10:40,{},18.76,2731,18.81,18.76,18.81,0.8631,111.0
2019-02-18 10:45,{},18.78,2731,18.81,18.75,18.76,0.521,67.0
2019-02-18 10:50,{},18.76,2731,18.8,18.76,18.78,0.3421,44.0
2019-02-18 10:55,{},18.81,2731,18.81,18.76,18.76,0.4355,56.0
2019-02-18 11:00,{},18.82,2731,18.84,18.81,18.81,0.4355,56.0
2019-02-18 11:05,{},18.82,2731,18.82,18.82,18.82,0.2722,35.0
2019-02-18 11:10,{},18.83,2731,18.83,18.78,18.82,8.9658,1153.0
2019-02-18 11:15,{},18.87,2731,18.87,18.82,18.83,10.5832,1361.0
2019-02-18 11:20,{},18.85,2731,18.88,18.85,18.87,0.8865,114.0
2019-02-18 11:25,{},18.81,2731,18.88,18.81,18.85,0.3421,44.0
2019-02-18 11:30,{},18.81,2731,18.81,18.8,18.81,0.2488,32.0
2019-02-18 13:05,{},18.84,2731,18.84,18.81,18.81,0.6998,90.0
2019-02-18 13:10,{},18.8,2731,18.84,18.8,18.84,0.4743,61.0
2019-02-18 13:15,{},18.77,2731,18.8,18.76,18.8,2.4806,319.0
2019-02-18 13:20,{},18.81,2731,18.85,18.77,18.77,0.311,40.0
2019-02-18 13:25,{},18.82,2731,18.84,18.81,18.81,0.4121,53.0
2019-02-18 13:30,{},18.81,2731,18.82,18.81,18.82,0.1322,17.0
2019-02-18 13:35,{},18.88,2731,18.88,18.81,18.81,3.6625,471.0
2019-02-18 13:40,{},18.88,2731,18.89,18.87,18.88,2.0762,267.0
2019-02-18 13:45,{},18.9,2731,18.92,18.88,18.88,3.6392,468.0
2019-02-18 13:50,{},18.89,2731,18.91,18.89,18.9,1.2364,159.0
2019-02-18 13:55,{},18.89,2731,18.89,18.88,18.89,1.0731,138.0
2019-02-18 14:00,{},18.88,2731,18.89,18.88,18.89,0.4044,52.0
2019-02-18 14:05,{},18.82,2731,18.88,18.82,18.88,0.7932,102.0
2019-02-18 14:10,{},18.79,2731,18.85,18.78,18.82,4.6345,596.0
2019-02-18 14:15,{},18.78,2731,18.79,18.78,18.79,1.0109,130.0
2019-02-18 14:20,{},18.86,2731,18.86,18.78,18.78,1.7652,227.0
2019-02-18 14:25,{},18.83,2731,18.86,18.83,18.86,0.1089,14.0
2019-02-18 14:30,{},18.85,2731,18.86,18.83,18.83,1.2675,163.0
2019-02-18 14:35,{},18.92,2731,18.92,18.85,18.85,3.0249,389.0
2019-02-18 14:40,{},18.93,2731,18.98,18.92,18.92,1.3064,168.0
2019-02-18 14:45,{},18.88,2731,18.93,18.88,18.93,3.7869,487.0
2019-02-18 14:50,{},18.88,2731,18.88,18.8,18.88,1.5086,194.0
2019-02-18 14:55,{},18.9,2731,18.93,18.83,18.88,0.8865,114.0
2019-02-18 15:00,{},18.9,2731,18.9,18.87,18.9,0.8865,114.0
2019-02-19 09:35,{},18.87,2731,18.98,18.85,18.98,1.7807,229.0
2019-02-19 09:40,{},18.85,2731,18.88,18.84,18.87,1.7496,225.0
2019-02-19 09:45,{},18.85,2731,18.86,18.85,18.85,3.0793,396.0
2019-02-19 09:50,{},18.85,2731,18.86,18.84,18.85,0.8709,112.0
2019-02-19 09:55,{},18.85,2731,18.87,18.84,18.85,2.2862,294.0
2019-02-19 10:00,{},18.85,2731,18.85,18.82,18.85,0.6687,86.0
2019-02-19 10:05,{},18.84,2731,18.86,18.82,18.85,1.4386,185.0
2019-02-19 10:10,{},18.8,2731,18.84,18.8,18.84,1.7885,230.0
2019-02-19 10:15,{},18.78,2731,18.8,18.77,18.8,1.4697,189.0
2019-02-19 10:20,{},18.79,2731,18.8,18.78,18.78,0.5988,77.0
2019-02-19 10:25,{},18.78,2731,18.79,18.78,18.79,0.3966,51.0
2019-02-19 10:30,{},18.78,2731,18.8,18.78,18.78,0.8320000000000001,107.0
2019-02-19 10:35,{},18.79,2731,18.79,18.78,18.78,0.2644,34.0
2019-02-19 10:40,{},18.78,2731,18.8,18.78,18.79,1.2286,158.0
2019-02-19 10:45,{},18.76,2731,18.78,18.75,18.78,4.0669,523.0
2019-02-19 10:50,{},18.78,2731,18.78,18.74,18.76,1.1897,153.0
2019-02-19 10:55,{},18.78,2731,18.78,18.78,18.78,0.0933,12.0
2019-02-19 11:00,{},18.78,2731,18.78,18.78,18.78,0.6998,90.0
2019-02-19 11:05,{},18.8,2731,18.8,18.78,18.78,0.451,58.0
2019-02-19 11:10,{},18.79,2731,18.8,18.78,18.8,1.1742,151.0
2019-02-19 11:15,{},18.82,2731,18.82,18.78,18.79,0.5443,70.0
2019-02-19 11:20,{},18.78,2731,18.82,18.78,18.82,0.1166,15.0
2019-02-19 11:25,{},18.76,2731,18.78,18.76,18.78,0.3033,39.0
2019-02-19 11:30,{},18.72,2731,18.76,18.72,18.76,1.4697,189.0
2019-02-19 13:05,{},18.66,2731,18.72,18.66,18.72,2.7761,357.0
2019-02-19 13:10,{},18.67,2731,18.73,18.66,18.66,0.8476,109.0
2019-02-19 13:15,{},18.67,2731,18.67,18.67,18.67,0.6532,84.0
2019-02-19 13:20,{},18.67,2731,18.72,18.66,18.67,0.8865,114.0
2019-02-19 13:25,{},18.62,2731,18.67,18.62,18.67,3.2115,413.0
2019-02-19 13:30,{},18.62,2731,18.64,18.61,18.62,1.7574,226.0
2019-02-19 13:35,{},18.61,2731,18.65,18.61,18.62,1.8896,243.0
2019-02-19 13:40,{},18.6,2731,18.61,18.6,18.61,1.9285,248.0
2019-02-19 13:45,{},18.66,2731,18.66,18.6,18.6,0.4588,59.0
2019-02-19 13:50,{},18.62,2731,18.7,18.61,18.66,2.0296,261.0
2019-02-19 13:55,{},18.62,2731,18.62,18.6,18.62,0.7309,94.0
2019-02-19 14:00,{},18.61,2731,18.62,18.6,18.62,0.6299,81.0
2019-02-19 14:05,{},18.61,2731,18.61,18.6,18.61,0.4044,52.0
2019-02-19 14:10,{},18.62,2731,18.62,18.61,18.61,0.14,18.0
2019-02-19 14:15,{},18.62,2731,18.62,18.61,18.62,0.0855,11.0
2019-02-19 14:20,{},18.73,2731,18.73,18.62,18.62,2.6827,345.0
2019-02-19 14:25,{},18.71,2731,18.73,18.7,18.73,0.1711,22.0
2019-02-19 14:30,{},18.72,2731,18.72,18.69,18.71,0.4121,53.0
2019-02-19 14:35,{},18.7,2731,18.72,18.7,18.72,0.14,18.0
2019-02-19 14:40,{},18.67,2731,18.7,18.67,18.7,0.5132,66.0
2019-02-19 14:45,{},18.67,2731,18.7,18.65,18.67,0.6765,87.0
2019-02-19 14:50,{},18.66,2731,18.72,18.66,18.67,2.0373,262.0
2019-02-19 14:55,{},18.64,2731,18.7,18.64,18.66,1.4308,184.0
2019-02-19 15:00,{},18.65,2731,18.65,18.64,18.64,1.5319,197.0
2019-02-20 09:35,{},18.58,2731,18.7,18.58,18.68,1.6019,206.0
2019-02-20 09:40,{},18.55,2731,18.59,18.55,18.58,2.0684,266.0
2019-02-20 09:45,{},18.57,2731,18.58,18.54,18.55,0.6221,80.0
2019-02-20 09:50,{},18.55,2731,18.58,18.54,18.57,0.5365,69.0
2019-02-20 09:55,{},18.57,2731,18.58,18.54,18.55,0.5988,77.0
2019-02-20 10:00,{},18.57,2731,18.58,18.56,18.57,0.7776,100.0
2019-02-20 10:05,{},18.58,2731,18.58,18.57,18.57,1.0498,135.0
2019-02-20 10:10,{},18.56,2731,18.58,18.56,18.58,1.0031,129.0
2019-02-20 10:15,{},18.57,2731,18.58,18.56,18.56,1.2597,162.0
2019-02-20 10:20,{},18.6,2731,18.6,18.57,18.57,0.7465,96.0
2019-02-20 10:25,{},18.63,2731,18.63,18.6,18.6,0.7387,95.0
2019-02-20 10:30,{},18.57,2731,18.65,18.57,18.63,1.4619,188.0
2019-02-20 10:35,{},18.65,2731,18.65,18.5,18.57,5.1789,666.0
2019-02-20 10:40,{},18.65,2731,18.65,18.65,18.65,0.3266,42.0
2019-02-20 10:45,{},18.65,2731,18.65,18.65,18.65,0.3655,47.0
2019-02-20 10:50,{},18.66,2731,18.66,18.65,18.65,1.1042,142.0
2019-02-20 10:55,{},18.64,2731,18.66,18.64,18.66,0.2644,34.0
2019-02-20 11:00,{},18.64,2731,18.64,18.55,18.64,0.381,49.0
2019-02-20 11:05,{},18.56,2731,18.64,18.56,18.64,0.1166,15.0
2019-02-20 11:10,{},18.55,2731,18.6,18.55,18.56,0.0933,12.0
2019-02-20 11:15,{},18.56,2731,18.6,18.55,18.55,0.5677,73.0
2019-02-20 11:20,{},18.56,2731,18.56,18.55,18.56,0.2877,37.0
2019-02-20 11:25,{},18.56,2731,18.56,18.56,18.56,0.2177,28.0
2019-02-20 11:30,{},18.55,2731,18.56,18.55,18.56,0.3577,46.0
2019-02-20 13:05,{},18.49,2731,18.55,18.49,18.55,2.6439,340.0
2019-02-20 13:10,{},18.53,2731,18.53,18.49,18.49,0.2488,32.0
2019-02-20 13:15,{},18.49,2731,18.53,18.49,18.53,1.2908,166.0
2019-02-20 13:20,{},18.49,2731,18.5,18.48,18.49,0.7543,97.0
2019-02-20 13:25,{},18.45,2731,18.49,18.45,18.49,1.112,143.0
2019-02-20 13:30,{},18.47,2731,18.47,18.45,18.45,0.4199,54.0
2019-02-20 13:35,{},18.46,2731,18.47,18.46,18.47,0.1166,15.0
2019-02-20 13:40,{},18.46,2731,18.47,18.46,18.46,0.3499,45.0
2019-02-20 13:45,{},18.45,2731,18.46,18.45,18.46,0.3966,51.0
2019-02-20 13:50,{},18.46,2731,18.48,18.45,18.45,0.2644,34.0
2019-02-20 13:55,{},18.47,2731,18.47,18.46,18.46,0.1322,17.0
2019-02-20 14:00,{},18.4,2731,18.47,18.4,18.47,1.5941,205.0
2019-02-20 14:05,{},18.37,2731,18.42,18.37,18.4,4.8367,622.0
2019-02-20 14:10,{},18.43,2731,18.43,18.36,18.37,2.2084,284.0
2019-02-20 14:15,{},18.36,2731,18.44,18.36,18.43,0.7698,99.0
2019-02-20 14:20,{},18.47,2731,18.47,18.36,18.36,0.6376,82.0
2019-02-20 14:25,{},18.43,2731,18.47,18.43,18.47,0.4044,52.0
2019-02-20 14:30,{},18.44,2731,18.44,18.43,18.43,0.3266,42.0
2019-02-20 14:35,{},18.47,2731,18.47,18.43,18.44,1.4075,181.0
2019-02-20 14:40,{},18.4,2731,18.47,18.4,18.47,0.9409,121.0
2019-02-20 14:45,{},18.39,2731,18.4,18.38,18.4,1.2053,155.0
2019-02-20 14:50,{},18.5,2731,18.5,18.39,18.39,4.7745,614.0
2019-02-20 14:55,{},18.41,2731,18.5,18.4,18.5,1.3841,178.0
2019-02-20 15:00,{},18.4,2731,18.43,18.4,18.41,4.0358,519.0
2019-02-21 09:35,{},18.5,2731,18.55,18.38,18.4,3.2115,413.0
2019-02-21 09:40,{},18.63,2731,18.63,18.5,18.5,3.7403,481.0
2019-02-21 09:45,{},18.59,2731,18.65,18.58,18.63,1.423,183.0
2019-02-21 09:50,{},18.64,2731,18.64,18.59,18.59,1.9285,248.0
2019-02-21 09:55,{},18.6,2731,18.65,18.59,18.64,0.9953,128.0
2019-02-21 10:00,{},18.61,2731,18.61,18.59,18.6,1.5241,196.0
2019-02-21 10:05,{},18.63,2731,18.75,18.61,18.61,8.8725,1141.0
2019-02-21 10:10,{},18.63,2731,18.63,18.62,18.63,5.14,661.0
2019-02-21 10:15,{},18.62,2731,18.63,18.62,18.63,0.7154,92.0
2019-02-21 10:20,{},18.63,2731,18.63,18.62,18.62,0.8243,106.0
2019-02-21 10:25,{},18.64,2731,18.65,18.63,18.63,0.521,67.0
2019-02-21 10:30,{},18.66,2731,18.66,18.64,18.64,0.5054,65.0
2019-02-21 10:35,{},18.67,2731,18.7,18.66,18.66,1.2364,159.0
2019-02-21 10:40,{},18.67,2731,18.67,18.65,18.67,0.5832,75.0
2019-02-21 10:45,{},18.63,2731,18.67,18.63,18.67,1.9673,253.0
2019-02-21 10:50,{},18.63,2731,18.63,18.6,18.63,0.7543,97.0
2019-02-21 10:55,{},18.62,2731,18.63,18.62,18.63,0.2722,35.0
2019-02-21 11:00,{},18.61,2731,18.62,18.61,18.62,0.1011,13.0
2019-02-21 11:05,{},18.61,2731,18.63,18.61,18.61,0.3655,47.0
2019-02-21 11:10,{},18.63,2731,18.63,18.61,18.61,2.4883,320.0
2019-02-21 11:15,{},18.65,2731,18.65,18.63,18.63,0.1555,20.0
2019-02-21 11:20,{},18.69,2731,18.69,18.65,18.65,0.7543,97.0
2019-02-21 11:25,{},18.68,2731,18.7,18.68,18.69,0.7854,101.0
2019-02-21 11:30,{},18.63,2731,18.68,18.63,18.68,0.0933,12.0
2019-02-21 13:05,{},18.6,2731,18.63,18.6,18.63,0.7076,91.0
2019-02-21 13:10,{},18.58,2731,18.6,18.58,18.6,2.1928,282.0
2019-02-21 13:15,{},18.65,2731,18.68,18.58,18.58,1.423,183.0
2019-02-21 13:20,{},18.73,2731,18.78,18.65,18.65,6.1353,789.0
2019-02-21 13:25,{},18.72,2731,18.74,18.7,18.73,1.4852,191.0
2019-02-21 13:30,{},18.72,2731,18.77,18.71,18.72,1.0187,131.0
2019-02-21 13:35,{},18.75,2731,18.78,18.72,18.72,2.1773,280.0
2019-02-21 13:40,{},18.75,2731,18.75,18.74,18.75,1.5397,198.0
2019-02-21 13:45,{},18.74,2731,18.75,18.73,18.75,1.6485,212.0
2019-02-21 13:50,{},18.73,2731,18.75,18.73,18.74,1.1742,151.0
2019-02-21 13:55,{},18.73,2731,18.75,18.73,18.73,1.2208,157.0
2019-02-21 14:00,{},18.74,2731,18.75,18.71,18.73,1.9751,254.0
2019-02-21 14:05,{},18.74,2731,18.74,18.72,18.74,0.7232,93.0
2019-02-21 14:10,{},18.7,2731,18.75,18.7,18.74,3.4759,447.0
2019-02-21 14:15,{},18.71,2731,18.71,18.69,18.7,1.4619,188.0
2019-02-21 14:20,{},18.69,2731,18.71,18.69,18.71,0.591,76.0
2019-02-21 14:25,{},18.69,2731,18.69,18.67,18.69,0.3266,42.0
2019-02-21 14:30,{},18.68,2731,18.69,18.68,18.69,0.2955,38.0
2019-02-21 14:35,{},18.69,2731,18.69,18.68,18.68,0.1166,15.0
2019-02-21 14:40,{},18.68,2731,18.7,18.68,18.69,0.3733,48.0
2019-02-21 14:45,{},18.69,2731,18.69,18.67,18.68,0.6609999999999999,85.0
2019-02-21 14:50,{},18.54,2731,18.7,18.54,18.69,4.8523,624.0
2019-02-21 14:55,{},18.68,2731,18.68,18.53,18.54,2.8616,368.0
2019-02-21 15:00,{},18.69,2731,18.69,18.68,18.68,0.8942,115.0
2019-02-22 09:35,{},18.79,2731,18.88,18.67,18.67,2.7838,358.0
2019-02-22 09:40,{},18.81,2731,18.83,18.79,18.79,1.6407,211.0
2019-02-22 09:45,{},18.81,2731,18.81,18.78,18.81,1.1353,146.0
2019-02-22 09:50,{},18.78,2731,18.82,18.78,18.81,0.7232,93.0
2019-02-22 09:55,{},18.7,2731,18.8,18.69,18.78,2.7994,360.0
2019-02-22 10:00,{},18.69,2731,18.7,18.69,18.7,2.1384,275.0
2019-02-22 10:05,{},18.69,2731,18.72,18.69,18.69,1.9596,252.0
2019-02-22 10:10,{},18.72,2731,18.72,18.69,18.69,2.4728,318.0
2019-02-22 10:15,{},18.73,2731,18.78,18.72,18.72,0.9098,117.0
2019-02-22 10:20,{},18.75,2731,18.75,18.72,18.73,0.3499,45.0
2019-02-22 10:25,{},18.73,2731,18.78,18.73,18.75,0.3655,47.0
2019-02-22 10:30,{},18.75,2731,18.77,18.73,18.73,0.9331,120.0
2019-02-22 10:35,{},18.76,2731,18.77,18.74,18.75,0.6143,79.0
2019-02-22 10:40,{},18.78,2731,18.78,18.74,18.76,0.2566,33.0
2019-02-22 10:45,{},18.76,2731,18.78,18.76,18.78,0.7232,93.0
2019-02-22 10:50,{},18.77,2731,18.77,18.74,18.76,0.3888,50.0
2019-02-22 10:55,{},18.77,2731,18.78,18.77,18.77,0.521,67.0
2019-02-22 11:00,{},18.79,2731,18.79,18.76,18.77,0.5132,66.0
2019-02-22 11:05,{},18.8,2731,18.8,18.78,18.79,0.381,49.0
2019-02-22 11:10,{},18.76,2731,18.8,18.76,18.8,0.8865,114.0
2019-02-22 11:15,{},18.78,2731,18.78,18.76,18.76,0.0233,3.0
2019-02-22 11:20,{},18.8,2731,18.8,18.78,18.78,0.14,18.0
2019-02-22 11:25,{},18.78,2731,18.8,18.78,18.8,0.7776,100.0
2019-02-22 11:30,{},18.78,2731,18.79,18.78,18.78,0.21,27.0
2019-02-22 13:05,{},18.78,2731,18.79,18.77,18.78,0.8320000000000001,107.0
2019-02-22 13:10,{},18.77,2731,18.79,18.77,18.78,0.6998,90.0
2019-02-22 13:15,{},18.68,2731,18.77,18.68,18.77,3.6003,463.0
2019-02-22 13:20,{},18.67,2731,18.69,18.65,18.68,3.3515,431.0
2019-02-22 13:25,{},18.69,2731,18.69,18.67,18.67,0.4199,54.0
2019-02-22 13:30,{},18.75,2731,18.75,18.68,18.69,1.0653,137.0
2019-02-22 13:35,{},18.75,2731,18.75,18.7,18.75,1.0575,136.0
2019-02-22 13:40,{},18.76,2731,18.76,18.72,18.75,1.1975,154.0
2019-02-22 13:45,{},18.7,2731,18.76,18.7,18.76,0.7076,91.0
2019-02-22 13:50,{},18.66,2731,18.7,18.66,18.7,1.1509,148.0
2019-02-22 13:55,{},18.79,2731,18.79,18.66,18.66,1.8663,240.0
2019-02-22 14:00,{},18.77,2731,18.79,18.76,18.79,0.1555,20.0
2019-02-22 14:05,{},18.76,2731,18.77,18.69,18.77,0.4743,61.0
2019-02-22 14:10,{},18.76,2731,18.76,18.76,18.76,0.1477,19.0
2019-02-22 14:15,{},18.76,2731,18.76,18.69,18.76,9.7279,1251.0
2019-02-22 14:20,{},18.76,2731,18.76,18.76,18.76,0.4121,53.0
2019-02-22 14:25,{},18.76,2731,18.77,18.76,18.76,0.3266,42.0
2019-02-22 14:30,{},18.78,2731,18.78,18.75,18.76,0.5599,72.0
2019-02-22 14:35,{},18.79,2731,18.8,18.78,18.78,1.7107,220.0
2019-02-22 14:40,{},18.77,2731,18.79,18.77,18.79,0.8709,112.0
2019-02-22 14:45,{},18.78,2731,18.78,18.77,18.77,0.5599,72.0
2019-02-22 14:50,{},18.77,2731,18.78,18.76,18.78,1.1353,146.0
2019-02-22 14:55,{},18.77,2731,18.78,18.77,18.77,0.8942,115.0
2019-02-22 15:00,{},18.77,2731,18.77,18.76,18.77,1.6874,217.0
2019-02-25 09:35,{},18.86,2731,18.97,18.82,18.85,4.6423,597.0
2019-02-25 09:40,{},18.84,2731,18.96,18.8,18.86,4.7512,611.0
2019-02-25 09:45,{},18.8,2731,18.9,18.79,18.84,2.9238,376.0
2019-02-25 09:50,{},18.75,2731,18.8,18.73,18.8,3.4915,449.0
2019-02-25 09:55,{},18.81,2731,18.84,18.74,18.75,3.3126,426.0
2019-02-25 10:00,{},18.76,2731,18.81,18.74,18.81,1.4619,188.0
2019-02-25 10:05,{},18.77,2731,18.79,18.74,18.76,3.5692,459.0
2019-02-25 10:10,{},18.77,2731,18.78,18.74,18.77,2.605,335.0
2019-02-25 10:15,{},18.76,2731,18.78,18.74,18.77,3.1493,405.0
2019-02-25 10:20,{},18.76,2731,18.78,18.75,18.76,1.0187,131.0
2019-02-25 10:25,{},18.78,2731,18.78,18.76,18.76,0.7932,102.0
2019-02-25 10:30,{},18.77,2731,18.78,18.76,18.78,0.4821,62.0
2019-02-25 10:35,{},18.76,2731,18.77,18.75,18.77,0.8165,105.0
2019-02-25 10:40,{},18.78,2731,18.78,18.76,18.76,0.972,125.0
2019-02-25 10:45,{},18.78,2731,18.78,18.77,18.78,0.9565,123.0
2019-02-25 10:50,{},18.78,2731,18.78,18.76,18.78,2.2784,293.0
2019-02-25 10:55,{},18.76,2731,18.78,18.76,18.78,1.2830000000000001,165.0
2019-02-25 11:00,{},18.8,2731,18.8,18.76,18.76,1.9907,256.0
2019-02-25 11:05,{},18.85,2731,18.85,18.8,18.8,5.5288,711.0
2019-02-25 11:10,{},19.37,2731,19.5,18.85,18.85,14.7978,1903.0
2019-02-25 11:15,{},19.28,2731,19.41,19.28,19.37,11.0498,1421.0
2019-02-25 11:20,{},19.31,2731,19.35,19.28,19.28,6.7807,872.0
2019-02-25 11:25,{},19.34,2731,19.34,19.3,19.31,2.465,317.0
2019-02-25 11:30,{},19.31,2731,19.34,19.31,19.34,1.4386,185.0
2019-02-25 13:05,{},19.08,2731,19.32,19.06,19.31,10.8943,1401.0
2019-02-25 13:10,{},19.07,2731,19.08,19.06,19.08,12.4728,1604.0
2019-02-25 13:15,{},19.06,2731,19.08,19.06,19.07,6.7574,869.0
2019-02-25 13:20,{},19.08,2731,19.09,19.06,19.06,7.4495,958.0
2019-02-25 13:25,{},19.08,2731,19.2,19.06,19.08,10.6921,1375.0
2019-02-25 13:30,{},19.08,2731,19.08,19.07,19.08,4.3389999999999995,558.0
2019-02-25 13:35,{},19.08,2731,19.08,19.07,19.08,3.3593,432.0
2019-02-25 13:40,{},19.08,2731,19.15,19.06,19.08,5.7232,736.0
2019-02-25 13:45,{},19.04,2731,19.2,19.04,19.08,9.4168,1211.0
2019-02-25 13:50,{},19.07,2731,19.08,19.03,19.04,4.5334,583.0
2019-02-25 13:55,{},19.04,2731,19.07,19.04,19.07,0.8398,108.0
2019-02-25 14:00,{},19.08,2731,19.08,19.04,19.04,0.5132,66.0
2019-02-25 14:05,{},19.11,2731,19.11,19.05,19.08,1.6874,217.0
2019-02-25 14:10,{},19.08,2731,19.11,19.08,19.11,1.1353,146.0
2019-02-25 14:15,{},19.08,2731,19.08,19.08,19.08,1.2908,166.0
2019-02-25 14:20,{},19.08,2731,19.08,19.07,19.08,0.9953,128.0
2019-02-25 14:25,{},19.06,2731,19.08,19.06,19.08,1.3064,168.0
2019-02-25 14:30,{},19.11,2731,19.11,19.06,19.06,3.8258,492.0
2019-02-25 14:35,{},19.2,2731,19.24,19.08,19.11,2.1695,279.0
2019-02-25 14:40,{},19.06,2731,19.2,19.06,19.2,4.4946,578.0
2019-02-25 14:45,{},19.08,2731,19.08,19.06,19.06,2.465,317.0
2019-02-25 14:50,{},19.28,2731,19.29,19.05,19.08,11.9051,1531.0
2019-02-25 14:55,{},19.25,2731,19.28,19.2,19.28,2.0529,264.0
2019-02-25 15:00,{},19.23,2731,19.25,19.23,19.25,0.7854,101.0
2019-02-26 09:35,{},19.03,2731,19.2,18.98,19.2,12.8461,1652.0
2019-02-26 09:40,{},19.05,2731,19.09,19.0,19.03,6.4541,830.0
2019-02-26 09:45,{},19.0,2731,19.11,18.95,19.05,7.5817,975.0
2019-02-26 09:50,{},19.05,2731,19.13,19.0,19.0,11.3919,1465.0
2019-02-26 09:55,{},19.07,2731,19.08,19.05,19.05,7.2706,935.0
2019-02-26 10:00,{},19.07,2731,19.07,19.05,19.07,3.2737,421.0
2019-02-26 10:05,{},19.07,2731,19.08,19.05,19.07,1.9751,254.0
2019-02-26 10:10,{},19.0,2731,19.07,18.98,19.07,7.2939,938.0
2019-02-26 10:15,{},18.98,2731,19.0,18.98,19.0,1.9051,245.0
2019-02-26 10:20,{},19.0,2731,19.08,18.98,18.98,5.9487,765.0
2019-02-26 10:25,{},18.99,2731,19.06,18.99,19.0,1.6719,215.0
2019-02-26 10:30,{},18.97,2731,19.0,18.95,18.99,5.7854,744.0
2019-02-26 10:35,{},18.96,2731,18.99,18.96,18.97,1.4463,186.0
2019-02-26 10:40,{},18.96,2731,18.98,18.95,18.96,1.7341,223.0
2019-02-26 10:45,{},18.95,2731,18.96,18.94,18.96,1.0575,136.0
2019-02-26 10:50,{},18.95,2731,18.95,18.94,18.95,1.4852,191.0
2019-02-26 10:55,{},18.96,2731,18.98,18.95,18.95,0.6299,81.0
2019-02-26 11:00,{},19.0,2731,19.0,18.96,18.96,0.8631,111.0
2019-02-26 11:05,{},18.98,2731,19.0,18.97,19.0,1.5474,199.0
2019-02-26 11:10,{},18.94,2731,19.0,18.94,18.98,1.8274,235.0
2019-02-26 11:15,{},18.96,2731,18.96,18.94,18.94,0.2255,29.0
2019-02-26 11:20,{},18.95,2731,18.96,18.95,18.96,1.7107,220.0
2019-02-26 11:25,{},18.95,2731,19.0,18.94,18.95,1.0964,141.0
2019-02-26 11:30,{},18.95,2731,18.97,18.94,18.95,1.5552,200.0
2019-02-26 13:05,{},19.0,2731,19.05,18.93,18.95,4.479,576.0
2019-02-26 13:10,{},19.0,2731,19.0,18.96,19.0,2.1695,279.0
2019-02-26 13:15,{},19.0,2731,19.03,18.99,19.0,2.3328,300.0
2019-02-26 13:20,{},19.0,2731,19.01,18.99,19.0,4.3779,563.0
2019-02-26 13:25,{},19.07,2731,19.1,19.0,19.0,6.0187,774.0
2019-02-26 13:30,{},19.01,2731,19.08,19.01,19.07,5.7776,743.0
2019-02-26 13:35,{},18.96,2731,19.01,18.96,19.01,5.1166,658.0
2019-02-26 13:40,{},18.95,2731,19.0,18.95,18.96,1.944,250.0
2019-02-26 13:45,{},18.9,2731,18.95,18.9,18.95,9.0824,1168.0
2019-02-26 13:50,{},18.92,2731,18.92,18.86,18.9,3.3126,426.0
2019-02-26 13:55,{},18.9,2731,18.94,18.9,18.92,0.6143,79.0
2019-02-26 14:00,{},19.0,2731,19.01,18.9,18.9,7.8149,1005.0
2019-02-26 14:05,{},18.91,2731,19.0,18.91,19.0,2.0995,270.0
2019-02-26 14:10,{},18.9,2731,18.94,18.9,18.91,1.4775,190.0
2019-02-26 14:15,{},18.9,2731,18.92,18.9,18.9,1.7107,220.0
2019-02-26 14:20,{},18.89,2731,18.91,18.89,18.9,0.6299,81.0
2019-02-26 14:25,{},18.89,2731,18.9,18.89,18.89,1.2053,155.0
2019-02-26 14:30,{},18.86,2731,18.89,18.86,18.89,2.7372,352.0
2019-02-26 14:35,{},18.81,2731,18.86,18.8,18.86,7.0607,908.0
2019-02-26 14:40,{},18.83,2731,18.84,18.81,18.81,4.5801,589.0
2019-02-26 14:45,{},18.87,2731,18.87,18.83,18.83,3.888,500.0
2019-02-26 14:50,{},18.86,2731,18.88,18.86,18.87,2.0296,261.0
2019-02-26 14:55,{},18.83,2731,18.86,18.81,18.86,3.6159,465.0
2019-02-26 15:00,{},18.83,2731,18.83,18.81,18.83,1.9129,246.0
2019-02-27 09:35,{},18.69,2731,18.79,18.5,18.5,4.8289,621.0
2019-02-27 09:40,{},18.67,2731,18.69,18.61,18.69,0.9798,126.0
2019-02-27 09:45,{},18.68,2731,18.69,18.67,18.67,0.5521,71.0
2019-02-27 09:50,{},18.72,2731,18.75,18.68,18.68,2.5583,329.0
2019-02-27 09:55,{},18.74,2731,18.79,18.72,18.72,0.6687,86.0
2019-02-27 10:00,{},18.72,2731,18.74,18.72,18.74,1.4308,184.0
2019-02-27 10:05,{},18.76,2731,18.76,18.72,18.72,1.4852,191.0
2019-02-27 10:10,{},18.76,2731,18.76,18.76,18.76,0.0311,4.0
2019-02-27 10:15,{},18.81,2731,18.81,18.75,18.76,0.7387,95.0
2019-02-27 10:20,{},18.82,2731,18.84,18.81,18.81,0.5754,74.0
2019-02-27 10:25,{},18.83,2731,18.83,18.82,18.82,0.3033,39.0
2019-02-27 10:30,{},18.82,2731,18.83,18.82,18.83,0.3344,43.0
2019-02-27 10:35,{},18.86,2731,18.9,18.82,18.82,1.8118,233.0
2019-02-27 10:40,{},18.95,2731,18.95,18.86,18.86,0.5365,69.0
2019-02-27 10:45,{},18.98,2731,18.99,18.95,18.95,3.2893,423.0
2019-02-27 10:50,{},19.0,2731,19.0,18.95,18.98,3.5381,455.0
2019-02-27 10:55,{},19.06,2731,19.06,19.0,19.0,1.633,210.0
2019-02-27 11:00,{},19.13,2731,19.13,19.05,19.06,8.577,1103.0
2019-02-27 11:05,{},19.07,2731,19.16,19.07,19.13,3.4215,440.0
2019-02-27 11:10,{},18.96,2731,19.07,18.96,19.07,2.2162,285.0
2019-02-27 11:15,{},19.07,2731,19.07,18.95,18.96,2.6672,343.0
2019-02-27 11:20,{},19.06,2731,19.08,19.05,19.07,1.8118,233.0
2019-02-27 11:25,{},19.01,2731,19.06,19.01,19.06,0.6532,84.0
2019-02-27 11:30,{},18.9,2731,19.06,18.9,19.01,2.4261,312.0
2019-02-27 13:05,{},19.0,2731,19.03,18.9,18.9,0.6998,90.0
2019-02-27 13:10,{},19.01,2731,19.01,19.0,19.0,0.2877,37.0
2019-02-27 13:15,{},19.02,2731,19.02,19.01,19.01,0.2644,34.0
2019-02-27 13:20,{},19.04,2731,19.05,19.02,19.02,1.4386,185.0
2019-02-27 13:25,{},19.04,2731,19.05,19.0,19.04,1.0498,135.0
2019-02-27 13:30,{},19.0,2731,19.04,19.0,19.04,0.6843,88.0
2019-02-27 13:35,{},19.0,2731,19.01,19.0,19.0,0.1633,21.0
2019-02-27 13:40,{},18.96,2731,19.0,18.96,19.0,0.8631,111.0
2019-02-27 13:45,{},18.96,2731,18.96,18.96,18.96,0.2799,36.0
2019-02-27 13:50,{},18.95,2731,18.98,18.95,18.96,1.7652,227.0
2019-02-27 13:55,{},18.94,2731,18.95,18.94,18.95,1.5863,204.0
2019-02-27 14:00,{},18.94,2731,18.95,18.94,18.94,5.2255,672.0
2019-02-27 14:05,{},18.94,2731,18.95,18.94,18.94,0.1555,20.0
2019-02-27 14:10,{},18.95,2731,18.98,18.94,18.94,0.5443,70.0
2019-02-27 14:15,{},18.94,2731,18.96,18.94,18.95,0.451,58.0
2019-02-27 14:20,{},18.9,2731,18.94,18.9,18.94,0.9642,124.0
2019-02-27 14:25,{},18.89,2731,18.91,18.87,18.9,4.0824,525.0
2019-02-27 14:30,{},18.88,2731,18.9,18.88,18.89,1.1042,142.0
2019-02-27 14:35,{},18.92,2731,18.92,18.87,18.88,0.9098,117.0
2019-02-27 14:40,{},18.91,2731,18.92,18.9,18.92,1.4152,182.0
2019-02-27 14:45,{},18.95,2731,18.95,18.9,18.91,2.1617,278.0
2019-02-27 14:50,{},19.01,2731,19.01,18.91,18.95,4.7434,610.0
2019-02-27 14:55,{},18.99,2731,19.01,18.98,19.01,5.8476,752.0
2019-02-27 15:00,{},19.03,2731,19.03,18.98,18.99,1.5086,194.0
2019-03-01 14:55,{},19.5,2731,19.5,19.48,19.5,2.1384,275.0
2019-03-01 15:00,{},19.51,2731,19.51,19.46,19.5,3.7403,481.0
2019-03-04 09:35,{},19.8,2731,19.8,19.58,19.58,5.311,683.0
2019-03-04 09:40,{},19.8,2731,19.85,19.8,19.8,4.1757,537.0
2019-03-04 09:45,{},19.76,2731,19.8,19.74,19.8,4.8445,623.0
2019-03-04 09:50,{},19.79,2731,19.8,19.73,19.76,2.9394,378.0
2019-03-04 09:55,{},19.74,2731,19.79,19.68,19.79,2.325,299.0
2019-03-04 10:00,{},19.65,2731,19.74,19.65,19.74,5.0233,646.0
2019-03-04 10:05,{},19.63,2731,19.65,19.61,19.65,3.4603,445.0
2019-03-04 10:10,{},19.64,2731,19.74,19.62,19.63,2.5117,323.0
2019-03-04 10:15,{},19.66,2731,19.73,19.63,19.64,1.5630000000000002,201.0
2019-03-04 10:20,{},19.75,2731,19.75,19.64,19.66,2.0762,267.0
2019-03-04 10:25,{},19.65,2731,19.75,19.65,19.75,1.5241,196.0
2019-03-04 10:30,{},19.65,2731,19.66,19.64,19.65,1.3375,172.0
2019-03-04 10:35,{},19.63,2731,19.66,19.62,19.65,2.465,317.0
2019-03-04 10:40,{},19.6,2731,19.63,19.6,19.63,2.3717,305.0
2019-03-04 10:45,{},19.6,2731,19.62,19.59,19.6,0.9098,117.0
2019-03-04 10:50,{},19.6,2731,19.6,19.59,19.6,1.633,210.0
2019-03-04 10:55,{},19.58,2731,19.6,19.57,19.6,0.6998,90.0
2019-03-04 11:00,{},19.58,2731,19.58,19.53,19.58,4.93,634.0
2019-03-04 11:05,{},19.67,2731,19.67,19.58,19.58,1.5785,203.0
2019-03-04 11:10,{},19.7,2731,19.7,19.63,19.67,0.6921,89.0
2019-03-04 11:15,{},19.67,2731,19.7,19.67,19.7,0.7543,97.0
2019-03-04 11:20,{},19.7,2731,19.7,19.67,19.67,1.2131,156.0
2019-03-04 11:25,{},19.7,2731,19.7,19.67,19.7,0.3344,43.0
2019-03-04 11:30,{},19.71,2731,19.75,19.7,19.7,4.2613,548.0
2019-03-04 13:05,{},19.68,2731,19.72,19.62,19.71,5.7776,743.0
2019-03-04 13:10,{},19.74,2731,19.75,19.68,19.68,2.5583,329.0
2019-03-04 13:15,{},19.72,2731,19.75,19.72,19.74,0.6998,90.0
2019-03-04 13:20,{},19.77,2731,19.77,19.72,19.72,0.8476,109.0
2019-03-04 13:25,{},19.74,2731,19.77,19.72,19.77,1.6019,206.0
2019-03-04 13:30,{},19.72,2731,19.78,19.72,19.74,2.1073,271.0
2019-03-04 13:35,{},19.69,2731,19.74,19.69,19.72,1.6952,218.0
2019-03-04 13:40,{},19.67,2731,19.7,19.67,19.69,1.2053,155.0
2019-03-04 13:45,{},19.6,2731,19.67,19.6,19.67,7.8616,1011.0
2019-03-04 13:50,{},19.63,2731,19.67,19.6,19.6,1.2519,161.0
2019-03-04 13:55,{},19.66,2731,19.66,19.61,19.63,1.0342,133.0
2019-03-04 14:00,{},19.71,2731,19.71,19.65,19.66,2.0762,267.0
2019-03-04 14:05,{},19.71,2731,19.77,19.7,19.71,3.0793,396.0
2019-03-04 14:10,{},19.71,2731,19.71,19.63,19.71,0.9487,122.0
2019-03-04 14:15,{},19.65,2731,19.71,19.64,19.71,2.1073,271.0
2019-03-04 14:20,{},19.71,2731,19.71,19.65,19.65,1.8118,233.0
2019-03-04 14:25,{},19.7,2731,19.74,19.7,19.71,0.7154,92.0
2019-03-04 14:30,{},19.7,2731,19.74,19.7,19.7,3.7403,481.0
2019-03-04 14:35,{},19.74,2731,19.74,19.7,19.7,2.5583,329.0
2019-03-04 14:40,{},19.73,2731,19.75,19.65,19.74,1.8429,237.0
2019-03-04 14:45,{},19.75,2731,19.76,19.73,19.73,2.7372,352.0
2019-03-04 14:50,{},19.78,2731,19.78,19.75,19.75,2.1695,279.0
2019-03-04 14:55,{},19.78,2731,19.8,19.77,19.78,4.4012,566.0
2019-03-04 15:00,{},19.78,2731,19.8,19.77,19.78,2.1851,281.0
2019-03-05 09:35,{},19.7,2731,19.83,19.7,19.82,1.6952,218.0
2019-03-05 09:40,{},19.68,2731,19.7,19.6,19.7,2.8694,369.0
2019-03-05 09:45,{},19.62,2731,19.68,19.62,19.68,2.7449,353.0
2019-03-05 09:50,{},19.62,2731,19.66,19.6,19.62,2.7216,350.0
2019-03-05 09:55,{},19.66,2731,19.66,19.62,19.62,2.3873,307.0
2019-03-05 10:00,{},19.65,2731,19.66,19.62,19.66,1.1586,149.0
2019-03-05 10:05,{},19.64,2731,19.67,19.62,19.65,2.1695,279.0
2019-03-05 10:10,{},19.61,2731,19.64,19.61,19.64,1.5008,193.0
2019-03-05 10:15,{},19.62,2731,19.67,19.6,19.61,4.9922,642.0
2019-03-05 10:20,{},19.65,2731,19.65,19.61,19.62,0.7232,93.0
2019-03-05 10:25,{},19.61,2731,19.66,19.61,19.65,1.4152,182.0
2019-03-05 10:30,{},19.61,2731,19.62,19.61,19.61,2.014,259.0
2019-03-05 10:35,{},19.61,2731,19.62,19.6,19.61,1.5163,195.0
2019-03-05 10:40,{},19.62,2731,19.62,19.6,19.61,4.4635,574.0
2019-03-05 10:45,{},19.62,2731,19.62,19.61,19.62,1.9207,247.0
2019-03-05 10:50,{},19.61,2731,19.62,19.61,19.62,1.9751,254.0
2019-03-05 10:55,{},19.6,2731,19.62,19.6,19.61,0.8476,109.0
2019-03-05 11:00,{},19.62,2731,19.62,19.6,19.6,1.2675,163.0
2019-03-05 11:05,{},19.63,2731,19.64,19.62,19.62,0.902,116.0
2019-03-05 11:10,{},19.63,2731,19.65,19.63,19.63,0.6143,79.0
2019-03-05 11:15,{},19.6,2731,19.63,19.6,19.63,0.5677,73.0
2019-03-05 11:20,{},19.62,2731,19.63,19.6,19.6,0.1011,13.0
2019-03-05 11:25,{},19.63,2731,19.63,19.61,19.62,0.7698,99.0
2019-03-05 11:30,{},19.63,2731,19.63,19.63,19.63,0.0156,2.0
2019-03-05 13:05,{},19.61,2731,19.65,19.61,19.63,1.9673,253.0
2019-03-05 13:10,{},19.61,2731,19.61,19.6,19.61,3.6159,465.0
2019-03-05 13:15,{},19.63,2731,19.64,19.61,19.61,0.5599,72.0
2019-03-05 13:20,{},19.63,2731,19.64,19.61,19.63,1.4463,186.0
2019-03-05 13:25,{},19.64,2731,19.65,19.63,19.63,0.7543,97.0
2019-03-05 13:30,{},19.65,2731,19.65,19.64,19.64,0.4355,56.0
2019-03-05 13:35,{},19.7,2731,19.7,19.65,19.65,1.7885,230.0
2019-03-05 13:40,{},19.7,2731,19.71,19.69,19.7,1.0575,136.0
2019-03-05 13:45,{},19.7,2731,19.7,19.69,19.7,0.8476,109.0
2019-03-05 13:50,{},19.68,2731,19.7,19.68,19.7,0.3033,39.0
2019-03-05 13:55,{},19.7,2731,19.71,19.68,19.68,1.1664,150.0
2019-03-05 14:00,{},19.69,2731,19.7,19.69,19.7,0.1011,13.0
2019-03-05 14:05,{},19.73,2731,19.73,19.69,19.69,0.8009,103.0
2019-03-05 14:10,{},19.7,2731,19.73,19.7,19.73,0.7076,91.0
2019-03-05 14:15,{},19.7,2731,19.7,19.7,19.7,0.5132,66.0
2019-03-05 14:25,{},19.68,2731,19.7,19.68,19.7,2.1695,279.0
2019-03-05 14:30,{},19.63,2731,19.68,19.63,19.68,2.2006,283.0
2019-03-05 14:35,{},19.62,2731,19.63,19.62,19.63,1.8818,242.0
2019-03-05 14:40,{},19.62,2731,19.63,19.62,19.62,2.4806,319.0
2019-03-05 14:45,{},19.59,2731,19.62,19.59,19.62,6.8196,877.0
2019-03-05 14:50,{},19.7,2731,19.7,19.58,19.59,1.7496,225.0
2019-03-05 14:55,{},19.63,2731,19.7,19.6,19.7,0.9876,127.0
2019-03-05 15:00,{},19.67,2731,19.68,19.63,19.63,1.283,165.0
2019-03-06 09:35,{},19.59,2731,19.7,19.53,19.53,1.9518,251.0
2019-03-06 09:40,{},19.61,2731,19.65,19.59,19.59,4.6812,602.0
2019-03-06 09:45,{},19.59,2731,19.63,19.59,19.61,0.7543,97.0
2019-03-06 09:50,{},19.58,2731,19.59,19.58,19.59,2.0062,258.0
2019-03-06 09:55,{},19.5,2731,19.58,19.5,19.58,2.3406,301.0
2019-03-06 10:00,{},19.47,2731,19.52,19.46,19.5,3.4215,440.0
2019-03-06 10:05,{},19.4,2731,19.47,19.4,19.47,4.0669,523.0
2019-03-06 10:10,{},19.34,2731,19.4,19.31,19.4,5.7543,740.0
2019-03-06 10:15,{},19.3,2731,19.34,19.29,19.34,20.1167,2587.0
2019-03-06 10:20,{},19.39,2731,19.39,19.29,19.3,20.7465,2668.0
2019-03-06 10:25,{},19.45,2731,19.45,19.39,19.39,2.4028,309.0
2019-03-06 10:30,{},19.45,2731,19.45,19.4,19.45,1.493,192.0
2019-03-06 10:35,{},19.45,2731,19.48,19.45,19.45,0.4355,56.0
2019-03-06 10:40,{},19.47,2731,19.5,19.45,19.45,0.9331,120.0
2019-03-06 10:45,{},19.42,2731,19.47,19.39,19.47,1.8507,238.0
2019-03-06 10:50,{},19.41,2731,19.42,19.4,19.42,0.1711,22.0
2019-03-06 10:55,{},19.42,2731,19.44,19.41,19.41,0.2644,34.0
2019-03-06 11:00,{},19.4,2731,19.42,19.4,19.42,0.5832,75.0
2019-03-06 11:05,{},19.37,2731,19.46,19.37,19.4,1.2364,159.0
2019-03-06 11:10,{},19.41,2731,19.48,19.37,19.37,0.6532,84.0
2019-03-06 11:15,{},19.43,2731,19.47,19.4,19.41,0.7776,100.0
2019-03-06 11:20,{},19.47,2731,19.47,19.43,19.43,0.3966,51.0
2019-03-06 11:25,{},19.49,2731,19.49,19.47,19.47,1.1664,150.0
2019-03-06 11:30,{},19.49,2731,19.49,19.49,19.49,0.2644,34.0
2019-03-06 13:05,{},19.48,2731,19.49,19.43,19.49,2.0218,260.0
2019-03-06 13:10,{},19.53,2731,19.54,19.47,19.48,1.5163,195.0
2019-03-06 13:15,{},19.47,2731,19.53,19.47,19.53,0.2722,35.0
2019-03-06 13:20,{},19.49,2731,19.49,19.4,19.47,2.8771,370.0
2019-03-06 13:25,{},19.5,2731,19.52,19.49,19.49,0.7154,92.0
2019-03-06 13:30,{},19.52,2731,19.52,19.5,19.5,1.0342,133.0
2019-03-06 13:35,{},19.43,2731,19.52,19.4,19.52,1.8274,235.0
2019-03-06 13:40,{},19.47,2731,19.51,19.42,19.43,0.5054,65.0
2019-03-06 13:45,{},19.43,2731,19.5,19.43,19.47,3.8491,495.0
2019-03-06 13:50,{},19.49,2731,19.49,19.43,19.43,2.1151,272.0
2019-03-06 13:55,{},19.45,2731,19.49,19.45,19.49,0.4666,60.0
2019-03-06 14:00,{},19.48,2731,19.49,19.43,19.45,2.9471,379.0
2019-03-06 14:05,{},19.41,2731,19.49,19.4,19.48,2.6205,337.0
2019-03-06 14:10,{},19.41,2731,19.42,19.39,19.41,1.1742,151.0
2019-03-06 14:15,{},19.4,2731,19.46,19.39,19.41,2.8616,368.0
2019-03-06 14:20,{},19.39,2731,19.4,19.39,19.4,1.0342,133.0
2019-03-06 14:25,{},19.4,2731,19.4,19.39,19.39,0.2877,37.0
2019-03-06 14:30,{},19.4,2731,19.43,19.4,19.4,0.7309,94.0
2019-03-06 14:35,{},19.47,2731,19.48,19.4,19.4,1.7885,230.0
2019-03-06 14:40,{},19.47,2731,19.49,19.46,19.47,4.0747,524.0
2019-03-06 14:45,{},19.49,2731,19.49,19.46,19.47,2.0218,260.0
2019-03-06 14:50,{},19.48,2731,19.5,19.48,19.49,5.2799,679.0
2019-03-06 14:55,{},19.48,2731,19.5,19.46,19.48,5.4743,704.0
2019-03-06 15:00,{},19.49,2731,19.49,19.46,19.48,1.2208,157.0
2019-03-07 09:35,{},19.58,2731,19.73,19.45,19.45,2.7994,360.0
2019-03-07 09:40,{},19.59,2731,19.65,19.57,19.58,9.1369,1175.0
2019-03-07 09:45,{},19.61,2731,19.65,19.58,19.59,5.9176,761.0
2019-03-07 09:50,{},19.61,2731,19.64,19.6,19.61,3.6314,467.0
2019-03-07 09:55,{},19.66,2731,19.66,19.61,19.61,8.958,1152.0
2019-03-07 10:00,{},19.76,2731,19.8,19.66,19.66,11.8429,1523.0
2019-03-07 10:05,{},19.72,2731,19.76,19.72,19.76,2.2706,292.0
2019-03-07 10:10,{},19.66,2731,19.73,19.66,19.72,1.1586,149.0
2019-03-07 10:15,{},19.65,2731,19.66,19.62,19.66,1.7574,226.0
2019-03-07 10:20,{},19.65,2731,19.66,19.64,19.65,0.7776,100.0
2019-03-07 10:25,{},19.62,2731,19.66,19.62,19.65,3.5848,461.0
2019-03-07 10:30,{},19.59,2731,19.62,19.58,19.62,1.3686,176.0
2019-03-07 10:35,{},19.54,2731,19.59,19.54,19.59,4.7512,611.0
2019-03-07 10:40,{},19.49,2731,19.54,19.4,19.54,1.5552,200.0
2019-03-07 10:45,{},19.54,2731,19.54,19.4,19.49,0.9098,117.0
2019-03-07 10:50,{},19.5,2731,19.54,19.41,19.54,3.4837,448.0
2019-03-07 10:55,{},19.41,2731,19.49,19.41,19.49,2.465,317.0
2019-03-07 11:00,{},19.42,2731,19.49,19.41,19.41,0.6998,90.0
2019-03-07 11:05,{},19.48,2731,19.49,19.42,19.42,0.6998,90.0
2019-03-07 11:10,{},19.44,2731,19.48,19.43,19.48,2.2473,289.0
2019-03-07 11:15,{},19.47,2731,19.48,19.44,19.44,0.5677,73.0
2019-03-07 11:20,{},19.5,2731,19.5,19.47,19.47,0.6376,82.0
2019-03-07 11:25,{},19.53,2731,19.53,19.5,19.5,0.3033,39.0
2019-03-07 11:30,{},19.5,2731,19.53,19.5,19.53,0.591,76.0
2019-03-07 13:05,{},19.47,2731,19.5,19.47,19.5,1.3686,176.0
2019-03-07 13:10,{},19.5,2731,19.5,19.47,19.47,1.4386,185.0
2019-03-07 13:15,{},19.55,2731,19.56,19.5,19.5,2.5505,328.0
2019-03-07 13:20,{},19.64,2731,19.64,19.57,19.57,2.3717,305.0
2019-03-07 13:25,{},19.55,2731,19.64,19.55,19.64,0.6299,81.0
2019-03-07 13:30,{},19.55,2731,19.57,19.55,19.55,1.112,143.0
2019-03-07 13:35,{},19.56,2731,19.64,19.55,19.55,0.2644,34.0
2019-03-07 13:40,{},19.53,2731,19.56,19.53,19.56,1.3686,176.0
2019-03-07 13:45,{},19.54,2731,19.54,19.53,19.53,0.5988,77.0
2019-03-07 13:50,{},19.55,2731,19.55,19.53,19.54,0.1011,13.0
2019-03-07 13:55,{},19.54,2731,19.56,19.53,19.55,0.591,76.0
2019-03-07 14:00,{},19.54,2731,19.54,19.53,19.54,0.5677,73.0
2019-03-07 14:05,{},19.65,2731,19.65,19.54,19.54,0.972,125.0
2019-03-07 14:10,{},19.67,2731,19.69,19.65,19.65,0.451,58.0
2019-03-07 14:15,{},19.55,2731,19.68,19.55,19.67,0.4355,56.0
2019-03-07 14:20,{},19.63,2731,19.63,19.55,19.55,0.5677,73.0
2019-03-07 14:25,{},19.62,2731,19.63,19.58,19.63,0.2566,33.0
2019-03-07 14:30,{},19.6,2731,19.63,19.6,19.62,1.0653,137.0
2019-03-07 14:35,{},19.65,2731,19.65,19.6,19.6,1.423,183.0
2019-03-07 14:40,{},19.63,2731,19.65,19.63,19.65,1.5941,205.0
2019-03-07 14:45,{},19.64,2731,19.66,19.59,19.63,1.944,250.0
2019-03-07 14:50,{},19.59,2731,19.64,19.57,19.64,1.9984,257.0
2019-03-07 14:55,{},19.6,2731,19.63,19.59,19.59,1.7885,230.0
2019-03-07 15:00,{},19.59,2731,19.62,19.59,19.6,0.9331,120.0
2019-03-08 09:35,{},19.4,2731,19.59,19.32,19.59,3.2893,423.0
2019-03-08 09:40,{},19.4,2731,19.45,19.39,19.4,0.8243,106.0
2019-03-08 09:45,{},19.36,2731,19.49,19.35,19.4,2.6594,342.0
2019-03-08 09:50,{},19.33,2731,19.39,19.3,19.36,1.8974,244.0
2019-03-08 09:55,{},19.35,2731,19.4,19.31,19.33,0.8476,109.0
2019-03-08 10:00,{},19.35,2731,19.46,19.32,19.35,1.8507,238.0
2019-03-08 10:05,{},19.28,2731,19.35,19.25,19.35,3.6859,474.0
2019-03-08 10:10,{},19.34,2731,19.34,19.28,19.28,1.2208,157.0
2019-03-08 10:15,{},19.33,2731,19.34,19.29,19.34,0.5443,70.0
2019-03-08 10:20,{},19.31,2731,19.33,19.3,19.33,1.2519,161.0
2019-03-08 10:25,{},19.29,2731,19.33,19.29,19.31,0.6921,89.0
2019-03-08 10:30,{},19.45,2731,19.45,19.29,19.29,0.8865,114.0
2019-03-08 10:35,{},19.42,2731,19.45,19.42,19.45,0.9254,119.0
2019-03-08 10:40,{},19.47,2731,19.48,19.42,19.42,1.3997,180.0
2019-03-08 10:45,{},19.49,2731,19.49,19.46,19.47,0.6065,78.0
2019-03-08 10:50,{},19.41,2731,19.59,19.39,19.49,2.5817,332.0
2019-03-08 10:55,{},19.56,2731,19.59,19.41,19.41,2.3639,304.0
2019-03-08 11:00,{},19.52,2731,19.56,19.46,19.56,0.3655,47.0
2019-03-08 11:05,{},19.5,2731,19.52,19.44,19.52,0.7232,93.0
2019-03-08 11:10,{},19.5,2731,19.51,19.45,19.5,0.5443,70.0
2019-03-08 11:15,{},19.5,2731,19.5,19.45,19.5,0.2255,29.0
2019-03-08 11:20,{},19.5,2731,19.51,19.5,19.5,0.2022,26.0
2019-03-08 11:25,{},19.41,2731,19.5,19.41,19.5,0.9176,118.0
2019-03-08 11:30,{},19.4,2731,19.42,19.4,19.41,1.112,143.0
2019-03-08 13:05,{},19.4,2731,19.41,19.4,19.4,0.451,58.0
2019-03-08 13:10,{},19.38,2731,19.4,19.38,19.4,0.7932,102.0
2019-03-08 13:15,{},19.36,2731,19.38,19.36,19.38,0.521,67.0
2019-03-08 13:20,{},19.32,2731,19.36,19.32,19.36,1.6952,218.0
2019-03-08 13:25,{},19.31,2731,19.33,19.31,19.32,2.154,277.0
2019-03-08 13:30,{},19.28,2731,19.31,19.27,19.31,2.4572,316.0
2019-03-08 13:35,{},19.26,2731,19.28,19.25,19.28,4.3235,556.0
2019-03-08 13:40,{},19.23,2731,19.26,19.23,19.26,2.7061,348.0
2019-03-08 13:45,{},19.18,2731,19.23,19.17,19.23,2.6672,343.0
2019-03-08 13:50,{},19.17,2731,19.2,19.16,19.18,2.8538,367.0
2019-03-08 13:55,{},19.1,2731,19.18,19.09,19.17,4.3468,559.0
2019-03-08 14:00,{},19.18,2731,19.18,19.1,19.1,1.944,250.0
2019-03-08 14:05,{},19.24,2731,19.24,19.18,19.18,0.9876,127.0
2019-03-08 14:10,{},19.21,2731,19.26,19.21,19.24,0.8709,112.0
2019-03-08 14:15,{},19.2,2731,19.21,19.2,19.21,0.4432,57.0
2019-03-08 14:20,{},19.25,2731,19.25,19.2,19.2,0.4432,57.0
2019-03-08 14:25,{},19.26,2731,19.26,19.25,19.25,0.3033,39.0
2019-03-08 14:30,{},19.25,2731,19.26,19.23,19.26,0.9176,118.0
2019-03-08 14:35,{},19.38,2731,19.38,19.13,19.25,9.5646,1230.0
2019-03-08 14:40,{},19.34,2731,19.38,19.26,19.38,3.3981,437.0
2019-03-08 14:45,{},19.21,2731,19.34,19.2,19.34,0.7698,99.0
2019-03-08 14:50,{},19.12,2731,19.24,19.1,19.21,3.888,500.0
2019-03-08 14:55,{},19.08,2731,19.14,19.08,19.12,11.2831,1451.0
2019-03-08 15:00,{},19.07,2731,19.09,19.06,19.08,3.4059,438.0
2019-03-11 09:35,{},19.4,2731,19.43,19.1,19.1,4.2846,551.0
2019-03-11 09:40,{},19.38,2731,19.5,19.32,19.4,2.9549,380.0
2019-03-11 09:45,{},19.42,2731,19.51,19.38,19.38,4.0513,521.0
2019-03-11 09:50,{},19.45,2731,19.45,19.38,19.42,1.6952,218.0
2019-03-11 09:55,{},19.45,2731,19.46,19.41,19.45,4.168,536.0
2019-03-11 10:00,{},19.44,2731,19.45,19.42,19.45,0.4044,52.0
2019-03-11 10:05,{},19.44,2731,19.45,19.42,19.44,0.6609999999999999,85.0
2019-03-11 10:10,{},19.43,2731,19.44,19.42,19.44,0.2799,36.0
2019-03-11 10:15,{},19.41,2731,19.43,19.38,19.43,1.1042,142.0
2019-03-11 10:20,{},19.4,2731,19.41,19.35,19.41,1.0809,139.0
2019-03-11 10:25,{},19.39,2731,19.4,19.37,19.4,2.5817,332.0
2019-03-11 10:30,{},19.41,2731,19.41,19.37,19.39,0.3266,42.0
2019-03-11 10:35,{},19.41,2731,19.45,19.4,19.41,8.3981,1080.0
2019-03-11 10:40,{},19.44,2731,19.5,19.41,19.41,7.224,929.0
2019-03-11 10:45,{},19.49,2731,19.5,19.44,19.44,3.1649,407.0
2019-03-11 10:50,{},19.5,2731,19.51,19.49,19.49,1.182,152.0
2019-03-11 10:55,{},19.51,2731,19.51,19.48,19.5,3.5692,459.0
2019-03-11 11:00,{},19.83,2731,19.98,19.51,19.51,15.6765,2016.0
2019-03-11 11:05,{},19.78,2731,19.84,19.77,19.83,5.1711,665.0
2019-03-11 11:10,{},19.72,2731,19.82,19.72,19.78,1.283,165.0
2019-03-11 11:10,{},19.72,2731,19.82,19.72,19.78,1.2830000000000001,165.0
2019-03-11 11:15,{},19.71,2731,19.72,19.68,19.72,0.6143,79.0
2019-03-11 11:20,{},19.73,2731,19.73,19.71,19.71,1.1431,147.0
2019-03-11 11:25,{},19.74,2731,19.74,19.73,19.73,0.0855,11.0
2019-03-11 11:30,{},19.78,2731,19.78,19.74,19.74,1.0809,139.0
2019-03-11 13:05,{},19.74,2731,19.78,19.74,19.78,1.2519,161.0
2019-03-11 13:10,{},19.76,2731,19.76,19.74,19.74,0.2566,33.0
2019-03-11 13:15,{},19.78,2731,19.8,19.76,19.76,2.8538,367.0
2019-03-11 13:20,{},19.79,2731,19.79,19.78,19.78,0.2255,29.0
2019-03-11 13:25,{},19.79,2731,19.8,19.78,19.79,0.5599,72.0
2019-03-11 13:30,{},19.76,2731,19.79,19.76,19.79,0.4199,54.0
2019-03-11 13:35,{},19.75,2731,19.76,19.72,19.76,0.3499,45.0
2019-03-11 13:40,{},19.79,2731,19.8,19.75,19.75,1.0886,140.0
2019-03-11 13:45,{},19.73,2731,19.79,19.73,19.79,2.5583,329.0
2019-03-11 13:50,{},19.78,2731,19.79,19.73,19.73,0.9642,124.0
2019-03-11 13:55,{},19.79,2731,19.8,19.77,19.78,0.5677,73.0
2019-03-11 14:00,{},19.77,2731,19.79,19.76,19.79,1.5708,202.0
2019-03-11 14:05,{},19.78,2731,19.8,19.77,19.77,1.3841,178.0
2019-03-11 14:10,{},19.79,2731,19.79,19.77,19.78,1.112,143.0
2019-03-11 14:15,{},19.8,2731,19.81,19.79,19.79,1.8507,238.0
2019-03-11 14:20,{},19.82,2731,19.82,19.8,19.8,3.0871,397.0
2019-03-11 14:25,{},19.86,2731,19.86,19.82,19.82,3.1415,404.0
2019-03-11 14:30,{},19.96,2731,19.99,19.86,19.86,8.8103,1133.0
2019-03-11 14:35,{},19.88,2731,19.96,19.86,19.96,2.6283,338.0
2019-03-11 14:40,{},19.88,2731,19.88,19.85,19.88,5.3344,686.0
2019-03-11 14:45,{},19.89,2731,19.9,19.85,19.88,2.0218,260.0
2019-03-11 14:50,{},19.9,2731,19.9,19.89,19.89,1.4075,181.0
2019-03-11 14:55,{},19.88,2731,19.9,19.87,19.9,2.8538,367.0
2019-03-11 15:00,{},19.9,2731,19.9,19.88,19.88,3.2426,417.0
2019-03-12 09:35,{},20.03,2731,20.03,19.9,19.9,4.7745,614.0
2019-03-12 09:40,{},20.1,2731,20.19,20.01,20.03,5.5366,712.0
2019-03-12 09:45,{},20.06,2731,20.12,20.05,20.1,1.4308,184.0
2019-03-12 09:50,{},19.9,2731,20.09,19.9,20.06,5.4977,707.0
2019-03-12 09:55,{},19.97,2731,20.0,19.9,19.9,1.5785,203.0
2019-03-12 10:00,{},19.89,2731,19.97,19.89,19.97,1.8663,240.0
2019-03-12 10:05,{},19.9,2731,19.93,19.83,19.89,1.9829,255.0
2019-03-12 10:10,{},19.89,2731,19.96,19.89,19.9,1.9207,247.0
2019-03-12 10:15,{},19.86,2731,19.89,19.86,19.89,0.9254,119.0
2019-03-12 10:20,{},19.86,2731,19.88,19.85,19.86,0.4355,56.0
2019-03-12 10:25,{},19.88,2731,19.94,19.86,19.86,0.7621,98.0
2019-03-12 10:30,{},19.9,2731,19.92,19.87,19.88,0.4977,64.0
2019-03-12 10:35,{},19.91,2731,19.91,19.89,19.9,0.5365,69.0
2019-03-12 10:40,{},19.87,2731,19.91,19.84,19.91,2.1617,278.0
2019-03-12 10:45,{},19.85,2731,19.9,19.85,19.87,0.9953,128.0
2019-03-12 10:50,{},19.87,2731,19.87,19.84,19.85,2.4417,314.0
2019-03-12 10:55,{},19.84,2731,19.87,19.84,19.87,2.6827,345.0
2019-03-12 11:00,{},19.86,2731,19.87,19.84,19.84,1.9518,251.0
2019-03-12 11:05,{},19.85,2731,19.86,19.84,19.86,2.4261,312.0
2019-03-12 11:10,{},19.86,2731,19.86,19.85,19.85,1.4075,181.0
2019-03-12 11:15,{},19.87,2731,19.87,19.85,19.86,1.0498,135.0
2019-03-12 11:20,{},19.91,2731,19.91,19.87,19.87,1.9907,256.0
2019-03-12 11:25,{},19.89,2731,19.91,19.88,19.91,0.2333,30.0
2019-03-12 11:30,{},19.91,2731,19.91,19.88,19.89,1.9051,245.0
2019-03-12 13:05,{},19.92,2731,19.93,19.9,19.91,1.4463,186.0
2019-03-12 13:10,{},19.91,2731,19.92,19.9,19.92,0.9409,121.0
2019-03-12 13:15,{},19.87,2731,19.91,19.87,19.91,2.6128,336.0
2019-03-12 13:20,{},19.9,2731,19.9,19.87,19.87,1.0187,131.0
2019-03-12 13:25,{},19.93,2731,19.94,19.9,19.9,0.6454,83.0
2019-03-12 13:30,{},19.91,2731,19.93,19.91,19.93,0.2566,33.0
2019-03-12 13:35,{},19.92,2731,19.93,19.91,19.91,1.112,143.0
2019-03-12 13:40,{},19.88,2731,19.92,19.88,19.92,4.5023,579.0
2019-03-12 13:45,{},19.87,2731,19.89,19.87,19.88,5.0855,654.0
2019-03-12 13:50,{},19.85,2731,19.88,19.84,19.87,6.5163,838.0
2019-03-12 13:55,{},19.84,2731,19.88,19.83,19.85,4.238,545.0
2019-03-12 14:00,{},19.88,2731,19.88,19.84,19.84,2.2473,289.0
2019-03-12 14:05,{},19.89,2731,19.89,19.84,19.88,2.4417,314.0
2019-03-12 14:10,{},19.85,2731,19.89,19.84,19.89,4.8212,620.0
2019-03-12 14:15,{},19.84,2731,19.88,19.84,19.85,2.9938,385.0
2019-03-12 14:20,{},19.84,2731,19.87,19.83,19.84,2.5194,324.0
2019-03-12 14:25,{},19.84,2731,19.85,19.83,19.84,5.1244,659.0
2019-03-12 14:30,{},19.84,2731,19.87,19.82,19.84,1.6485,212.0
2019-03-12 14:35,{},19.88,2731,19.88,19.83,19.84,6.1275,788.0
2019-03-12 14:40,{},19.84,2731,19.92,19.84,19.88,3.196,411.0
2019-03-12 14:45,{},19.83,2731,19.92,19.82,19.84,3.0093,387.0
2019-03-12 14:50,{},19.84,2731,19.91,19.82,19.83,6.9829,898.0
2019-03-12 14:55,{},19.87,2731,19.89,19.83,19.84,2.7061,348.0
2019-03-12 15:00,{},19.91,2731,19.91,19.87,19.87,3.9969,514.0
2019-03-13 09:35,{},19.78,2731,19.88,19.77,19.88,23.3826,3007.0
2019-03-13 09:40,{},19.74,2731,19.78,19.73,19.78,1.9829,255.0
2019-03-13 09:45,{},19.79,2731,19.81,19.74,19.74,1.0964,141.0
2019-03-13 09:50,{},19.73,2731,19.81,19.7,19.79,5.7621,741.0
2019-03-13 09:55,{},19.76,2731,19.77,19.72,19.73,2.5894,333.0
2019-03-13 10:00,{},19.75,2731,19.76,19.75,19.76,0.9176,118.0
2019-03-13 10:05,{},19.75,2731,19.76,19.72,19.75,3.4215,440.0
2019-03-13 10:10,{},19.75,2731,19.76,19.73,19.75,0.7154,92.0
2019-03-13 10:15,{},19.75,2731,19.75,19.72,19.75,1.6252,209.0
2019-03-13 10:20,{},19.74,2731,19.75,19.74,19.75,1.6563,213.0
2019-03-13 10:25,{},19.74,2731,19.75,19.73,19.74,0.4666,60.0
2019-03-13 10:30,{},19.72,2731,19.75,19.72,19.74,0.7465,96.0
2019-03-13 10:35,{},19.72,2731,19.72,19.72,19.72,0.4821,62.0
2019-03-13 10:40,{},19.72,2731,19.74,19.72,19.72,0.6065,78.0
2019-03-13 10:45,{},19.72,2731,19.72,19.71,19.72,1.6174,208.0
2019-03-13 10:50,{},19.72,2731,19.74,19.72,19.72,0.5754,74.0
2019-03-13 10:55,{},19.72,2731,19.72,19.72,19.72,0.3421,44.0
2019-03-13 11:00,{},19.73,2731,19.73,19.71,19.72,1.9285,248.0
2019-03-13 11:05,{},19.7,2731,19.73,19.7,19.73,1.2597,162.0
2019-03-13 11:10,{},19.72,2731,19.73,19.68,19.7,2.4806,319.0
2019-03-13 11:15,{},19.7,2731,19.72,19.67,19.72,6.874,884.0
2019-03-13 11:20,{},19.72,2731,19.73,19.7,19.7,0.902,116.0
2019-03-13 11:25,{},19.75,2731,19.75,19.7,19.72,2.0451,263.0
2019-03-13 11:30,{},19.78,2731,19.78,19.73,19.75,1.2442,160.0
2019-03-13 13:05,{},19.73,2731,19.78,19.73,19.78,1.8429,237.0
2019-03-13 13:10,{},19.74,2731,19.74,19.7,19.73,1.5241,196.0
2019-03-13 13:15,{},19.69,2731,19.76,19.69,19.73,1.0886,140.0
2019-03-13 13:20,{},19.68,2731,19.76,19.68,19.69,0.6143,79.0
2019-03-13 13:25,{},19.76,2731,19.76,19.68,19.68,0.6687,86.0
2019-03-13 13:30,{},19.7,2731,19.76,19.7,19.76,0.8942,115.0
2019-03-13 13:35,{},19.71,2731,19.76,19.7,19.7,1.0886,140.0
2019-03-13 13:40,{},19.71,2731,19.71,19.71,19.71,0.0778,10.0
2019-03-13 13:45,{},19.73,2731,19.73,19.7,19.71,1.6252,209.0
2019-03-13 13:50,{},19.73,2731,19.74,19.73,19.73,1.182,152.0
2019-03-13 13:55,{},19.7,2731,19.74,19.7,19.73,0.3344,43.0
2019-03-13 14:00,{},19.71,2731,19.71,19.7,19.7,0.8165,105.0
2019-03-13 14:05,{},19.71,2731,19.72,19.71,19.71,0.6998,90.0
2019-03-13 14:10,{},19.68,2731,19.73,19.68,19.71,3.7869,487.0
2019-03-13 14:15,{},19.7,2731,19.72,19.68,19.68,1.7263,222.0
2019-03-13 14:20,{},19.7,2731,19.7,19.7,19.7,0.0078,1.0
2019-03-13 14:25,{},19.68,2731,19.71,19.68,19.7,2.2706,292.0
2019-03-13 14:30,{},19.71,2731,19.72,19.68,19.68,0.6921,89.0
2019-03-13 14:35,{},19.7,2731,19.72,19.7,19.71,0.5832,75.0
2019-03-13 14:40,{},19.7,2731,19.71,19.7,19.7,0.6765,87.0
2019-03-13 14:45,{},19.68,2731,19.7,19.68,19.7,0.591,76.0
2019-03-13 14:50,{},19.68,2731,19.7,19.68,19.68,1.8507,238.0
2019-03-13 14:55,{},19.68,2731,19.69,19.67,19.68,1.2053,155.0
2019-03-13 15:00,{},19.74,2731,19.74,19.67,19.68,2.0296,261.0
2019-03-14 09:35,{},19.77,2731,19.77,19.64,19.74,1.0187,131.0
2019-03-14 09:40,{},19.75,2731,19.83,19.75,19.77,1.703,219.0
2019-03-14 09:45,{},19.75,2731,19.77,19.75,19.75,0.5754,74.0
2019-03-14 09:50,{},19.75,2731,19.77,19.75,19.75,1.0342,133.0
2019-03-14 09:55,{},19.72,2731,19.8,19.72,19.75,0.4588,59.0
2019-03-14 10:00,{},19.71,2731,19.77,19.7,19.72,0.9409,121.0
2019-03-14 10:05,{},19.67,2731,19.71,19.67,19.71,1.2519,161.0
2019-03-14 10:10,{},19.55,2731,19.67,19.42,19.67,3.3593,432.0
2019-03-14 10:15,{},19.52,2731,19.55,19.51,19.55,0.6221,80.0
2019-03-14 10:20,{},19.6,2731,19.6,19.52,19.52,0.5365,69.0
2019-03-14 10:25,{},19.58,2731,19.6,19.56,19.6,0.0544,7.0
2019-03-14 10:30,{},19.58,2731,19.58,19.58,19.58,0.1322,17.0
2019-03-14 10:35,{},19.5,2731,19.58,19.5,19.58,1.8585,239.0
2019-03-14 10:40,{},19.45,2731,19.5,19.45,19.5,0.6299,81.0
2019-03-14 10:45,{},19.63,2731,19.63,19.44,19.45,1.1975,154.0
2019-03-14 10:50,{},19.63,2731,19.63,19.53,19.63,0.6065,78.0
2019-03-14 10:55,{},19.52,2731,19.63,19.52,19.63,0.6609999999999999,85.0
2019-03-14 11:00,{},19.58,2731,19.59,19.52,19.52,1.6252,209.0
2019-03-14 11:05,{},19.56,2731,19.58,19.56,19.58,0.4199,54.0
2019-03-14 11:10,{},19.55,2731,19.56,19.54,19.56,2.0762,267.0
2019-03-14 11:15,{},19.56,2731,19.58,19.55,19.55,1.2986,167.0
2019-03-14 11:20,{},19.56,2731,19.6,19.53,19.56,4.339,558.0
2019-03-14 11:20,{},19.56,2731,19.6,19.53,19.56,4.3389999999999995,558.0
2019-03-14 11:25,{},19.53,2731,19.58,19.52,19.56,6.0031,772.0
2019-03-14 11:30,{},19.53,2731,19.54,19.53,19.53,1.5708,202.0
2019-03-14 13:05,{},19.51,2731,19.53,19.5,19.53,1.7574,226.0
2019-03-14 13:10,{},19.5,2731,19.53,19.5,19.51,1.3841,178.0
2019-03-14 13:15,{},19.51,2731,19.51,19.5,19.5,0.2411,31.0
2019-03-14 13:20,{},19.5,2731,19.52,19.5,19.51,0.451,58.0
2019-03-14 13:25,{},19.52,2731,19.52,19.5,19.5,0.2333,30.0
2019-03-14 13:30,{},19.53,2731,19.58,19.52,19.52,1.1509,148.0
2019-03-14 13:35,{},19.55,2731,19.55,19.53,19.53,0.0778,10.0
2019-03-14 13:40,{},19.52,2731,19.55,19.5,19.55,1.2675,163.0
2019-03-14 13:45,{},19.5,2731,19.52,19.5,19.52,0.6065,78.0
2019-03-14 13:50,{},19.52,2731,19.52,19.47,19.5,1.5241,196.0
2019-03-14 13:55,{},19.55,2731,19.55,19.52,19.52,1.5397,198.0
2019-03-14 14:00,{},19.56,2731,19.58,19.55,19.55,0.3421,44.0
2019-03-14 14:05,{},19.65,2731,19.65,19.56,19.56,1.6563,213.0
2019-03-14 14:10,{},19.59,2731,19.65,19.59,19.65,0.2488,32.0
2019-03-14 14:15,{},19.59,2731,19.59,19.59,19.59,0.0311,4.0
2019-03-14 14:20,{},19.56,2731,19.59,19.51,19.59,0.9876,127.0
2019-03-14 14:25,{},19.53,2731,19.56,19.51,19.56,0.1166,15.0
2019-03-14 14:30,{},19.53,2731,19.53,19.45,19.53,2.3017,296.0
2019-03-14 14:35,{},19.5,2731,19.53,19.45,19.53,3.4526,444.0
2019-03-14 14:40,{},19.52,2731,19.53,19.46,19.5,2.4261,312.0
2019-03-14 14:45,{},19.6,2731,19.6,19.52,19.52,6.563,844.0
2019-03-14 14:50,{},19.66,2731,19.66,19.6,19.6,4.2302,544.0
2019-03-14 14:55,{},19.72,2731,19.74,19.66,19.66,1.4075,181.0
2019-03-14 15:00,{},19.7,2731,19.72,19.69,19.72,2.0296,261.0
2019-03-15 09:35,{},19.87,2731,19.87,19.75,19.75,18.1415,2333.0
2019-03-15 09:40,{},19.91,2731,19.94,19.87,19.87,3.1104,400.0
2019-03-15 09:45,{},19.97,2731,19.98,19.91,19.91,5.6921,732.0
2019-03-15 09:50,{},20.06,2731,20.06,19.96,19.97,6.3142,812.0
2019-03-15 09:55,{},20.1,2731,20.16,20.04,20.06,4.0202,517.0
2019-03-15 10:00,{},20.18,2731,20.18,20.08,20.1,4.2146,542.0
2019-03-15 10:05,{},20.49,2731,20.65,20.18,20.18,10.2177,1314.0
2019-03-15 10:10,{},20.33,2731,20.6,20.33,20.49,6.0731,781.0
2019-03-15 10:15,{},20.33,2731,20.33,20.22,20.33,4.7512,611.0
2019-03-15 10:20,{},20.29,2731,20.38,20.29,20.33,2.8771,370.0
2019-03-15 10:25,{},20.2,2731,20.31,20.15,20.29,1.0031,129.0
2019-03-15 10:30,{},20.18,2731,20.25,20.18,20.2,2.1617,278.0
2019-03-15 10:35,{},20.19,2731,20.19,20.15,20.18,1.7185,221.0
2019-03-15 10:40,{},20.19,2731,20.19,20.16,20.19,0.5754,74.0
2019-03-15 10:45,{},20.18,2731,20.19,20.18,20.19,0.7932,102.0
2019-03-15 10:50,{},20.2,2731,20.2,20.18,20.18,1.6485,212.0
2019-03-15 10:55,{},20.17,2731,20.2,20.17,20.2,1.0809,139.0
2019-03-15 11:00,{},20.2,2731,20.2,20.14,20.17,0.6376,82.0
2019-03-15 11:05,{},20.24,2731,20.27,20.2,20.2,0.5132,66.0
2019-03-15 11:10,{},20.26,2731,20.27,20.24,20.24,0.7854,101.0
2019-03-15 11:15,{},20.25,2731,20.26,20.25,20.26,0.2177,28.0
2019-03-15 11:20,{},20.23,2731,20.25,20.23,20.25,0.7698,99.0
2019-03-15 11:25,{},20.24,2731,20.24,20.23,20.23,0.3499,45.0
2019-03-15 11:30,{},20.25,2731,20.25,20.24,20.24,0.1166,15.0
2019-03-15 13:05,{},20.21,2731,20.25,20.21,20.25,1.4386,185.0
2019-03-15 13:10,{},20.19,2731,20.21,20.18,20.21,0.6143,79.0
2019-03-15 13:15,{},20.13,2731,20.19,20.13,20.19,1.9673,253.0
2019-03-15 13:20,{},20.08,2731,20.13,20.08,20.13,1.0187,131.0
2019-03-15 13:25,{},20.1,2731,20.1,20.06,20.08,1.0731,138.0
2019-03-15 13:30,{},20.1,2731,20.11,20.1,20.1,0.8165,105.0
2019-03-15 13:35,{},20.15,2731,20.15,20.1,20.1,0.8087,104.0
2019-03-15 13:40,{},20.19,2731,20.2,20.13,20.15,1.9129,246.0
2019-03-15 13:45,{},20.24,2731,20.24,20.19,20.19,0.6065,78.0
2019-03-15 13:50,{},20.19,2731,20.24,20.19,20.24,3.4603,445.0
2019-03-15 13:55,{},20.15,2731,20.19,20.15,20.19,0.3577,46.0
2019-03-15 14:00,{},20.15,2731,20.21,20.15,20.15,1.2131,156.0
2019-03-15 14:05,{},20.14,2731,20.2,20.13,20.15,3.6781,473.0
2019-03-15 14:10,{},20.14,2731,20.14,20.14,20.14,0.1477,19.0
2019-03-15 14:15,{},20.23,2731,20.24,20.14,20.14,1.1431,147.0
2019-03-15 14:20,{},20.28,2731,20.28,20.23,20.23,2.9160000000000004,375.0
2019-03-15 14:25,{},20.28,2731,20.28,20.25,20.28,0.3421,44.0
2019-03-15 14:30,{},20.24,2731,20.28,20.24,20.28,0.5132,66.0
2019-03-15 14:35,{},20.23,2731,20.25,20.23,20.24,0.8165,105.0
2019-03-15 14:40,{},20.23,2731,20.23,20.22,20.23,0.3188,41.0
2019-03-15 14:45,{},20.25,2731,20.26,20.23,20.23,2.7372,352.0
2019-03-15 14:50,{},20.24,2731,20.25,20.23,20.25,5.3344,686.0
2019-03-15 14:55,{},20.24,2731,20.25,20.23,20.24,3.1104,400.0
2019-03-15 15:00,{},20.25,2731,20.25,20.23,20.24,3.3437,430.0
2019-03-18 09:35,{},20.33,2731,20.47,20.14,20.15,4.3079,554.0
2019-03-18 09:40,{},20.62,2731,20.66,20.33,20.33,5.6610000000000005,728.0
2019-03-18 09:45,{},20.54,2731,20.62,20.5,20.62,1.9207,247.0
2019-03-18 09:50,{},20.57,2731,20.59,20.53,20.54,4.4868,577.0
2019-03-18 09:55,{},20.6,2731,20.6,20.55,20.57,2.395,308.0
2019-03-18 10:00,{},20.6,2731,20.6,20.57,20.6,3.8414,494.0
2019-03-18 10:05,{},20.6,2731,20.6,20.55,20.6,3.6003,463.0
2019-03-18 10:10,{},20.6,2731,20.61,20.58,20.6,2.9082,374.0
2019-03-18 10:15,{},20.6,2731,20.6,20.58,20.6,1.1042,142.0
2019-03-18 10:20,{},20.58,2731,20.61,20.55,20.6,2.3328,300.0
2019-03-18 10:25,{},20.55,2731,20.59,20.55,20.58,1.1586,149.0
2019-03-18 10:30,{},20.59,2731,20.6,20.55,20.55,2.1073,271.0
2019-03-18 10:35,{},20.58,2731,20.59,20.57,20.59,0.5754,74.0
2019-03-18 10:40,{},20.54,2731,20.59,20.54,20.58,3.4681,446.0
2019-03-18 10:45,{},20.56,2731,20.56,20.54,20.54,0.7387,95.0
2019-03-18 10:50,{},20.58,2731,20.59,20.56,20.56,0.9565,123.0
2019-03-18 10:55,{},20.58,2731,20.59,20.56,20.58,1.112,143.0
2019-03-18 11:00,{},20.59,2731,20.6,20.58,20.58,2.6516,341.0
2019-03-18 11:05,{},20.59,2731,20.59,20.58,20.59,0.7621,98.0
2019-03-18 11:10,{},20.58,2731,20.59,20.58,20.59,1.3608,175.0
2019-03-18 11:15,{},20.58,2731,20.58,20.56,20.58,0.7932,102.0
2019-03-18 11:20,{},20.59,2731,20.59,20.56,20.58,0.8476,109.0
2019-03-18 11:25,{},20.6,2731,20.6,20.58,20.59,2.8227,363.0
2019-03-18 11:30,{},20.61,2731,20.61,20.6,20.6,0.8865,114.0
2019-03-18 13:05,{},20.76,2731,20.9,20.61,20.61,9.1135,1172.0
2019-03-18 13:10,{},20.88,2731,20.88,20.76,20.76,3.7869,487.0
2019-03-18 13:15,{},20.72,2731,20.88,20.7,20.88,1.5163,195.0
2019-03-18 13:20,{},20.75,2731,20.8,20.71,20.72,3.0171,388.0
2019-03-18 13:25,{},20.75,2731,20.75,20.71,20.75,0.9176,118.0
2019-03-18 13:30,{},20.76,2731,20.8,20.75,20.75,0.0933,12.0
2019-03-18 13:35,{},20.75,2731,20.78,20.75,20.76,0.1866,24.0
2019-03-18 13:40,{},20.77,2731,20.77,20.74,20.75,1.042,134.0
2019-03-18 13:45,{},20.77,2731,20.77,20.75,20.77,0.2877,37.0
2019-03-18 13:50,{},20.78,2731,20.78,20.76,20.77,0.5365,69.0
2019-03-18 13:55,{},20.78,2731,20.78,20.77,20.78,1.8118,233.0
2019-03-18 14:00,{},20.79,2731,20.79,20.78,20.78,0.9876,127.0
2019-03-18 14:05,{},20.79,2731,20.8,20.77,20.79,0.6376,82.0
2019-03-18 14:10,{},20.8,2731,20.8,20.77,20.79,1.3997,180.0
2019-03-18 14:15,{},20.8,2731,20.8,20.77,20.8,1.1198,144.0
2019-03-18 14:20,{},20.78,2731,20.8,20.78,20.8,0.8787,113.0
2019-03-18 14:25,{},20.75,2731,20.8,20.75,20.78,1.8196,234.0
2019-03-18 14:30,{},20.75,2731,20.8,20.75,20.75,0.6143,79.0
2019-03-18 14:35,{},20.72,2731,20.76,20.71,20.75,1.8585,239.0
2019-03-18 14:40,{},20.72,2731,20.73,20.72,20.72,1.0498,135.0
2019-03-18 14:45,{},20.71,2731,20.74,20.71,20.72,1.6019,206.0
2019-03-18 14:50,{},20.73,2731,20.74,20.7,20.71,1.0575,136.0
2019-03-18 14:55,{},20.76,2731,20.81,20.73,20.73,2.7838,358.0
2019-03-18 15:00,{},20.8,2731,20.81,20.75,20.76,0.9487,122.0
2019-03-19 09:35,{},21.02,2731,21.02,20.81,20.81,7.395,951.0
2019-03-19 09:40,{},21.15,2731,21.3,21.02,21.02,5.9953,771.0
2019-03-19 09:45,{},21.11,2731,21.21,21.11,21.15,3.577,460.0
2019-03-19 09:50,{},21.19,2731,21.19,21.1,21.11,1.3064,168.0
2019-03-19 09:55,{},21.18,2731,21.2,21.13,21.19,4.8445,623.0
2019-03-19 10:00,{},21.22,2731,21.25,21.13,21.18,3.8725,498.0
2019-03-19 10:05,{},21.29,2731,21.43,21.22,21.22,8.2971,1067.0
2019-03-19 10:10,{},21.43,2731,21.43,21.29,21.29,4.7434,610.0
2019-03-19 10:15,{},21.7,2731,21.73,21.43,21.43,9.6656,1243.0
2019-03-19 10:20,{},21.7,2731,21.75,21.65,21.7,6.7496,868.0
2019-03-19 10:25,{},21.71,2731,21.72,21.7,21.7,1.9984,257.0
2019-03-19 10:30,{},21.75,2731,21.75,21.71,21.71,2.7061,348.0
2019-03-19 10:35,{},21.78,2731,21.78,21.74,21.75,3.6703,472.0
2019-03-19 10:40,{},22.33,2731,22.33,21.77,21.78,7.8149,1005.0
2019-03-19 10:45,{},22.5,2731,22.7,22.3,22.33,18.6392,2397.0
2019-03-19 10:50,{},22.22,2731,22.5,22.12,22.5,6.8041,875.0
2019-03-19 10:55,{},22.12,2731,22.26,22.1,22.22,10.4977,1350.0
2019-03-19 11:00,{},22.01,2731,22.12,22.0,22.12,6.1897,796.0
2019-03-19 11:05,{},22.11,2731,22.12,22.01,22.01,3.2426,417.0
2019-03-19 11:10,{},22.15,2731,22.26,22.11,22.11,2.0140000000000002,259.0
2019-03-19 11:10,{},22.15,2731,22.26,22.11,22.11,2.014,259.0
2019-03-19 11:15,{},22.23,2731,22.23,22.15,22.15,1.9129,246.0
2019-03-19 11:20,{},22.2,2731,22.23,22.2,22.23,3.3048,425.0
2019-03-19 11:25,{},22.23,2731,22.23,22.2,22.2,3.7481,482.0
2019-03-19 11:30,{},22.3,2731,22.38,22.22,22.23,1.4152,182.0
2019-03-19 13:05,{},22.47,2731,22.5,22.29,22.3,30.2566,3891.0
2019-03-19 13:10,{},22.43,2731,22.53,22.4,22.47,3.5459,456.0
2019-03-19 13:15,{},22.48,2731,22.48,22.43,22.43,1.4775,190.0
2019-03-19 13:20,{},22.47,2731,22.49,22.46,22.48,2.0062,258.0
2019-03-19 13:25,{},22.49,2731,22.49,22.47,22.47,1.9051,245.0
2019-03-19 13:30,{},22.47,2731,22.49,22.45,22.49,1.4075,181.0
2019-03-19 13:35,{},22.36,2731,22.47,22.31,22.47,2.8849,371.0
2019-03-19 13:40,{},22.28,2731,22.36,22.22,22.36,4.2302,544.0
2019-03-19 13:45,{},22.16,2731,22.28,22.14,22.28,2.5039,322.0
2019-03-19 13:50,{},22.21,2731,22.22,22.12,22.16,2.0607,265.0
2019-03-19 13:55,{},22.2,2731,22.21,22.19,22.21,1.0886,140.0
2019-03-19 14:00,{},22.3,2731,22.3,22.19,22.2,2.0451,263.0
2019-03-19 14:05,{},22.4,2731,22.41,22.3,22.3,3.6936,475.0
2019-03-19 14:10,{},22.42,2731,22.47,22.4,22.4,2.9082,374.0
2019-03-19 14:15,{},22.36,2731,22.42,22.33,22.42,1.3219,170.0
2019-03-19 14:20,{},22.34,2731,22.38,22.34,22.36,0.9565,123.0
2019-03-19 14:25,{},22.22,2731,22.34,22.22,22.34,3.2115,413.0
2019-03-19 14:30,{},22.21,2731,22.23,22.21,22.22,2.325,299.0
2019-03-19 14:35,{},22.38,2731,22.49,22.21,22.21,5.7232,736.0
2019-03-19 14:40,{},22.47,2731,22.5,22.38,22.38,4.7278,608.0
2019-03-19 14:45,{},22.51,2731,22.55,22.47,22.47,3.2271,415.0
2019-03-19 14:50,{},22.48,2731,22.51,22.35,22.51,5.14,661.0
2019-03-19 14:55,{},22.55,2731,22.55,22.46,22.48,6.6252,852.0
2019-03-19 15:00,{},22.7,2731,22.7,22.55,22.55,13.7325,1766.0
2019-03-20 09:35,{},22.78,2731,22.78,22.4,22.6,22.9316,2949.0
2019-03-20 09:40,{},23.3,2731,23.58,22.78,22.78,37.6284,4839.0
2019-03-20 09:45,{},23.28,2731,23.32,23.1,23.3,20.8709,2684.0
2019-03-20 09:50,{},23.0,2731,23.35,22.96,23.28,11.252,1447.0
2019-03-20 09:55,{},23.01,2731,23.05,23.0,23.0,4.8834,628.0
2019-03-20 10:00,{},22.75,2731,23.01,22.63,23.01,10.0233,1289.0
2019-03-20 10:05,{},22.75,2731,22.79,22.72,22.75,5.6299,724.0
2019-03-20 10:10,{},22.7,2731,22.75,22.65,22.75,14.3624,1847.0
2019-03-20 10:15,{},22.75,2731,22.75,22.7,22.7,1.1198,144.0
2019-03-20 10:20,{},23.0,2731,23.01,22.75,22.75,4.4324,570.0
2019-03-20 10:25,{},22.75,2731,23.0,22.75,23.0,7.9938,1028.0
2019-03-20 10:30,{},22.98,2731,22.98,22.75,22.75,1.2442,160.0
2019-03-20 10:35,{},22.88,2731,22.98,22.8,22.98,1.2364,159.0
2019-03-20 10:40,{},22.84,2731,22.88,22.84,22.88,0.9331,120.0
2019-03-20 10:45,{},22.8,2731,22.84,22.78,22.84,2.0296,261.0
2019-03-20 10:50,{},22.71,2731,22.8,22.71,22.8,1.9984,257.0
2019-03-20 10:55,{},22.74,2731,22.78,22.71,22.71,1.0964,141.0
2019-03-20 11:00,{},22.78,2731,22.78,22.74,22.74,1.3297,171.0
2019-03-20 11:05,{},22.8,2731,22.8,22.78,22.78,1.6641,214.0
2019-03-20 11:10,{},22.73,2731,22.8,22.73,22.8,1.2830000000000001,165.0
2019-03-20 11:10,{},22.73,2731,22.8,22.73,22.8,1.283,165.0
2019-03-20 11:15,{},22.69,2731,22.73,22.64,22.73,10.3733,1334.0
2019-03-20 11:20,{},22.72,2731,22.73,22.68,22.69,1.1431,147.0
2019-03-20 11:25,{},22.7,2731,22.73,22.69,22.72,3.0793,396.0
2019-03-20 11:30,{},22.69,2731,22.7,22.61,22.7,2.9471,379.0
2019-03-20 13:05,{},22.65,2731,22.69,22.62,22.69,2.5117,323.0
2019-03-20 13:10,{},22.65,2731,22.69,22.65,22.65,1.0575,136.0
2019-03-20 13:15,{},22.67,2731,22.67,22.64,22.65,1.0809,139.0
2019-03-20 13:20,{},22.63,2731,22.67,22.63,22.67,1.5008,193.0
2019-03-20 13:25,{},22.51,2731,22.64,22.49,22.63,16.6874,2146.0
2019-03-20 13:30,{},22.51,2731,22.52,22.5,22.51,7.8149,1005.0
2019-03-20 13:35,{},22.57,2731,22.57,22.5,22.51,1.2753,164.0
2019-03-20 13:40,{},22.58,2731,22.62,22.57,22.57,1.703,219.0
2019-03-20 13:45,{},22.53,2731,22.58,22.52,22.58,2.0451,263.0
2019-03-20 13:50,{},22.53,2731,22.56,22.5,22.53,1.4775,190.0
2019-03-20 13:55,{},22.6,2731,22.61,22.52,22.53,1.423,183.0
2019-03-20 14:00,{},22.53,2731,22.6,22.52,22.6,1.6874,217.0
2019-03-20 14:05,{},22.55,2731,22.55,22.52,22.53,0.9409,121.0
2019-03-20 14:10,{},22.55,2731,22.55,22.53,22.55,14.3546,1846.0
2019-03-20 14:15,{},22.55,2731,22.59,22.55,22.55,2.3328,300.0
2019-03-20 14:20,{},22.55,2731,22.58,22.53,22.55,0.6998,90.0
2019-03-20 14:25,{},22.61,2731,22.65,22.55,22.55,4.619,594.0
2019-03-20 14:30,{},22.71,2731,22.71,22.6,22.61,3.2348,416.0
2019-03-20 14:35,{},22.74,2731,22.75,22.66,22.71,2.0995,270.0
2019-03-20 14:40,{},22.72,2731,22.74,22.7,22.74,1.3919,179.0
2019-03-20 14:45,{},22.75,2731,22.75,22.68,22.72,4.7978,617.0
2019-03-20 14:50,{},22.74,2731,22.75,22.73,22.75,2.6672,343.0
2019-03-20 14:55,{},22.8,2731,22.88,22.74,22.74,3.0171,388.0
2019-03-20 15:00,{},22.67,2731,22.8,22.67,22.8,3.6081,464.0
2019-03-21 09:35,{},22.3,2731,23.35,22.3,23.35,42.4029,5453.0
2019-03-21 09:40,{},22.69,2731,22.71,22.3,22.3,22.1073,2843.0
2019-03-21 09:45,{},22.65,2731,22.7,22.58,22.69,7.8538,1010.0
2019-03-21 09:50,{},22.62,2731,22.68,22.58,22.65,8.1804,1052.0
2019-03-21 09:55,{},22.53,2731,22.62,22.51,22.62,3.7481,482.0
2019-03-21 10:00,{},22.44,2731,22.54,22.43,22.53,8.7792,1129.0
2019-03-21 10:05,{},22.43,2731,22.47,22.43,22.44,4.5489999999999995,585.0
2019-03-21 10:05,{},22.43,2731,22.47,22.43,22.44,4.549,585.0
2019-03-21 10:10,{},22.3,2731,22.43,22.25,22.43,18.0249,2318.0
2019-03-21 10:15,{},22.31,2731,22.33,22.29,22.3,4.7745,614.0
2019-03-21 10:20,{},22.33,2731,22.36,22.31,22.31,3.507,451.0
2019-03-21 10:20,{},22.33,2731,22.36,22.31,22.31,3.5069999999999997,451.0
2019-03-21 10:25,{},22.33,2731,22.4,22.3,22.33,26.8585,3454.0
2019-03-21 10:30,{},22.31,2731,22.34,22.29,22.33,42.5973,5478.0
2019-03-21 10:35,{},22.32,2731,22.35,22.28,22.31,7.3562,946.0
2019-03-21 10:40,{},22.4,2731,22.4,22.31,22.32,1.8196,234.0
2019-03-21 10:45,{},22.46,2731,22.59,22.4,22.4,3.3126,426.0
2019-03-21 10:50,{},22.46,2731,22.59,22.46,22.46,0.521,67.0
2019-03-21 10:55,{},22.46,2731,22.49,22.45,22.46,1.0809,139.0
2019-03-21 11:00,{},22.45,2731,22.46,22.44,22.46,0.5677,73.0
2019-03-21 11:05,{},22.32,2731,22.45,22.32,22.45,1.3297,171.0
2019-03-21 11:10,{},22.36,2731,22.37,22.3,22.32,2.5583,329.0
2019-03-21 11:15,{},22.3,2731,22.36,22.3,22.36,2.3561,303.0
2019-03-21 11:20,{},22.35,2731,22.35,22.3,22.3,0.7621,98.0
2019-03-21 11:25,{},22.35,2731,22.4,22.32,22.35,0.4432,57.0
2019-03-21 11:30,{},22.31,2731,22.35,22.3,22.35,0.7465,96.0
2019-03-21 13:05,{},22.29,2731,22.38,22.29,22.31,3.5381,455.0
2019-03-21 13:10,{},22.28,2731,22.33,22.28,22.29,2.8305,364.0
2019-03-21 13:15,{},22.21,2731,22.31,22.2,22.28,5.3188,684.0
2019-03-21 13:20,{},22.1,2731,22.21,22.08,22.21,24.1835,3110.0
2019-03-21 13:25,{},22.18,2731,22.18,22.09,22.1,44.5257,5726.0
2019-03-21 13:30,{},22.23,2731,22.29,22.18,22.18,1.9984,257.0
2019-03-21 13:35,{},22.27,2731,22.27,22.19,22.23,1.4619,188.0
2019-03-21 13:40,{},22.24,2731,22.27,22.2,22.27,0.8009,103.0
2019-03-21 13:45,{},22.25,2731,22.25,22.22,22.24,2.1617,278.0
2019-03-21 13:50,{},22.29,2731,22.29,22.2,22.25,3.2193,414.0
2019-03-21 13:55,{},22.2,2731,22.29,22.19,22.29,1.3841,178.0
2019-03-21 14:00,{},22.0,2731,22.2,22.0,22.2,23.5459,3028.0
2019-03-21 14:05,{},22.14,2731,22.14,22.0,22.0,6.7107,863.0
2019-03-21 14:10,{},22.17,2731,22.18,22.14,22.14,1.7729,228.0
2019-03-21 14:15,{},22.15,2731,22.2,22.13,22.17,1.182,152.0
2019-03-21 14:20,{},22.19,2731,22.19,22.14,22.15,0.4432,57.0
2019-03-21 14:25,{},22.27,2731,22.3,22.19,22.19,3.1882,410.0
2019-03-21 14:30,{},22.31,2731,22.35,22.27,22.27,1.0964,141.0
2019-03-21 14:35,{},22.42,2731,22.42,22.29,22.31,3.0871,397.0
2019-03-21 14:40,{},22.43,2731,22.57,22.42,22.42,4.8134,619.0
2019-03-21 14:45,{},22.52,2731,22.55,22.43,22.43,2.7449,353.0
2019-03-21 14:50,{},22.5,2731,22.53,22.37,22.52,3.9891,513.0
2019-03-21 14:55,{},22.33,2731,22.5,22.33,22.5,5.0389,648.0
2019-03-21 15:00,{},22.19,2731,22.33,22.15,22.33,5.4432,700.0
2019-03-22 09:35,{},22.37,2731,22.52,22.04,22.11,6.6952,861.0
2019-03-22 09:40,{},22.22,2731,22.37,22.2,22.37,5.8398,751.0
2019-03-22 09:45,{},22.22,2731,22.31,22.19,22.22,4.4868,577.0
2019-03-22 09:50,{},22.28,2731,22.3,22.18,22.22,2.6983,347.0
2019-03-22 09:55,{},22.21,2731,22.28,22.21,22.28,0.7076,91.0
2019-03-22 10:00,{},22.26,2731,22.28,22.21,22.21,0.8476,109.0
2019-03-22 10:05,{},22.27,2731,22.27,22.22,22.26,4.5412,584.0
2019-03-22 10:10,{},22.23,2731,22.27,22.23,22.27,1.7263,222.0
2019-03-22 10:15,{},22.28,2731,22.28,22.23,22.23,1.8196,234.0
2019-03-22 10:20,{},22.32,2731,22.32,22.28,22.28,3.1182,401.0
2019-03-22 10:25,{},22.32,2731,22.36,22.32,22.32,1.2908,166.0
2019-03-22 10:30,{},22.28,2731,22.33,22.28,22.32,2.2084,284.0
2019-03-22 10:35,{},22.37,2731,22.37,22.28,22.28,1.3219,170.0
2019-03-22 10:40,{},22.33,2731,22.37,22.33,22.37,1.4541,187.0
2019-03-22 10:45,{},22.33,2731,22.33,22.31,22.33,0.8942,115.0
2019-03-22 10:50,{},22.38,2731,22.38,22.32,22.33,0.7232,93.0
2019-03-22 10:55,{},22.2,2731,22.46,22.2,22.38,5.4899,706.0
2019-03-22 11:00,{},22.3,2731,22.4,22.18,22.2,2.8694,369.0
2019-03-22 11:05,{},22.35,2731,22.38,22.3,22.3,0.4743,61.0
2019-03-22 11:10,{},22.37,2731,22.38,22.33,22.35,0.6765,87.0
2019-03-22 11:15,{},22.5,2731,22.5,22.37,22.37,4.5801,589.0
2019-03-22 11:20,{},22.43,2731,22.51,22.4,22.5,2.6905,346.0
2019-03-22 11:25,{},22.49,2731,22.5,22.37,22.43,1.874,241.0
2019-03-22 11:30,{},22.61,2731,22.75,22.47,22.49,1.5630000000000002,201.0
2019-03-22 13:05,{},22.7,2731,22.79,22.61,22.61,5.2644,677.0
2019-03-22 13:10,{},22.67,2731,22.7,22.61,22.7,0.5599,72.0
2019-03-22 13:15,{},22.54,2731,22.67,22.47,22.67,1.2442,160.0
2019-03-22 13:20,{},22.55,2731,22.55,22.52,22.54,0.5054,65.0
2019-03-22 13:25,{},22.64,2731,22.65,22.55,22.55,1.0964,141.0
2019-03-22 13:30,{},22.51,2731,22.64,22.5,22.64,3.9191,504.0
2019-03-22 13:35,{},22.52,2731,22.58,22.5,22.51,0.9642,124.0
2019-03-22 13:40,{},22.58,2731,22.58,22.51,22.52,0.4666,60.0
2019-03-22 13:45,{},22.71,2731,22.73,22.58,22.58,6.944,893.0
2019-03-22 13:50,{},22.7,2731,22.71,22.68,22.71,2.0140000000000002,259.0
2019-03-22 13:50,{},22.7,2731,22.71,22.68,22.71,2.014,259.0
2019-03-22 13:55,{},22.68,2731,22.72,22.68,22.7,1.0264,132.0
2019-03-22 14:00,{},22.7,2731,22.71,22.68,22.68,2.5117,323.0
2019-03-22 14:05,{},22.7,2731,22.71,22.7,22.7,0.8942,115.0
2019-03-22 14:10,{},22.29,2731,22.71,22.29,22.7,30.2411,3889.0
2019-03-22 14:15,{},22.7,2731,22.7,22.29,22.29,26.7185,3436.0
2019-03-22 14:20,{},22.65,2731,22.7,22.6,22.7,5.7465,739.0
2019-03-22 14:25,{},22.78,2731,22.78,22.64,22.65,9.8134,1262.0
2019-03-22 14:30,{},22.84,2731,22.84,22.78,22.78,5.731,737.0
2019-03-22 14:35,{},23.16,2731,23.16,22.82,22.84,5.4821,705.0
2019-03-22 14:40,{},24.15,2731,24.15,23.15,23.16,23.3982,3009.0
2019-03-22 14:45,{},23.9,2731,24.31,23.55,24.15,43.6626,5615.0
2019-03-22 14:50,{},23.55,2731,23.9,23.55,23.9,13.1882,1696.0
2019-03-22 14:55,{},23.3,2731,23.56,23.3,23.55,12.9316,1663.0
2019-03-22 15:00,{},23.3,2731,23.3,23.28,23.3,8.7636,1127.0
2019-03-25 09:35,{},23.15,2731,23.3,22.6,22.68,11.1275,1431.0
2019-03-25 09:40,{},23.06,2731,23.22,22.67,23.15,9.3079,1197.0
2019-03-25 09:45,{},23.22,2731,23.22,23.06,23.06,4.1369,532.0
2019-03-25 09:50,{},23.45,2731,23.59,23.22,23.22,5.9487,765.0
2019-03-25 09:55,{},23.53,2731,23.55,23.35,23.45,3.1882,410.0
2019-03-25 10:00,{},23.44,2731,23.55,23.44,23.53,3.2348,416.0
2019-03-25 10:05,{},23.37,2731,23.45,23.32,23.44,2.1695,279.0
2019-03-25 10:10,{},23.3,2731,23.38,23.29,23.37,2.084,268.0
2019-03-25 10:15,{},23.26,2731,23.35,23.25,23.3,3.0249,389.0
2019-03-25 10:20,{},23.25,2731,23.29,23.25,23.26,1.8818,242.0
2019-03-25 10:25,{},23.27,2731,23.3,23.25,23.25,1.1897,153.0
2019-03-25 10:30,{},23.26,2731,23.29,23.26,23.27,1.4075,181.0
2019-03-25 10:35,{},23.26,2731,23.27,23.26,23.26,1.9051,245.0
2019-03-25 10:40,{},23.27,2731,23.27,23.25,23.26,3.0871,397.0
2019-03-25 10:45,{},23.25,2731,23.27,23.25,23.27,0.521,67.0
2019-03-25 10:50,{},23.26,2731,23.27,23.25,23.25,1.1975,154.0
2019-03-25 10:55,{},23.24,2731,23.27,23.22,23.26,2.1306,274.0
2019-03-25 11:00,{},23.26,2731,23.26,23.2,23.24,1.3919,179.0
2019-03-25 11:05,{},23.22,2731,23.26,23.22,23.26,0.4121,53.0
2019-03-25 11:10,{},23.22,2731,23.23,23.22,23.22,0.3421,44.0
2019-03-25 11:15,{},23.15,2731,23.27,23.15,23.22,5.9798,769.0
2019-03-25 11:20,{},23.3,2731,23.3,23.14,23.15,32.3173,4156.0
2019-03-25 11:25,{},23.5,2731,23.5,23.3,23.3,2.6361,339.0
2019-03-25 11:30,{},23.49,2731,23.5,23.49,23.5,0.6687,86.0
2019-03-25 13:05,{},23.38,2731,23.49,23.35,23.49,1.8896,243.0
2019-03-25 13:10,{},23.32,2731,23.38,23.3,23.38,0.8398,108.0
2019-03-25 13:15,{},23.33,2731,23.34,23.32,23.32,0.4432,57.0
2019-03-25 13:20,{},23.33,2731,23.33,23.3,23.33,1.0886,140.0
2019-03-25 13:25,{},23.32,2731,23.33,23.3,23.33,0.7387,95.0
2019-03-25 13:30,{},23.35,2731,23.38,23.32,23.32,0.8087,104.0
2019-03-25 13:35,{},23.33,2731,23.35,23.33,23.35,0.7932,102.0
2019-03-25 13:40,{},23.31,2731,23.34,23.31,23.33,0.5365,69.0
2019-03-25 13:45,{},23.32,2731,23.38,23.31,23.31,0.4588,59.0
2019-03-25 13:50,{},23.33,2731,23.35,23.32,23.32,1.7263,222.0
2019-03-25 13:55,{},23.34,2731,23.38,23.31,23.33,2.1073,271.0
2019-03-25 14:00,{},23.38,2731,23.39,23.34,23.34,0.9098,117.0
2019-03-25 14:05,{},23.42,2731,23.42,23.36,23.38,2.4028,309.0
2019-03-25 14:10,{},23.31,2731,23.44,23.31,23.42,1.6252,209.0
2019-03-25 14:15,{},23.36,2731,23.36,23.27,23.31,6.4386,828.0
2019-03-25 14:20,{},23.36,2731,23.37,23.35,23.36,1.3764,177.0
2019-03-25 14:25,{},23.36,2731,23.36,23.34,23.36,2.1928,282.0
2019-03-25 14:30,{},23.36,2731,23.37,23.35,23.36,0.7154,92.0
2019-03-25 14:35,{},23.31,2731,23.36,23.31,23.36,1.8974,244.0
2019-03-25 14:40,{},23.34,2731,23.34,23.3,23.31,2.7838,358.0
2019-03-25 14:45,{},23.5,2731,23.55,23.34,23.34,7.013999999999999,902.0
2019-03-25 14:45,{},23.5,2731,23.55,23.34,23.34,7.0139999999999985,902.0
2019-03-25 14:50,{},23.45,2731,23.5,23.38,23.5,4.168,536.0
2019-03-25 14:55,{},23.45,2731,23.45,23.39,23.45,3.9969,514.0
2019-03-25 15:00,{},23.36,2731,23.45,23.36,23.45,2.6905,346.0
2019-03-26 09:35,{},23.16,2731,23.65,23.16,23.58,5.9487,765.0
2019-03-26 09:40,{},23.2,2731,23.36,23.16,23.16,3.0171,388.0
2019-03-26 09:45,{},23.22,2731,23.22,23.17,23.2,4.1524,534.0
2019-03-26 09:50,{},23.3,2731,23.36,23.22,23.22,1.6719,215.0
2019-03-26 09:55,{},23.22,2731,23.3,23.2,23.3,2.6128,336.0
2019-03-26 10:00,{},23.21,2731,23.25,23.2,23.22,2.7216,350.0
2019-03-26 10:05,{},23.22,2731,23.25,23.21,23.21,0.8709,112.0
2019-03-26 10:10,{},23.25,2731,23.25,23.22,23.22,1.1664,150.0
2019-03-26 10:15,{},23.35,2731,23.35,23.25,23.25,1.2675,163.0
2019-03-26 10:20,{},23.42,2731,23.54,23.27,23.35,17.0996,2199.0
2019-03-26 10:25,{},23.32,2731,23.42,23.31,23.42,2.0529,264.0
2019-03-26 10:30,{},23.31,2731,23.36,23.31,23.32,2.2006,283.0
2019-03-26 10:35,{},23.34,2731,23.35,23.3,23.31,3.818,491.0
2019-03-26 10:40,{},23.33,2731,23.35,23.3,23.34,3.1104,400.0
2019-03-26 10:45,{},23.42,2731,23.42,23.33,23.33,7.1151,915.0
2019-03-26 10:50,{},23.42,2731,23.44,23.41,23.42,0.4432,57.0
2019-03-26 10:55,{},23.38,2731,23.42,23.38,23.42,0.3888,50.0
2019-03-26 11:00,{},23.39,2731,23.39,23.35,23.38,0.9642,124.0
2019-03-26 11:05,{},23.34,2731,23.39,23.34,23.39,1.1586,149.0
2019-03-26 11:10,{},23.4,2731,23.4,23.33,23.34,2.2628,291.0
2019-03-26 11:15,{},23.34,2731,23.4,23.33,23.4,0.07,9.0
2019-03-26 11:20,{},23.35,2731,23.35,23.33,23.34,1.0109,130.0
2019-03-26 11:25,{},23.39,2731,23.4,23.33,23.35,0.7076,91.0
2019-03-26 11:30,{},23.36,2731,23.42,23.36,23.39,1.9518,251.0
2019-03-26 13:05,{},23.55,2731,23.55,23.35,23.36,5.5599,715.0
2019-03-26 13:10,{},23.44,2731,23.58,23.41,23.55,2.9705,382.0
2019-03-26 13:15,{},23.33,2731,23.44,23.33,23.44,1.6407,211.0
2019-03-26 13:20,{},23.5,2731,23.5,23.33,23.33,3.2737,421.0
2019-03-26 13:25,{},23.45,2731,23.53,23.42,23.5,3.0093,387.0
2019-03-26 13:30,{},23.42,2731,23.45,23.39,23.45,0.591,76.0
2019-03-26 13:35,{},23.39,2731,23.42,23.36,23.42,0.5288,68.0
2019-03-26 13:40,{},23.36,2731,23.39,23.36,23.39,0.7076,91.0
2019-03-26 13:45,{},23.36,2731,23.37,23.34,23.36,0.8243,106.0
2019-03-26 13:50,{},23.35,2731,23.36,23.34,23.36,1.2519,161.0
2019-03-26 13:55,{},23.34,2731,23.35,23.34,23.35,1.0264,132.0
2019-03-26 14:00,{},23.31,2731,23.35,23.31,23.34,2.5661,330.0
2019-03-26 14:05,{},23.3,2731,23.31,23.3,23.31,1.4075,181.0
2019-03-26 14:10,{},23.38,2731,23.38,23.3,23.3,1.4463,186.0
2019-03-26 14:15,{},23.33,2731,23.38,23.33,23.38,0.8631,111.0
2019-03-26 14:20,{},23.3,2731,23.33,23.3,23.33,0.902,116.0
2019-03-26 14:25,{},23.38,2731,23.38,23.3,23.3,0.6143,79.0
2019-03-26 14:30,{},23.36,2731,23.38,23.36,23.38,0.3344,43.0
2019-03-26 14:35,{},23.35,2731,23.36,23.33,23.36,1.0886,140.0
2019-03-26 14:40,{},23.33,2731,23.35,23.31,23.35,2.0684,266.0
2019-03-26 14:45,{},23.37,2731,23.37,23.31,23.33,3.4059,438.0
2019-03-26 14:50,{},23.3,2731,23.37,23.3,23.37,4.2613,548.0
2019-03-26 14:55,{},23.37,2731,23.37,23.28,23.3,6.2442,803.0
2019-03-26 15:00,{},23.38,2731,23.38,23.36,23.37,2.4806,319.0
2019-03-27 09:35,{},23.42,2731,23.63,23.18,23.18,7.4806,962.0
2019-03-27 09:40,{},23.41,2731,23.47,23.4,23.42,1.4463,186.0
2019-03-27 09:45,{},23.4,2731,23.45,23.35,23.41,1.7963,231.0
2019-03-27 09:50,{},23.45,2731,23.46,23.4,23.4,3.0715,395.0
2019-03-27 09:55,{},23.44,2731,23.45,23.42,23.45,0.9487,122.0
2019-03-27 10:00,{},23.47,2731,23.47,23.44,23.44,2.4728,318.0
2019-03-27 10:05,{},23.46,2731,23.51,23.46,23.47,1.8118,233.0
2019-03-27 10:10,{},23.45,2731,23.5,23.44,23.46,4.4712,575.0
2019-03-27 10:15,{},23.4,2731,23.45,23.35,23.45,6.5163,838.0
2019-03-27 10:20,{},23.44,2731,23.5,23.38,23.4,3.6236,466.0
2019-03-27 10:25,{},23.46,2731,23.51,23.44,23.44,0.7465,96.0
2019-03-27 10:30,{},23.51,2731,23.52,23.46,23.46,4.6967,604.0
2019-03-27 10:35,{},23.46,2731,23.51,23.45,23.51,1.2364,159.0
2019-03-27 10:40,{},23.47,2731,23.5,23.46,23.46,2.8227,363.0
2019-03-27 10:45,{},23.5,2731,23.5,23.47,23.47,1.5630000000000002,201.0
2019-03-27 10:50,{},23.51,2731,23.52,23.5,23.5,1.1353,146.0
2019-03-27 10:55,{},23.52,2731,23.52,23.51,23.51,0.4666,60.0
2019-03-27 11:00,{},23.66,2731,23.66,23.52,23.52,5.3344,686.0
2019-03-27 11:05,{},23.68,2731,23.97,23.66,23.66,4.6734,601.0
2019-03-27 11:10,{},23.78,2731,23.82,23.68,23.68,3.1026,399.0
2019-03-27 11:15,{},23.86,2731,23.87,23.78,23.78,2.0607,265.0
2019-03-27 11:20,{},23.86,2731,23.91,23.86,23.86,1.8818,242.0
2019-03-27 11:25,{},23.9,2731,23.91,23.86,23.86,2.4961,321.0
2019-03-27 11:30,{},23.9,2731,23.9,23.88,23.9,2.4028,309.0
2019-03-27 13:05,{},23.86,2731,23.9,23.86,23.9,3.6625,471.0
2019-03-27 13:10,{},23.81,2731,23.86,23.71,23.86,1.4541,187.0
2019-03-27 13:15,{},23.68,2731,23.81,23.62,23.81,1.2597,162.0
2019-03-27 13:20,{},23.68,2731,23.72,23.68,23.68,0.521,67.0
2019-03-27 13:25,{},23.79,2731,23.79,23.68,23.68,0.6065,78.0
2019-03-27 13:30,{},23.73,2731,23.79,23.72,23.79,0.9876,127.0
2019-03-27 13:35,{},23.79,2731,23.79,23.73,23.73,0.6843,88.0
2019-03-27 13:40,{},23.8,2731,23.81,23.79,23.79,1.1586,149.0
2019-03-27 13:45,{},23.81,2731,23.81,23.75,23.8,1.0342,133.0
2019-03-27 13:50,{},23.78,2731,23.81,23.77,23.81,0.6065,78.0
2019-03-27 13:55,{},23.9,2731,23.91,23.78,23.78,8.1338,1046.0
2019-03-27 14:00,{},23.8,2731,23.9,23.78,23.9,2.1229,273.0
2019-03-27 14:05,{},23.88,2731,23.9,23.8,23.8,2.5583,329.0
2019-03-27 14:10,{},23.82,2731,23.88,23.82,23.88,0.3033,39.0
2019-03-27 14:15,{},23.87,2731,23.87,23.82,23.82,1.2208,157.0
2019-03-27 14:20,{},23.9,2731,23.91,23.83,23.87,4.1446,533.0
2019-03-27 14:25,{},23.9,2731,23.9,23.85,23.9,1.3064,168.0
2019-03-27 14:30,{},23.85,2731,23.9,23.8,23.9,4.8445,623.0
2019-03-27 14:35,{},23.86,2731,23.89,23.85,23.85,0.7621,98.0
2019-03-27 14:40,{},23.87,2731,23.89,23.86,23.86,1.0575,136.0
2019-03-27 14:45,{},23.89,2731,23.89,23.86,23.87,4.8989,630.0
2019-03-27 14:50,{},23.94,2731,23.94,23.89,23.89,6.2442,803.0
2019-03-27 14:55,{},23.98,2731,23.98,23.94,23.94,8.1804,1052.0
2019-03-27 15:00,{},24.01,2731,24.02,23.97,23.98,5.3422,687.0
2019-03-28 09:35,{},23.85,2731,24.01,23.65,24.01,10.07,1295.0
2019-03-28 09:40,{},24.05,2731,24.06,23.72,23.85,3.2815,422.0
2019-03-28 09:45,{},24.31,2731,24.33,24.05,24.05,7.8227,1006.0
2019-03-28 09:50,{},24.33,2731,24.35,24.23,24.31,8.5303,1097.0
2019-03-28 09:55,{},24.4,2731,24.49,24.33,24.33,5.1478,662.0
2019-03-28 10:00,{},24.63,2731,24.63,24.4,24.4,4.1835,538.0
2019-03-28 10:05,{},24.73,2731,25.2,24.63,24.63,17.4417,2243.0
2019-03-28 10:10,{},24.6,2731,24.75,24.6,24.73,14.7667,1899.0
2019-03-28 10:15,{},24.56,2731,24.65,24.5,24.6,8.9036,1145.0
2019-03-28 10:20,{},24.65,2731,24.7,24.56,24.56,8.1027,1042.0
2019-03-28 10:25,{},24.67,2731,24.69,24.63,24.65,3.437,442.0
2019-03-28 10:30,{},24.68,2731,24.68,24.64,24.67,2.9160000000000004,375.0
2019-03-28 10:35,{},24.62,2731,24.68,24.61,24.68,4.9456,636.0
2019-03-28 10:40,{},24.65,2731,24.65,24.6,24.62,2.675,344.0
2019-03-28 10:45,{},24.65,2731,24.66,24.62,24.65,3.7092,477.0
2019-03-28 10:50,{},24.63,2731,24.66,24.63,24.65,2.3639,304.0
2019-03-28 10:55,{},24.61,2731,24.63,24.61,24.63,1.493,192.0
2019-03-28 11:00,{},24.61,2731,24.61,24.58,24.61,2.2862,294.0
2019-03-28 11:05,{},24.6,2731,24.61,24.57,24.61,2.1773,280.0
2019-03-28 11:10,{},24.46,2731,24.6,24.46,24.6,6.3375,815.0
2019-03-28 11:15,{},24.42,2731,24.47,24.4,24.46,3.4837,448.0
2019-03-28 11:20,{},24.3,2731,24.42,24.3,24.42,5.2411,674.0
2019-03-28 11:25,{},24.27,2731,24.3,24.06,24.3,4.8367,622.0
2019-03-28 11:30,{},24.3,2731,24.31,24.26,24.27,0.2799,36.0
2019-03-28 13:05,{},24.3,2731,24.36,24.3,24.3,0.9487,122.0
2019-03-28 13:10,{},24.32,2731,24.32,24.3,24.3,0.8165,105.0
2019-03-28 13:15,{},24.32,2731,24.38,24.32,24.32,0.1166,15.0
2019-03-28 13:20,{},24.43,2731,24.43,24.32,24.32,0.521,67.0
2019-03-28 13:25,{},24.24,2731,24.46,24.24,24.43,4.5257,582.0
2019-03-28 13:30,{},24.16,2731,24.24,24.15,24.24,2.3561,303.0
2019-03-28 13:35,{},24.22,2731,24.23,24.16,24.16,1.493,192.0
2019-03-28 13:40,{},24.19,2731,24.22,24.19,24.22,0.6454,83.0
2019-03-28 13:45,{},23.97,2731,24.19,23.97,24.19,6.3375,815.0
2019-03-28 13:50,{},24.0,2731,24.0,23.9,23.97,4.4635,574.0
2019-03-28 13:55,{},24.1,2731,24.1,23.93,24.0,5.9487,765.0
2019-03-28 14:00,{},24.05,2731,24.14,24.01,24.1,1.042,134.0
2019-03-28 14:05,{},23.96,2731,24.05,23.94,24.05,2.2084,284.0
2019-03-28 14:10,{},24.0,2731,24.06,23.94,23.96,1.5008,193.0
2019-03-28 14:15,{},24.13,2731,24.13,24.0,24.0,1.5785,203.0
2019-03-28 14:20,{},24.15,2731,24.19,24.05,24.13,3.9502,508.0
2019-03-28 14:25,{},23.95,2731,24.15,23.95,24.15,2.2628,291.0
2019-03-28 14:30,{},24.0,2731,24.0,23.86,23.95,4.1446,533.0
2019-03-28 14:35,{},24.0,2731,24.01,23.92,24.0,1.7807,229.0
2019-03-28 14:40,{},24.06,2731,24.09,23.93,24.0,1.493,192.0
2019-03-28 14:45,{},24.03,2731,24.06,23.93,24.06,1.7729,228.0
2019-03-28 14:50,{},23.93,2731,24.03,23.93,24.03,1.5474,199.0
2019-03-28 14:55,{},23.74,2731,23.93,23.62,23.93,12.7294,1637.0
2019-03-28 15:00,{},23.66,2731,23.75,23.63,23.74,2.3561,303.0
2019-03-29 09:35,{},23.99,2731,24.0,23.66,23.7,8.3282,1071.0
2019-03-29 09:40,{},23.92,2731,24.0,23.91,23.99,15.4821,1991.0
2019-03-29 09:45,{},23.82,2731,23.95,23.8,23.92,4.9222,633.0
2019-03-29 09:50,{},23.61,2731,23.82,23.61,23.82,8.6625,1114.0
2019-03-29 09:55,{},23.66,2731,23.76,23.61,23.61,5.9409,764.0
2019-03-29 10:00,{},23.66,2731,23.73,23.64,23.66,2.7216,350.0
2019-03-29 10:05,{},23.8,2731,23.8,23.65,23.66,2.0529,264.0
2019-03-29 10:10,{},23.82,2731,23.83,23.78,23.8,0.7932,102.0
2019-03-29 10:15,{},23.77,2731,23.82,23.74,23.82,2.3561,303.0
2019-03-29 10:20,{},23.82,2731,23.9,23.75,23.77,2.5505,328.0
2019-03-29 10:25,{},23.75,2731,23.85,23.73,23.82,3.2348,416.0
2019-03-29 10:30,{},23.82,2731,23.84,23.75,23.75,1.7729,228.0
2019-03-29 10:35,{},23.81,2731,23.82,23.81,23.82,0.6065,78.0
2019-03-29 10:40,{},23.81,2731,23.83,23.81,23.81,1.5474,199.0
2019-03-29 10:45,{},23.79,2731,23.83,23.74,23.81,2.8694,369.0
2019-03-29 10:50,{},23.68,2731,23.79,23.67,23.79,2.6594,342.0
2019-03-29 10:55,{},23.7,2731,23.7,23.66,23.68,2.2395,288.0
2019-03-29 11:00,{},23.7,2731,23.71,23.66,23.7,0.4899,63.0
2019-03-29 11:05,{},23.75,2731,23.75,23.68,23.7,1.9129,246.0
2019-03-29 11:10,{},23.9,2731,23.9,23.72,23.75,1.2364,159.0
2019-03-29 11:15,{},23.84,2731,23.9,23.72,23.9,1.3375,172.0
2019-03-29 11:20,{},23.89,2731,23.9,23.75,23.84,1.5708,202.0
2019-03-29 11:25,{},23.88,2731,23.89,23.88,23.89,0.4355,56.0
2019-03-29 11:30,{},23.88,2731,23.88,23.86,23.88,0.9565,123.0
2019-03-29 13:05,{},23.86,2731,23.92,23.85,23.88,1.2286,158.0
2019-03-29 13:10,{},23.85,2731,23.86,23.8,23.86,2.4028,309.0
2019-03-29 13:15,{},23.91,2731,23.96,23.85,23.85,2.1384,275.0
2019-03-29 13:20,{},23.91,2731,23.91,23.87,23.91,0.4121,53.0
2019-03-29 13:25,{},23.9,2731,23.91,23.89,23.91,1.3841,178.0
2019-03-29 13:30,{},23.88,2731,23.91,23.88,23.9,1.0731,138.0
2019-03-29 13:35,{},23.91,2731,23.91,23.87,23.88,1.2908,166.0
2019-03-29 13:40,{},24.0,2731,24.0,23.9,23.91,3.1182,401.0
2019-03-29 13:45,{},24.0,2731,24.0,23.99,24.0,0.9176,118.0
2019-03-29 13:50,{},24.0,2731,24.0,23.92,24.0,4.2146,542.0
2019-03-29 13:55,{},23.94,2731,24.0,23.94,24.0,2.465,317.0
2019-03-29 14:00,{},24.0,2731,24.0,23.94,23.94,0.5599,72.0
2019-03-29 14:05,{},23.96,2731,24.0,23.96,24.0,0.8942,115.0
2019-03-29 14:10,{},23.95,2731,23.99,23.94,23.96,0.2411,31.0
2019-03-29 14:15,{},23.95,2731,23.96,23.94,23.95,0.1711,22.0
2019-03-29 14:20,{},23.94,2731,23.95,23.94,23.95,0.1866,24.0
2019-03-29 14:25,{},23.95,2731,23.95,23.93,23.94,0.6065,78.0
2019-03-29 14:30,{},23.95,2731,23.98,23.94,23.95,1.8352,236.0
2019-03-29 14:35,{},23.96,2731,23.98,23.94,23.95,2.5117,323.0
2019-03-29 14:40,{},23.98,2731,23.98,23.95,23.96,1.9596,252.0
2019-03-29 14:45,{},24.04,2731,24.04,23.98,23.98,3.5381,455.0
2019-03-29 14:50,{},24.05,2731,24.05,24.01,24.04,1.9829,255.0
2019-03-29 14:55,{},24.04,2731,24.05,24.01,24.05,1.7185,221.0
2019-03-29 15:00,{},24.04,2731,24.04,24.03,24.04,1.5241,196.0
2019-04-01 09:35,{},24.42,2731,24.5,24.04,24.04,10.1011,1299.0
2019-04-01 09:40,{},24.32,2731,24.42,24.27,24.42,7.7139,992.0
2019-04-01 09:45,{},24.31,2731,24.32,24.29,24.32,4.1757,537.0
2019-04-01 09:50,{},24.5,2731,24.5,24.31,24.31,12.2628,1577.0
2019-04-01 09:55,{},24.52,2731,24.57,24.49,24.5,4.0280000000000005,518.0
2019-04-01 10:00,{},24.47,2731,24.52,24.47,24.52,1.8663,240.0
2019-04-01 10:05,{},24.41,2731,24.48,24.41,24.47,3.2037,412.0
2019-04-01 10:10,{},24.41,2731,24.41,24.33,24.41,23.577,3032.0
2019-04-01 10:10,{},24.41,2731,24.41,24.33,24.41,23.576999999999998,3032.0
2019-04-01 10:15,{},24.4,2731,24.47,24.38,24.41,0.8320000000000001,107.0
2019-04-01 10:20,{},24.39,2731,24.47,24.38,24.4,1.4697,189.0
2019-04-01 10:25,{},24.39,2731,24.48,24.39,24.39,2.6128,336.0
2019-04-01 10:30,{},24.47,2731,24.47,24.39,24.39,3.0949,398.0
2019-04-01 10:35,{},24.42,2731,24.47,24.41,24.47,0.2488,32.0
2019-04-01 10:40,{},24.42,2731,24.42,24.39,24.42,2.7994,360.0
2019-04-01 10:45,{},24.45,2731,24.45,24.42,24.42,0.7698,99.0
2019-04-01 10:50,{},24.43,2731,24.45,24.43,24.45,0.2255,29.0
2019-04-01 10:55,{},24.46,2731,24.46,24.43,24.43,0.9409,121.0
2019-04-01 11:00,{},24.43,2731,24.49,24.43,24.46,0.972,125.0
2019-04-01 11:05,{},24.47,2731,24.48,24.43,24.43,0.9331,120.0
2019-04-01 11:10,{},24.45,2731,24.47,24.44,24.47,0.6065,78.0
2019-04-01 11:15,{},24.45,2731,24.46,24.44,24.45,0.6376,82.0
2019-04-01 11:20,{},24.5,2731,24.5,24.45,24.45,1.9362,249.0
2019-04-01 11:25,{},24.49,2731,24.5,24.49,24.49,0.6532,84.0
2019-04-01 11:30,{},24.5,2731,24.5,24.49,24.49,1.0031,129.0
2019-04-01 13:05,{},24.5,2731,24.52,24.5,24.5,2.3639,304.0
2019-04-01 13:10,{},24.63,2731,24.68,24.5,24.5,3.8103,490.0
2019-04-01 13:15,{},24.6,2731,24.64,24.6,24.63,1.0187,131.0
2019-04-01 13:20,{},24.56,2731,24.62,24.55,24.6,1.4619,188.0
2019-04-01 13:25,{},24.61,2731,24.61,24.56,24.56,0.2566,33.0
2019-04-01 13:30,{},24.63,2731,24.68,24.61,24.61,2.1462,276.0
2019-04-01 13:35,{},24.68,2731,24.7,24.62,24.63,3.3826,435.0
2019-04-01 13:40,{},24.59,2731,24.68,24.59,24.68,1.5552,200.0
2019-04-01 13:45,{},24.56,2731,24.59,24.54,24.59,2.9005,373.0
2019-04-01 13:50,{},24.58,2731,24.59,24.56,24.56,0.1866,24.0
2019-04-01 13:55,{},24.61,2731,24.61,24.58,24.58,0.7309,94.0
2019-04-01 14:00,{},24.77,2731,24.87,24.61,24.61,9.0513,1164.0
2019-04-01 14:05,{},24.73,2731,24.77,24.72,24.77,0.5132,66.0
2019-04-01 14:10,{},24.71,2731,24.74,24.7,24.73,2.3328,300.0
2019-04-01 14:15,{},24.78,2731,24.78,24.71,24.71,0.6376,82.0
2019-04-01 14:20,{},24.8,2731,24.82,24.78,24.78,1.9907,256.0
2019-04-01 14:25,{},24.77,2731,24.8,24.7,24.8,1.1431,147.0
2019-04-01 14:30,{},24.77,2731,24.78,24.7,24.77,2.5583,329.0
2019-04-01 14:35,{},24.79,2731,24.8,24.75,24.77,2.7916,359.0
2019-04-01 14:40,{},24.72,2731,24.79,24.72,24.79,0.9331,120.0
2019-04-01 14:45,{},24.67,2731,24.72,24.65,24.72,2.6439,340.0
2019-04-01 14:50,{},24.72,2731,24.73,24.67,24.67,3.8025,489.0
2019-04-01 14:55,{},24.38,2731,24.72,24.33,24.72,8.7092,1120.0
2019-04-01 15:00,{},24.56,2731,24.68,24.38,24.38,4.5334,583.0
2019-04-02 09:35,{},24.67,2731,24.8,24.59,24.65,7.5194,967.0
2019-04-02 09:40,{},24.89,2731,24.96,24.65,24.67,5.2566,676.0
2019-04-02 09:45,{},25.2,2731,25.23,24.8,24.89,12.9938,1671.0
2019-04-02 09:50,{},25.18,2731,25.25,25.09,25.2,9.5334,1226.0
2019-04-02 09:55,{},25.11,2731,25.19,25.06,25.18,7.0451,906.0
2019-04-02 10:00,{},25.2,2731,25.22,25.11,25.11,7.7683,999.0
2019-04-02 10:05,{},25.06,2731,25.2,25.06,25.2,4.6734,601.0
2019-04-02 10:10,{},25.13,2731,25.13,25.03,25.06,3.3981,437.0
2019-04-02 10:15,{},25.07,2731,25.18,25.06,25.13,2.325,299.0
2019-04-02 10:20,{},25.04,2731,25.1,25.03,25.07,5.7076,734.0
2019-04-02 10:25,{},25.15,2731,25.15,25.04,25.04,2.2784,293.0
2019-04-02 10:30,{},25.18,2731,25.25,25.15,25.15,3.1104,400.0
2019-04-02 10:35,{},25.09,2731,25.18,25.09,25.18,1.6019,206.0
2019-04-02 10:40,{},25.1,2731,25.13,25.09,25.09,1.2208,157.0
2019-04-02 10:45,{},25.14,2731,25.14,25.1,25.1,2.0140000000000002,259.0
2019-04-02 10:45,{},25.14,2731,25.14,25.1,25.1,2.014,259.0
2019-04-02 10:50,{},25.16,2731,25.16,25.13,25.14,3.0327,390.0
2019-04-02 10:55,{},25.18,2731,25.23,25.16,25.16,3.8336,493.0
2019-04-02 11:00,{},25.12,2731,25.18,25.11,25.18,1.1431,147.0
2019-04-02 11:05,{},25.2,2731,25.2,25.11,25.12,1.4852,191.0
2019-04-02 11:10,{},25.24,2731,25.25,25.18,25.2,3.297,424.0
2019-04-02 11:10,{},25.24,2731,25.25,25.18,25.2,3.2969999999999997,424.0
2019-04-02 11:15,{},25.25,2731,25.25,25.24,25.24,4.3546,560.0
2019-04-02 11:20,{},25.28,2731,25.3,25.24,25.25,4.2846,551.0
2019-04-02 11:25,{},25.28,2731,25.3,25.28,25.28,1.9829,255.0
2019-04-02 11:30,{},25.31,2731,25.31,25.28,25.28,2.4028,309.0
2019-04-02 13:05,{},25.45,2731,25.45,25.31,25.31,10.9331,1406.0
2019-04-02 13:10,{},25.5,2731,25.6,25.45,25.45,14.6268,1881.0
2019-04-02 13:15,{},25.29,2731,25.5,25.28,25.5,6.2908,809.0
2019-04-02 13:20,{},25.3,2731,25.35,25.29,25.29,3.437,442.0
2019-04-02 13:25,{},25.32,2731,25.32,25.29,25.3,5.2333,673.0
2019-04-02 13:30,{},25.3,2731,25.35,25.3,25.32,7.5894,976.0
2019-04-02 13:35,{},25.31,2731,25.34,25.3,25.3,2.3717,305.0
2019-04-02 13:40,{},25.37,2731,25.45,25.2,25.31,26.4075,3396.0
2019-04-02 13:45,{},25.45,2731,25.52,25.22,25.37,35.2722,4536.0
2019-04-02 13:50,{},25.5,2731,25.52,25.45,25.45,6.0109,773.0
2019-04-02 13:55,{},25.55,2731,25.56,25.5,25.5,2.6905,346.0
2019-04-02 14:00,{},25.88,2731,25.89,25.54,25.55,12.6283,1624.0
2019-04-02 14:05,{},25.65,2731,25.86,25.62,25.81,1.4386,185.0
2019-04-02 14:10,{},25.66,2731,25.66,25.62,25.65,2.4106,310.0
2019-04-02 14:15,{},25.68,2731,25.7,25.64,25.66,21.0887,2712.0
2019-04-02 14:20,{},25.77,2731,25.77,25.68,25.68,1.1742,151.0
2019-04-02 14:25,{},25.83,2731,25.85,25.75,25.77,3.7558,483.0
2019-04-02 14:30,{},25.75,2731,25.83,25.68,25.83,2.9005,373.0
2019-04-02 14:35,{},25.75,2731,25.75,25.7,25.75,2.5194,324.0
2019-04-02 14:40,{},25.7,2731,25.75,25.69,25.75,12.1695,1565.0
2019-04-02 14:45,{},25.71,2731,25.76,25.7,25.7,7.9627,1024.0
2019-04-02 14:50,{},25.72,2731,25.74,25.71,25.71,12.8227,1649.0
2019-04-02 14:55,{},25.75,2731,25.76,25.69,25.72,6.6019,849.0
2019-04-02 15:00,{},25.74,2731,25.75,25.69,25.75,6.9207,890.0
2019-04-03 09:35,{},26.02,2731,26.14,25.61,25.61,27.0685,3481.0
2019-04-03 09:40,{},26.1,2731,26.1,25.88,26.02,18.7092,2406.0
2019-04-03 09:45,{},26.5,2731,26.5,26.1,26.1,31.6952,4076.0
2019-04-03 09:50,{},26.62,2731,26.8,26.5,26.5,23.4526,3016.0
2019-04-03 09:55,{},26.7,2731,26.78,26.54,26.62,10.8476,1395.0
2019-04-03 10:00,{},26.65,2731,26.71,26.65,26.7,3.1882,410.0
2019-04-03 10:05,{},26.72,2731,26.72,26.59,26.65,7.4728,961.0
2019-04-03 10:10,{},26.78,2731,26.8,26.7,26.72,7.2162,928.0
2019-04-03 10:15,{},26.79,2731,26.82,26.75,26.78,18.9891,2442.0
2019-04-03 10:20,{},26.79,2731,26.82,26.77,26.79,60.5833,7791.0
2019-04-03 10:25,{},26.68,2731,26.79,26.68,26.79,4.6268,595.0
2019-04-03 10:30,{},26.62,2731,26.69,26.55,26.68,17.3795,2235.0
2019-04-03 10:35,{},26.6,2731,26.66,26.57,26.62,13.0093,1673.0
2019-04-03 10:40,{},26.63,2731,26.66,26.59,26.6,7.5661,973.0
2019-04-03 10:45,{},26.68,2731,26.75,26.63,26.63,10.0233,1289.0
2019-04-03 10:50,{},26.65,2731,26.68,26.64,26.68,7.745,996.0
2019-04-03 10:55,{},26.66,2731,26.69,26.65,26.65,2.5739,331.0
2019-04-03 11:00,{},26.65,2731,26.68,26.65,26.66,0.3421,44.0
2019-04-03 11:05,{},26.7,2731,26.7,26.65,26.65,0.5754,74.0
2019-04-03 11:10,{},26.7,2731,26.7,26.65,26.7,1.9518,251.0
2019-04-03 11:15,{},26.74,2731,26.74,26.66,26.7,1.0187,131.0
2019-04-03 11:20,{},26.74,2731,26.75,26.72,26.74,0.7854,101.0
2019-04-03 11:25,{},26.74,2731,26.74,26.7,26.74,2.3484,302.0
2019-04-03 11:30,{},26.68,2731,26.74,26.67,26.74,1.5474,199.0
2019-04-03 13:05,{},26.84,2731,26.85,26.68,26.68,8.3515,1074.0
2019-04-03 13:10,{},26.95,2731,26.98,26.84,26.84,8.3515,1074.0
2019-04-03 13:15,{},27.35,2731,27.35,26.9,26.95,11.4464,1472.0
2019-04-03 13:20,{},27.22,2731,27.35,27.01,27.35,4.6656,600.0
2019-04-03 13:25,{},27.22,2731,27.26,27.07,27.22,25.6377,3297.0
2019-04-03 13:30,{},27.31,2731,27.33,27.2,27.22,10.3188,1327.0
2019-04-03 13:35,{},27.18,2731,27.31,27.15,27.31,19.2146,2471.0
2019-04-03 13:40,{},27.18,2731,27.25,27.17,27.18,34.2147,4400.0
2019-04-03 13:45,{},27.26,2731,27.26,27.18,27.18,20.9798,2698.0
2019-04-03 13:50,{},27.27,2731,27.28,27.15,27.26,61.1043,7858.0
2019-04-03 13:55,{},27.3,2731,27.31,27.23,27.27,24.5179,3153.0
2019-04-03 14:00,{},27.32,2731,27.33,27.25,27.3,22.9783,2955.0
2019-04-03 14:05,{},27.3,2731,27.32,27.25,27.32,19.2069,2470.0
2019-04-03 14:10,{},27.35,2731,27.35,27.28,27.3,3.9658,510.0
2019-04-03 14:15,{},27.39,2731,27.39,27.33,27.35,6.2597,805.0
2019-04-03 14:20,{},27.4,2731,27.49,27.37,27.39,4.6812,602.0
2019-04-03 14:25,{},27.4,2731,27.46,27.39,27.4,2.0062,258.0
2019-04-03 14:30,{},27.38,2731,27.4,27.34,27.4,3.5226,453.0
2019-04-03 14:35,{},27.29,2731,27.4,27.29,27.38,3.6003,463.0
2019-04-03 14:40,{},27.26,2731,27.31,27.26,27.29,4.2457,546.0
2019-04-03 14:45,{},27.2,2731,27.27,27.2,27.26,11.252,1447.0
2019-04-03 14:50,{},27.25,2731,27.25,27.15,27.2,12.6594,1628.0
2019-04-03 14:55,{},27.25,2731,27.3,27.2,27.25,6.0809,782.0
2019-04-03 15:00,{},27.27,2731,27.27,27.25,27.25,2.4261,312.0
2019-04-04 09:35,{},27.2,2731,27.78,27.2,27.42,35.8243,4607.0
2019-04-04 09:40,{},27.02,2731,27.2,26.7,27.2,20.6299,2653.0
2019-04-04 09:45,{},26.91,2731,27.09,26.9,27.02,6.2286,801.0
2019-04-04 09:50,{},26.83,2731,26.96,26.8,26.91,9.549,1228.0
2019-04-04 09:55,{},27.0,2731,27.0,26.83,26.83,3.2037,412.0
2019-04-04 10:00,{},26.89,2731,27.0,26.89,27.0,2.2084,284.0
2019-04-04 10:05,{},26.92,2731,26.99,26.89,26.89,3.2815,422.0
2019-04-04 10:10,{},27.02,2731,27.02,26.92,26.92,1.2364,159.0
2019-04-04 10:15,{},27.0,2731,27.16,26.93,27.02,2.3717,305.0
2019-04-04 10:20,{},27.14,2731,27.14,26.94,27.0,1.8974,244.0
2019-04-04 10:25,{},27.01,2731,27.14,27.0,27.14,1.0187,131.0
2019-04-04 10:30,{},27.07,2731,27.09,27.01,27.01,0.6532,84.0
2019-04-04 10:35,{},27.04,2731,27.08,27.04,27.07,0.591,76.0
2019-04-04 10:40,{},27.0,2731,27.08,27.0,27.04,4.5257,582.0
2019-04-04 10:45,{},26.93,2731,27.01,26.92,27.0,4.7278,608.0
2019-04-04 10:50,{},26.98,2731,27.0,26.93,26.93,1.0187,131.0
2019-04-04 10:55,{},27.08,2731,27.08,26.95,26.98,1.4075,181.0
2019-04-04 11:00,{},27.14,2731,27.14,27.08,27.08,1.8352,236.0
2019-04-04 11:05,{},27.14,2731,27.16,27.14,27.14,1.4386,185.0
2019-04-04 11:10,{},27.13,2731,27.18,27.09,27.14,2.8694,369.0
2019-04-04 11:15,{},27.09,2731,27.13,27.0,27.13,0.3577,46.0
2019-04-04 11:20,{},27.15,2731,27.17,27.09,27.09,1.2675,163.0
2019-04-04 11:25,{},27.35,2731,27.35,27.12,27.15,2.1151,272.0
2019-04-04 11:30,{},27.42,2731,27.5,27.32,27.35,4.6268,595.0
2019-04-04 13:05,{},27.46,2731,27.5,27.42,27.42,4.6734,601.0
2019-04-04 13:10,{},27.61,2731,27.67,27.46,27.46,4.2224,543.0
2019-04-04 13:15,{},27.77,2731,27.77,27.61,27.61,3.5537,457.0
2019-04-04 13:20,{},27.76,2731,27.86,27.76,27.77,4.1757,537.0
2019-04-04 13:25,{},27.61,2731,27.76,27.6,27.76,4.5257,582.0
2019-04-04 13:30,{},27.55,2731,27.62,27.55,27.61,2.6983,347.0
2019-04-04 13:35,{},27.5,2731,27.55,27.45,27.55,1.5086,194.0
2019-04-04 13:40,{},27.34,2731,27.5,27.34,27.5,1.5941,205.0
2019-04-04 13:45,{},27.35,2731,27.42,27.34,27.34,3.1882,410.0
2019-04-04 13:50,{},27.33,2731,27.36,27.28,27.35,1.4463,186.0
2019-04-04 13:55,{},27.36,2731,27.36,27.33,27.33,0.3499,45.0
2019-04-04 14:00,{},27.36,2731,27.4,27.34,27.36,0.7309,94.0
2019-04-04 14:05,{},27.2,2731,27.36,27.2,27.36,1.3841,178.0
2019-04-04 14:10,{},27.24,2731,27.26,27.2,27.2,0.6143,79.0
2019-04-04 14:15,{},27.27,2731,27.29,27.23,27.24,2.5505,328.0
2019-04-04 14:20,{},27.27,2731,27.27,27.26,27.27,1.1975,154.0
2019-04-04 14:25,{},27.16,2731,27.27,27.13,27.27,1.3453,173.0
2019-04-04 14:30,{},27.1,2731,27.16,27.03,27.16,2.0607,265.0
2019-04-04 14:35,{},27.21,2731,27.26,27.1,27.1,1.2597,162.0
2019-04-04 14:40,{},27.28,2731,27.33,27.2,27.21,2.2084,284.0
2019-04-04 14:45,{},27.42,2731,27.42,27.28,27.28,2.3873,307.0
2019-04-04 14:50,{},27.5,2731,27.56,27.42,27.42,4.9611,638.0
2019-04-04 14:55,{},27.3,2731,27.5,27.3,27.5,5.6221,723.0
2019-04-04 15:00,{},27.27,2731,27.3,27.2,27.3,3.8725,498.0
2019-04-08 09:35,{},27.9,2731,27.9,27.05,27.23,18.0016,2315.0
2019-04-08 09:40,{},28.23,2731,28.23,27.9,27.9,11.353,1460.0
2019-04-08 09:45,{},27.93,2731,28.23,27.93,28.23,8.6003,1106.0
2019-04-08 09:50,{},28.15,2731,28.16,27.93,27.93,2.0373,262.0
2019-04-08 09:55,{},28.03,2731,28.16,28.0,28.15,1.7263,222.0
2019-04-08 10:00,{},28.12,2731,28.12,28.03,28.03,6.1042,785.0
2019-04-08 10:05,{},28.17,2731,28.18,28.12,28.12,2.2395,288.0
2019-04-08 10:10,{},28.12,2731,28.18,28.12,28.17,4.7123,606.0
2019-04-08 10:15,{},28.15,2731,28.18,28.12,28.12,3.3826,435.0
2019-04-08 10:20,{},28.0,2731,28.15,27.97,28.15,4.1369,532.0
2019-04-08 10:25,{},28.0,2731,28.08,27.99,28.0,1.2208,157.0
2019-04-08 10:30,{},27.96,2731,28.0,27.96,28.0,2.9471,379.0
2019-04-08 10:35,{},27.91,2731,27.96,27.9,27.96,2.5117,323.0
2019-04-08 10:40,{},27.95,2731,27.97,27.91,27.91,0.7543,97.0
2019-04-08 10:45,{},27.96,2731,28.0,27.95,27.95,1.1509,148.0
2019-04-08 10:50,{},27.91,2731,27.96,27.91,27.96,1.182,152.0
2019-04-08 10:55,{},27.92,2731,27.95,27.91,27.91,2.5194,324.0
2019-04-08 11:00,{},27.99,2731,28.0,27.92,27.92,1.8196,234.0
2019-04-08 11:05,{},27.95,2731,27.99,27.91,27.99,1.1431,147.0
2019-04-08 11:10,{},27.93,2731,27.95,27.92,27.95,0.6143,79.0
2019-04-08 11:15,{},27.86,2731,27.93,27.86,27.93,2.7761,357.0
2019-04-08 11:20,{},27.71,2731,27.9,27.71,27.86,7.0918,912.0
2019-04-08 11:25,{},27.78,2731,27.78,27.6,27.71,3.8647,497.0
2019-04-08 11:30,{},27.7,2731,27.78,27.65,27.78,3.6859,474.0
2019-04-08 13:05,{},27.94,2731,27.94,27.65,27.7,5.1322,660.0
2019-04-08 13:10,{},27.85,2731,27.94,27.8,27.94,7.2084,927.0
2019-04-08 13:15,{},28.0,2731,28.0,27.85,27.85,2.6594,342.0
2019-04-08 13:20,{},28.1,2731,28.1,27.98,28.0,4.8289,621.0
2019-04-08 13:25,{},28.08,2731,28.19,28.08,28.1,6.3219,813.0
2019-04-08 13:30,{},28.0,2731,28.13,27.98,28.08,5.381,692.0
2019-04-08 13:35,{},28.0,2731,28.06,27.98,28.0,3.7403,481.0
2019-04-08 13:40,{},28.07,2731,28.1,27.98,28.0,1.7418,224.0
2019-04-08 13:45,{},28.0,2731,28.08,27.99,28.07,2.7138,349.0
2019-04-08 13:50,{},27.92,2731,28.01,27.92,28.0,2.1151,272.0
2019-04-08 13:55,{},27.93,2731,27.95,27.92,27.92,2.4806,319.0
2019-04-08 14:00,{},27.91,2731,27.93,27.91,27.93,1.2208,157.0
2019-04-08 14:05,{},27.8,2731,27.92,27.8,27.91,3.7714,485.0
2019-04-08 14:10,{},27.91,2731,27.91,27.78,27.8,1.0264,132.0
2019-04-08 14:15,{},27.89,2731,27.91,27.89,27.91,0.1633,21.0
2019-04-08 14:20,{},27.9,2731,27.92,27.89,27.89,1.2442,160.0
2019-04-08 14:25,{},27.93,2731,27.93,27.87,27.9,1.2908,166.0
2019-04-08 14:30,{},27.9,2731,27.93,27.9,27.93,1.7185,221.0
2019-04-08 14:35,{},27.92,2731,27.95,27.89,27.9,2.6283,338.0
2019-04-08 14:40,{},28.1,2731,28.1,27.92,27.92,4.4635,574.0
2019-04-08 14:45,{},28.08,2731,28.1,28.07,28.1,1.3219,170.0
2019-04-08 14:50,{},27.95,2731,28.08,27.95,28.08,3.1882,410.0
2019-04-08 14:55,{},27.96,2731,28.02,27.89,27.95,4.9378,635.0
2019-04-08 15:00,{},27.95,2731,27.96,27.9,27.96,3.717,478.0
2019-04-09 09:35,{},29.05,2731,29.36,28.22,28.22,43.4215,5584.0
2019-04-09 09:40,{},29.2,2731,29.34,29.05,29.05,18.0482,2321.0
2019-04-09 09:45,{},29.27,2731,29.3,29.18,29.2,21.2597,2734.0
2019-04-09 09:50,{},29.36,2731,29.42,29.27,29.27,19.1136,2458.0
2019-04-09 09:55,{},29.31,2731,29.4,29.31,29.36,7.3562,946.0
2019-04-09 10:00,{},29.38,2731,29.4,29.31,29.31,5.2877,680.0
2019-04-09 10:05,{},29.35,2731,29.4,29.33,29.38,2.9316,377.0
2019-04-09 10:10,{},29.35,2731,29.36,29.34,29.35,2.7061,348.0
2019-04-09 10:15,{},29.35,2731,29.36,29.33,29.35,2.8227,363.0
2019-04-09 10:20,{},29.51,2731,29.51,29.32,29.35,9.2846,1194.0
2019-04-09 10:25,{},29.49,2731,29.53,29.45,29.51,5.6687,729.0
2019-04-09 10:30,{},29.49,2731,29.49,29.41,29.49,2.0373,262.0
2019-04-09 10:35,{},29.55,2731,29.55,29.49,29.49,5.14,661.0
2019-04-09 10:40,{},29.55,2731,29.55,29.53,29.55,1.5163,195.0
2019-04-09 10:45,{},29.58,2731,29.58,29.54,29.55,1.3219,170.0
2019-04-09 10:50,{},29.6,2731,29.6,29.57,29.58,2.9938,385.0
2019-04-09 10:55,{},29.6,2731,29.6,29.59,29.6,2.3795,306.0
2019-04-09 11:00,{},29.62,2731,29.63,29.59,29.6,5.6221,723.0
2019-04-09 11:05,{},29.55,2731,29.62,29.55,29.62,1.2597,162.0
2019-04-09 11:10,{},29.35,2731,29.55,29.3,29.55,5.2955,681.0
2019-04-09 11:15,{},29.09,2731,29.42,29.0,29.35,93.7871,12061.0
2019-04-09 11:20,{},29.39,2731,29.54,29.09,29.09,52.2707,6722.0
2019-04-09 11:25,{},29.79,2731,30.13,29.39,29.39,29.6112,3808.0
2019-04-09 11:30,{},30.75,2731,30.75,29.79,29.79,67.7373,8711.0
2019-04-09 13:05,{},30.01,2731,30.75,30.0,30.75,31.4386,4043.0
2019-04-09 13:10,{},30.75,2731,30.75,30.01,30.01,37.5817,4833.0
2019-04-09 13:15,{},30.59,2731,30.75,30.5,30.75,60.1789,7739.0
2019-04-09 13:20,{},30.16,2731,30.71,30.16,30.59,7.4417,957.0
2019-04-09 13:25,{},30.28,2731,30.6,30.14,30.16,24.5957,3163.0
2019-04-09 13:30,{},30.0,2731,30.49,30.0,30.28,14.5801,1875.0
2019-04-09 13:35,{},29.91,2731,30.0,29.88,30.0,6.6874,860.0
2019-04-09 13:40,{},29.92,2731,30.0,29.9,29.91,7.5817,975.0
2019-04-09 13:45,{},30.01,2731,30.08,29.9,29.92,6.4152,825.0
2019-04-09 13:50,{},30.02,2731,30.05,29.88,30.01,17.0529,2193.0
2019-04-09 13:55,{},30.7,2731,30.75,29.87,30.02,146.6098,18854.0
2019-04-09 14:00,{},30.4,2731,30.75,30.4,30.7,7.2784,936.0
2019-04-09 14:05,{},30.37,2731,30.49,30.37,30.4,2.1928,282.0
2019-04-09 14:10,{},30.0,2731,30.37,29.98,30.37,7.5739,974.0
2019-04-09 14:15,{},30.36,2731,30.5,30.0,30.0,8.5381,1098.0
2019-04-09 14:20,{},30.12,2731,30.4,30.0,30.36,5.7465,739.0
2019-04-09 14:25,{},30.71,2731,30.75,30.0,30.12,35.4588,4560.0
2019-04-09 14:30,{},30.41,2731,30.75,30.27,30.71,103.9426,13367.0
2019-04-09 14:35,{},30.12,2731,30.42,30.12,30.41,7.1073,914.0
2019-04-09 14:40,{},30.12,2731,30.25,30.0,30.12,7.7683,999.0
2019-04-09 14:45,{},30.14,2731,30.24,30.1,30.12,4.6034,592.0
2019-04-09 14:50,{},29.99,2731,30.14,29.99,30.14,9.8134,1262.0
2019-04-09 14:55,{},29.96,2731,30.07,29.92,29.99,13.0716,1681.0
2019-04-09 15:00,{},30.74,2731,30.74,29.93,29.96,27.5273,3540.0
2019-04-10 09:35,{},27.67,2731,29.3,27.67,29.0,69.5491,8944.0
2019-04-10 09:40,{},27.67,2731,27.67,27.67,27.67,6.5941,848.0
2019-04-10 09:45,{},27.67,2731,27.67,27.67,27.67,11.8196,1520.0
2019-04-10 09:50,{},27.67,2731,27.67,27.67,27.67,19.3235,2485.0
2019-04-10 09:55,{},27.74,2731,27.84,27.67,27.67,107.2707,13795.0
2019-04-10 10:00,{},27.67,2731,27.74,27.67,27.74,37.5506,4829.0
2019-04-10 10:05,{},27.69,2731,27.7,27.67,27.67,18.8492,2424.0
2019-04-10 10:10,{},27.67,2731,27.69,27.67,27.69,12.0995,1556.0
2019-04-10 10:15,{},27.68,2731,27.69,27.67,27.67,93.2039,11986.0
2019-04-10 10:20,{},27.67,2731,27.68,27.67,27.68,13.3982,1723.0
2019-04-10 10:25,{},27.67,2731,27.67,27.67,27.67,5.2411,674.0
2019-04-10 10:30,{},27.67,2731,27.67,27.67,27.67,2.4728,318.0
2019-04-10 10:35,{},27.67,2731,27.67,27.67,27.67,2.5972,334.0
2019-04-10 10:40,{},27.67,2731,27.67,27.67,27.67,1.1509,148.0
2019-04-10 10:45,{},27.67,2731,27.67,27.67,27.67,1.2675,163.0
2019-04-10 10:50,{},27.67,2731,27.67,27.67,27.67,5.4510000000000005,701.0
2019-04-10 10:55,{},27.67,2731,27.67,27.67,27.67,4.1213,530.0
2019-04-10 11:00,{},27.67,2731,27.67,27.67,27.67,3.3826,435.0
2019-04-10 11:05,{},27.67,2731,27.67,27.67,27.67,3.4681,446.0
2019-04-10 11:10,{},27.67,2731,27.67,27.67,27.67,0.4899,63.0
2019-04-10 11:15,{},27.67,2731,27.67,27.67,27.67,0.2488,32.0
2019-04-10 11:20,{},27.67,2731,27.67,27.67,27.67,0.5677,73.0
2019-04-10 11:25,{},27.67,2731,27.67,27.67,27.67,1.5630000000000002,201.0
2019-04-10 11:30,{},27.67,2731,27.67,27.67,27.67,47.3407,6088.0
2019-04-10 13:05,{},27.67,2731,27.67,27.67,27.67,76.5786,9848.0
2019-04-10 13:10,{},27.67,2731,27.67,27.67,27.67,60.801,7819.0
2019-04-10 13:15,{},27.67,2731,27.94,27.67,27.67,52.224,6716.0
2019-04-10 13:20,{},27.67,2731,27.67,27.67,27.67,3.8491,495.0
2019-04-10 13:25,{},27.67,2731,27.67,27.67,27.67,1.2286,158.0
2019-04-10 13:30,{},27.67,2731,27.67,27.67,27.67,1.2597,162.0
2019-04-10 13:35,{},27.67,2731,27.67,27.67,27.67,0.5132,66.0
2019-04-10 13:40,{},27.67,2731,27.67,27.67,27.67,0.1711,22.0
2019-04-10 13:45,{},27.67,2731,27.67,27.67,27.67,1.2208,157.0
2019-04-10 13:50,{},27.67,2731,27.67,27.67,27.67,0.2333,30.0
2019-04-10 13:55,{},27.67,2731,27.67,27.67,27.67,1.944,250.0
2019-04-10 14:00,{},27.67,2731,27.67,27.67,27.67,0.8554,110.0
2019-04-10 14:05,{},27.67,2731,27.67,27.67,27.67,0.1477,19.0
2019-04-10 14:20,{},27.67,2731,27.67,27.67,27.67,0.6921,89.0
2019-04-10 14:25,{},27.67,2731,27.67,27.67,27.67,2.8227,363.0
2019-04-10 14:35,{},27.67,2731,27.67,27.67,27.67,0.2644,34.0
2019-04-10 14:40,{},27.67,2731,27.67,27.67,27.67,0.8865,114.0
2019-04-10 14:50,{},27.67,2731,27.67,27.67,27.67,0.311,40.0
2019-04-10 14:55,{},27.67,2731,27.67,27.67,27.67,0.8787,113.0
2019-04-10 15:00,{},27.67,2731,27.67,27.67,27.67,1.0575,136.0
2019-04-11 09:35,{},24.9,2731,24.9,24.9,24.9,18.7792,2415.0
2019-04-11 09:40,{},24.9,2731,24.9,24.9,24.9,2.3017,296.0
2019-04-11 09:45,{},24.9,2731,24.9,24.9,24.9,0.6921,89.0
2019-04-11 09:50,{},24.9,2731,24.9,24.9,24.9,0.2722,35.0
2019-04-11 09:55,{},24.9,2731,24.9,24.9,24.9,0.9876,127.0
2019-04-11 10:00,{},24.9,2731,24.9,24.9,24.9,0.2177,28.0
2019-04-11 10:05,{},24.9,2731,24.9,24.9,24.9,0.2566,33.0
2019-04-11 10:15,{},24.9,2731,24.9,24.9,24.9,0.0467,6.0
2019-04-11 10:20,{},24.9,2731,24.9,24.9,24.9,0.3888,50.0
2019-04-11 10:25,{},24.9,2731,24.9,24.9,24.9,0.5832,75.0
2019-04-11 10:30,{},24.9,2731,24.9,24.9,24.9,0.2644,34.0
2019-04-11 10:35,{},24.9,2731,24.9,24.9,24.9,0.1011,13.0
2019-04-11 10:40,{},24.9,2731,24.9,24.9,24.9,0.0622,8.0
2019-04-11 10:45,{},24.9,2731,24.9,24.9,24.9,0.3733,48.0
2019-04-11 10:55,{},24.9,2731,24.9,24.9,24.9,0.4044,52.0
2019-04-11 11:00,{},24.9,2731,24.9,24.9,24.9,0.0544,7.0
2019-04-11 11:05,{},24.9,2731,24.9,24.9,24.9,0.2411,31.0
2019-04-11 11:10,{},24.9,2731,24.9,24.9,24.9,0.0933,12.0
2019-04-11 11:15,{},24.9,2731,24.9,24.9,24.9,0.0311,4.0
2019-04-11 11:20,{},24.9,2731,24.9,24.9,24.9,0.1866,24.0
2019-04-11 11:25,{},24.9,2731,24.9,24.9,24.9,0.0078,1.0
2019-04-11 13:05,{},24.9,2731,24.9,24.9,24.9,1.5785,203.0
2019-04-11 13:25,{},24.9,2731,24.9,24.9,24.9,0.3499,45.0
2019-04-11 13:30,{},24.9,2731,24.9,24.9,24.9,0.0855,11.0
2019-04-11 13:40,{},24.9,2731,24.9,24.9,24.9,0.0156,2.0
2019-04-11 13:45,{},24.9,2731,24.9,24.9,24.9,0.14,18.0
2019-04-11 13:50,{},24.9,2731,24.9,24.9,24.9,0.0,0.0
2019-04-11 14:00,{},24.9,2731,24.9,24.9,24.9,0.1711,22.0
2019-04-11 14:10,{},24.9,2731,24.9,24.9,24.9,0.0389,5.0
2019-04-11 14:40,{},24.9,2731,24.9,24.9,24.9,0.2255,29.0
2019-04-11 14:50,{},24.9,2731,24.9,24.9,24.9,0.2955,38.0
2019-04-11 15:00,{},24.9,2731,24.9,24.9,24.9,0.7387,95.0
2019-04-12 09:35,{},22.41,2731,22.41,22.41,22.41,21.112,2715.0
2019-04-12 09:40,{},22.41,2731,22.41,22.41,22.41,2.1306,274.0
2019-04-12 09:45,{},22.41,2731,22.41,22.41,22.41,3.437,442.0
2019-04-12 09:50,{},22.41,2731,22.41,22.41,22.41,1.0575,136.0
2019-04-12 09:55,{},22.41,2731,22.41,22.41,22.41,0.6687,86.0
2019-04-12 10:00,{},22.41,2731,22.41,22.41,22.41,2.5817,332.0
2019-04-12 10:05,{},22.41,2731,22.41,22.41,22.41,1.3219,170.0
2019-04-12 10:10,{},22.41,2731,22.41,22.41,22.41,0.6532,84.0
2019-04-12 10:15,{},22.41,2731,22.41,22.41,22.41,0.7854,101.0
2019-04-12 10:20,{},22.41,2731,22.41,22.41,22.41,1.2675,163.0
2019-04-12 10:25,{},22.41,2731,22.41,22.41,22.41,0.3188,41.0
2019-04-12 10:35,{},22.41,2731,22.41,22.41,22.41,0.0544,7.0
2019-04-12 10:40,{},22.41,2731,22.41,22.41,22.41,0.9409,121.0
2019-04-12 10:45,{},22.41,2731,22.41,22.41,22.41,0.3733,48.0
2019-04-12 10:50,{},22.41,2731,22.41,22.41,22.41,0.0778,10.0
2019-04-12 10:55,{},22.41,2731,22.41,22.41,22.41,0.3655,47.0
2019-04-12 11:05,{},22.41,2731,22.41,22.41,22.41,0.1555,20.0
2019-04-12 11:10,{},22.41,2731,22.41,22.41,22.41,0.0622,8.0
2019-04-12 11:15,{},22.41,2731,22.41,22.41,22.41,0.0389,5.0
2019-04-12 11:25,{},22.41,2731,22.41,22.41,22.41,1.7885,230.0
2019-04-12 11:30,{},22.41,2731,22.41,22.41,22.41,0.0233,3.0
2019-04-12 13:05,{},22.41,2731,22.41,22.41,22.41,11.3686,1462.0
2019-04-12 13:10,{},22.41,2731,22.41,22.41,22.41,3.4915,449.0
2019-04-12 13:15,{},22.41,2731,22.41,22.41,22.41,0.591,76.0
2019-04-12 13:20,{},22.41,2731,22.41,22.41,22.41,0.1011,13.0
2019-04-12 13:25,{},22.41,2731,22.41,22.41,22.41,0.0933,12.0
2019-04-12 13:30,{},22.41,2731,22.41,22.41,22.41,0.07,9.0
2019-04-12 13:35,{},22.41,2731,22.41,22.41,22.41,0.2566,33.0
2019-04-12 13:40,{},22.41,2731,22.41,22.41,22.41,0.4899,63.0
2019-04-12 13:45,{},22.41,2731,22.41,22.41,22.41,0.2877,37.0
2019-04-12 13:50,{},22.41,2731,22.41,22.41,22.41,0.0311,4.0
2019-04-12 13:55,{},22.41,2731,22.41,22.41,22.41,0.3499,45.0
2019-04-12 14:00,{},22.41,2731,22.41,22.41,22.41,0.1633,21.0
2019-04-12 14:10,{},22.41,2731,22.41,22.41,22.41,0.0855,11.0
2019-04-12 14:15,{},22.41,2731,22.41,22.41,22.41,3.5148,452.0
2019-04-12 14:20,{},22.41,2731,22.41,22.41,22.41,3.8103,490.0
2019-04-12 14:25,{},22.41,2731,22.41,22.41,22.41,1.6641,214.0
2019-04-12 14:30,{},22.41,2731,22.41,22.41,22.41,0.2255,29.0
2019-04-12 14:35,{},22.41,2731,22.41,22.41,22.41,0.2488,32.0
2019-04-12 14:45,{},22.41,2731,22.41,22.41,22.41,10.4199,1340.0
2019-04-12 14:50,{},22.41,2731,22.41,22.41,22.41,5.3422,687.0
2019-04-12 14:55,{},22.41,2731,22.41,22.41,22.41,10.5288,1354.0
2019-04-12 15:00,{},22.41,2731,22.41,22.41,22.41,10.3111,1326.0
2019-04-15 09:35,{},21.3,2731,22.29,20.31,20.31,867.7616,111594.0
2019-04-15 09:40,{},21.17,2731,21.3,21.13,21.3,58.6626,7544.0
2019-04-15 09:45,{},20.99,2731,21.18,20.84,21.17,54.1136,6959.0
2019-04-15 09:50,{},21.0,2731,21.08,20.83,20.99,49.6035,6379.0
2019-04-15 09:55,{},20.98,2731,21.0,20.81,21.0,39.8601,5126.0
2019-04-15 10:00,{},20.92,2731,21.01,20.86,20.98,24.5723,3160.0
2019-04-15 10:05,{},21.16,2731,21.16,20.92,20.92,23.1027,2971.0
2019-04-15 10:10,{},23.0,2731,23.0,21.15,21.16,32.2007,4141.0
2019-04-15 10:15,{},22.64,2731,23.37,22.4,23.0,33.9581,4367.0
2019-04-15 10:20,{},22.5,2731,22.64,22.02,22.64,15.8943,2044.0
2019-04-15 10:25,{},22.9,2731,22.95,22.43,22.5,18.126,2331.0
2019-04-15 10:30,{},22.93,2731,23.4,22.65,22.9,21.70300000000001,2791.0
2019-04-15 10:35,{},22.7,2731,23.1,22.7,22.93,9.3624,1204.0
2019-04-15 10:40,{},22.5,2731,22.79,22.48,22.7,11.2209,1443.0
2019-04-15 10:45,{},22.75,2731,22.93,22.5,22.5,6.9285,891.0
2019-04-15 10:50,{},22.7,2731,22.81,22.61,22.75,5.8865,757.0
2019-04-15 10:55,{},22.65,2731,22.78,22.61,22.7,4.3313,557.0
2019-04-15 11:00,{},22.52,2731,22.7,22.52,22.65,4.8834,628.0
2019-04-15 11:05,{},22.6,2731,22.63,22.51,22.52,4.3857,564.0
2019-04-15 11:10,{},22.39,2731,22.6,22.39,22.6,7.7838,1001.0
2019-04-15 11:15,{},22.43,2731,22.59,22.39,22.39,6.5708,845.0
2019-04-15 11:20,{},22.5,2731,22.56,22.4,22.43,3.9114,503.0
2019-04-15 11:25,{},22.46,2731,22.5,22.4,22.5,1.633,210.0
2019-04-15 11:30,{},22.41,2731,22.46,22.4,22.46,1.112,143.0
2019-04-15 13:05,{},22.03,2731,22.41,22.03,22.41,7.8305,1007.0
2019-04-15 13:10,{},21.6,2731,22.06,21.5,22.03,23.2038,2984.0
2019-04-15 13:15,{},21.75,2731,21.8,21.52,21.6,10.3422,1330.0
2019-04-15 13:20,{},21.58,2731,22.0,21.53,21.75,9.3002,1196.0
2019-04-15 13:25,{},21.47,2731,21.74,21.41,21.58,12.6361,1625.0
2019-04-15 13:30,{},21.67,2731,21.7,21.46,21.47,5.1944,668.0
2019-04-15 13:35,{},22.2,2731,22.27,21.65,21.67,3.4059,438.0
2019-04-15 13:40,{},22.15,2731,22.2,21.93,22.2,2.0762,267.0
2019-04-15 13:45,{},22.03,2731,22.15,22.01,22.15,2.465,317.0
2019-04-15 13:50,{},21.58,2731,22.03,21.58,22.03,5.7154,735.0
2019-04-15 13:55,{},21.59,2731,21.8,21.55,21.58,7.5194,967.0
2019-04-15 14:00,{},21.52,2731,21.72,21.45,21.59,11.0498,1421.0
2019-04-15 14:05,{},21.58,2731,21.7,21.48,21.52,7.0373,905.0
2019-04-15 14:10,{},21.62,2731,21.93,21.55,21.58,2.3017,296.0
2019-04-15 14:15,{},21.92,2731,21.94,21.62,21.62,2.3095,297.0
2019-04-15 14:20,{},21.93,2731,21.95,21.92,21.92,2.2862,294.0
2019-04-15 14:25,{},21.82,2731,21.93,21.8,21.93,3.3515,431.0
2019-04-15 14:30,{},21.87,2731,21.9,21.81,21.82,1.5708,202.0
2019-04-15 14:35,{},21.78,2731,21.88,21.78,21.87,4.4401,571.0
2019-04-15 14:40,{},21.61,2731,21.78,21.55,21.78,5.8243,749.0
2019-04-15 14:45,{},21.72,2731,21.92,21.61,21.61,4.238,545.0
2019-04-15 14:50,{},21.85,2731,21.86,21.65,21.72,8.1338,1046.0
2019-04-15 14:55,{},21.62,2731,21.85,21.6,21.85,12.4884,1606.0
2019-04-15 15:00,{},21.46,2731,21.62,21.46,21.62,15.591,2005.0
2019-04-16 09:35,{},20.14,2731,20.26,19.78,20.17,200.9956,25848.0
2019-04-16 09:40,{},20.12,2731,20.24,20.04,20.14,50.0156,6432.0
2019-04-16 09:45,{},20.26,2731,20.3,20.1,20.12,31.7652,4085.0
2019-04-16 09:50,{},20.15,2731,20.28,20.0,20.28,41.182,5296.0
2019-04-16 09:55,{},20.31,2731,20.31,20.13,20.15,21.1431,2719.0
2019-04-16 10:00,{},20.3,2731,20.31,20.2,20.31,24.0747,3096.0
2019-04-16 10:05,{},20.07,2731,20.3,20.07,20.3,17.9938,2314.0
2019-04-16 10:10,{},20.0,2731,20.14,19.98,20.07,35.3266,4543.0
2019-04-16 10:15,{},19.98,2731,20.06,19.88,20.0,26.9596,3467.0
2019-04-16 10:20,{},20.0,2731,20.05,19.95,19.98,20.7699,2671.0
2019-04-16 10:25,{},20.03,2731,20.07,19.98,20.0,17.9938,2314.0
2019-04-16 10:30,{},20.1,2731,20.16,20.0,20.03,10.6843,1374.0
2019-04-16 10:35,{},20.13,2731,20.26,20.1,20.1,16.8974,2173.0
2019-04-16 10:40,{},20.05,2731,20.15,19.99,20.13,16.3142,2098.0
2019-04-16 10:45,{},20.19,2731,20.19,20.04,20.05,12.9705,1668.0
2019-04-16 10:50,{},20.13,2731,20.19,20.05,20.19,10.0622,1294.0
2019-04-16 10:55,{},20.08,2731,20.13,20.05,20.13,8.8025,1132.0
2019-04-16 11:00,{},19.96,2731,20.08,19.94,20.08,15.4588,1988.0
2019-04-16 11:05,{},19.98,2731,19.99,19.88,19.96,16.0576,2065.0
2019-04-16 11:10,{},19.89,2731,20.0,19.89,19.98,13.9191,1790.0
2019-04-16 11:15,{},20.04,2731,20.04,19.89,19.89,10.0311,1290.0
2019-04-16 11:20,{},20.0,2731,20.06,19.99,20.04,10.4199,1340.0
2019-04-16 11:25,{},20.09,2731,20.12,20.0,20.0,8.126,1045.0
2019-04-16 11:30,{},20.09,2731,20.1,20.03,20.09,16.6719,2144.0
2019-04-16 13:05,{},20.02,2731,20.09,20.0,20.09,22.3251,2871.0
2019-04-16 13:10,{},20.06,2731,20.07,19.93,20.02,16.8663,2169.0
2019-04-16 13:15,{},20.06,2731,20.06,20.0,20.06,14.4557,1859.0
2019-04-16 13:20,{},20.29,2731,20.34,20.06,20.06,15.4666,1989.0
2019-04-16 13:25,{},20.28,2731,20.31,20.25,20.29,13.126,1688.0
2019-04-16 13:30,{},20.25,2731,20.32,20.18,20.28,10.8709,1398.0
2019-04-16 13:35,{},20.16,2731,20.25,20.15,20.25,4.9922,642.0
2019-04-16 13:40,{},20.18,2731,20.22,20.12,20.16,4.619,594.0
2019-04-16 13:45,{},20.25,2731,20.25,20.15,20.18,13.1338,1689.0
2019-04-16 13:50,{},20.27,2731,20.32,20.22,20.25,13.1027,1685.0
2019-04-16 13:55,{},20.25,2731,20.31,20.25,20.27,14.7279,1894.0
2019-04-16 14:00,{},20.32,2731,20.33,20.23,20.25,9.8212,1263.0
2019-04-16 14:05,{},20.32,2731,20.34,20.31,20.32,11.9596,1538.0
2019-04-16 14:10,{},20.32,2731,20.33,20.29,20.32,17.6517,2270.0
2019-04-16 14:15,{},20.49,2731,20.73,20.32,20.32,30.5444,3928.0
2019-04-16 14:20,{},20.47,2731,20.6,20.44,20.49,12.1462,1562.0
2019-04-16 14:25,{},20.54,2731,20.59,20.47,20.47,19.4324,2499.0
2019-04-16 14:30,{},20.48,2731,20.54,20.44,20.54,13.6781,1759.0
2019-04-16 14:35,{},20.52,2731,20.52,20.45,20.48,10.3266,1328.0
2019-04-16 14:40,{},20.52,2731,20.64,20.52,20.52,8.7714,1128.0
2019-04-16 14:45,{},20.48,2731,20.53,20.46,20.52,14.1602,1821.0
2019-04-16 14:50,{},20.45,2731,20.51,20.41,20.48,27.3017,3511.0
2019-04-16 14:55,{},20.63,2731,20.63,20.44,20.45,23.4681,3018.0
2019-04-16 15:00,{},20.41,2731,20.67,20.41,20.63,26.7652,3442.0
2019-04-17 09:35,{},20.08,2731,20.21,19.87,20.21,80.4511,10346.0
2019-04-17 09:40,{},20.06,2731,20.15,19.93,20.08,39.3702,5063.0
2019-04-17 09:45,{},20.11,2731,20.14,20.03,20.06,23.1804,2981.0
2019-04-17 09:50,{},20.43,2731,20.47,20.11,20.11,43.5304,5598.0
2019-04-17 09:55,{},20.58,2731,20.72,20.43,20.43,60.9099,7833.0
2019-04-17 10:00,{},20.41,2731,20.59,20.39,20.58,25.7854,3316.0
2019-04-17 10:05,{},20.44,2731,20.49,20.4,20.41,14.097999999999999,1813.0
2019-04-17 10:05,{},20.44,2731,20.49,20.4,20.41,14.098,1813.0
2019-04-17 10:10,{},20.5,2731,20.58,20.44,20.44,15.3111,1969.0
2019-04-17 10:15,{},20.34,2731,20.5,20.31,20.5,22.6672,2915.0
2019-04-17 10:20,{},20.29,2731,20.37,20.25,20.34,16.6485,2141.0
2019-04-17 10:25,{},20.3,2731,20.3,20.28,20.28,15.4821,1991.0
2019-04-17 10:30,{},20.31,2731,20.4,20.27,20.3,9.4013,1209.0
2019-04-17 10:35,{},20.46,2731,20.57,20.31,20.31,15.0933,1941.0
2019-04-17 10:40,{},20.41,2731,20.46,20.38,20.46,9.5879,1233.0
2019-04-17 10:45,{},20.39,2731,20.44,20.35,20.41,8.1415,1047.0
2019-04-17 10:50,{},20.39,2731,20.4,20.29,20.39,9.7745,1257.0
2019-04-17 10:55,{},20.35,2731,20.39,20.32,20.39,6.2131,799.0
2019-04-17 11:00,{},20.4,2731,20.42,20.35,20.35,3.6159,465.0
2019-04-17 11:05,{},20.31,2731,20.4,20.31,20.4,6.7418,867.0
2019-04-17 11:10,{},20.34,2731,20.35,20.28,20.31,7.3795,949.0
2019-04-17 11:15,{},20.35,2731,20.38,20.33,20.34,2.8149,362.0
2019-04-17 11:20,{},20.5,2731,20.58,20.35,20.35,9.3079,1197.0
2019-04-17 11:25,{},20.48,2731,20.52,20.45,20.5,5.7621,741.0
2019-04-17 11:30,{},20.48,2731,20.48,20.46,20.48,3.9114,503.0
2019-04-17 13:05,{},20.54,2731,20.6,20.48,20.48,10.6999,1376.0
2019-04-17 13:10,{},20.46,2731,20.55,20.44,20.54,8.8181,1134.0
2019-04-17 13:15,{},20.45,2731,20.52,20.43,20.46,9.0125,1159.0
2019-04-17 13:20,{},20.46,2731,20.51,20.44,20.45,5.972,768.0
2019-04-17 13:25,{},20.55,2731,20.55,20.43,20.46,12.5583,1615.0
2019-04-17 13:30,{},20.51,2731,20.57,20.44,20.55,15.5366,1998.0
2019-04-17 13:35,{},20.49,2731,20.52,20.46,20.51,7.2473,932.0
2019-04-17 13:40,{},20.46,2731,20.5,20.45,20.49,3.4215,440.0
2019-04-17 13:45,{},20.52,2731,20.55,20.46,20.46,6.0031,772.0
2019-04-17 13:50,{},20.59,2731,20.59,20.51,20.52,13.3126,1712.0
2019-04-17 13:55,{},20.59,2731,20.69,20.57,20.59,22.5661,2902.0
2019-04-17 14:00,{},20.54,2731,20.59,20.53,20.59,7.5194,967.0
2019-04-17 14:05,{},20.5,2731,20.59,20.47,20.54,15.14,1947.0
2019-04-17 14:10,{},20.58,2731,20.58,20.5,20.5,15.7854,2030.0
2019-04-17 14:15,{},20.52,2731,20.65,20.48,20.58,12.2784,1579.0
2019-04-17 14:20,{},20.44,2731,20.52,20.38,20.52,15.3188,1970.0
2019-04-17 14:25,{},20.4,2731,20.45,20.33,20.44,10.9953,1414.0
2019-04-17 14:30,{},20.41,2731,20.46,20.38,20.4,8.3826,1078.0
2019-04-17 14:35,{},20.45,2731,20.45,20.4,20.41,4.8756,627.0
2019-04-17 14:40,{},20.43,2731,20.48,20.4,20.45,9.6812,1245.0
2019-04-17 14:45,{},20.4,2731,20.45,20.4,20.43,11.8041,1518.0
2019-04-17 14:50,{},20.46,2731,20.46,20.39,20.4,14.3391,1844.0
2019-04-17 14:55,{},20.63,2731,20.65,20.45,20.46,41.3298,5315.0
2019-04-17 15:00,{},20.65,2731,20.65,20.6,20.62,24.9689,3211.0
2019-04-18 09:35,{},20.5,2731,20.5,20.36,20.45,32.8772,4228.0
2019-04-18 09:40,{},20.39,2731,20.54,20.37,20.5,22.0296,2833.0
2019-04-18 09:45,{},20.43,2731,20.51,20.39,20.39,19.2846,2480.0
2019-04-18 09:50,{},20.45,2731,20.52,20.43,20.43,21.3531,2746.0
2019-04-18 09:55,{},20.34,2731,20.47,20.32,20.45,22.5195,2896.0
2019-04-18 10:00,{},20.25,2731,20.39,20.24,20.34,28.5304,3669.0
2019-04-18 10:05,{},20.15,2731,20.27,20.13,20.24,26.6019,3421.0
2019-04-18 10:10,{},20.2,2731,20.2,20.12,20.13,30.6843,3946.0
2019-04-18 10:15,{},20.2,2731,20.24,20.16,20.2,8.9813,1155.0
2019-04-18 10:20,{},20.27,2731,20.33,20.2,20.2,10.5988,1363.0
2019-04-18 10:25,{},20.25,2731,20.27,20.22,20.27,5.6143,722.0
2019-04-18 10:30,{},20.28,2731,20.33,20.25,20.25,7.7683,999.0
2019-04-18 10:35,{},20.24,2731,20.3,20.23,20.28,5.0467,649.0
2019-04-18 10:40,{},20.32,2731,20.32,20.22,20.24,3.8103,490.0
2019-04-18 10:45,{},20.46,2731,20.5,20.32,20.32,10.8865,1400.0
2019-04-18 10:50,{},20.48,2731,20.49,20.4,20.46,9.1135,1172.0
2019-04-18 10:55,{},20.4,2731,20.52,20.38,20.48,14.7356,1895.0
2019-04-18 11:00,{},20.38,2731,20.41,20.33,20.4,6.6174,851.0
2019-04-18 11:05,{},20.37,2731,20.39,20.36,20.38,5.5988,720.0
2019-04-18 11:10,{},20.36,2731,20.4,20.35,20.37,3.2271,415.0
2019-04-18 11:15,{},20.39,2731,20.4,20.34,20.36,2.9005,373.0
2019-04-18 11:20,{},20.35,2731,20.47,20.35,20.39,7.9938,1028.0
2019-04-18 11:25,{},20.3,2731,20.35,20.29,20.35,6.492999999999999,835.0
2019-04-18 11:25,{},20.3,2731,20.35,20.29,20.35,6.4929999999999986,835.0
2019-04-18 11:30,{},20.3,2731,20.31,20.24,20.3,5.3888,693.0
2019-04-18 13:05,{},20.22,2731,20.3,20.2,20.3,17.1851,2210.0
2019-04-18 13:10,{},20.23,2731,20.31,20.2,20.22,4.5645,587.0
2019-04-18 13:15,{},20.2,2731,20.27,20.2,20.23,10.972000000000001,1411.0
2019-04-18 13:15,{},20.2,2731,20.27,20.2,20.23,10.972,1411.0
2019-04-18 13:20,{},20.23,2731,20.27,20.2,20.2,7.6594,985.0
2019-04-18 13:25,{},20.18,2731,20.23,20.13,20.23,13.7014,1762.0
2019-04-18 13:30,{},20.2,2731,20.21,20.17,20.18,6.0653,780.0
2019-04-18 13:35,{},20.19,2731,20.21,20.12,20.2,16.3219,2099.0
2019-04-18 13:40,{},20.19,2731,20.23,20.18,20.19,10.5288,1354.0
2019-04-18 13:45,{},20.2,2731,20.2,20.15,20.19,7.0607,908.0
2019-04-18 13:50,{},20.18,2731,20.2,20.08,20.2,16.8663,2169.0
2019-04-18 13:55,{},20.18,2731,20.18,20.12,20.18,5.2644,677.0
2019-04-18 14:00,{},20.18,2731,20.2,20.12,20.18,7.154,920.0
2019-04-18 14:05,{},20.21,2731,20.21,20.14,20.18,11.8507,1524.0
2019-04-18 14:10,{},20.13,2731,20.21,20.13,20.21,7.2395,931.0
2019-04-18 14:15,{},20.11,2731,20.14,20.08,20.13,22.1695,2851.0
2019-04-18 14:20,{},20.16,2731,20.17,20.07,20.11,17.395,2237.0
2019-04-18 14:25,{},20.16,2731,20.17,20.07,20.16,7.8694,1012.0
2019-04-18 14:30,{},20.03,2731,20.16,19.97,20.16,30.4355,3914.0
2019-04-18 14:35,{},20.09,2731,20.09,19.98,20.03,18.0482,2321.0
2019-04-18 14:40,{},20.05,2731,20.09,20.0,20.09,15.4433,1986.0
2019-04-18 14:45,{},19.98,2731,20.05,19.92,20.05,24.5801,3161.0
2019-04-18 14:50,{},19.91,2731,20.01,19.9,19.98,40.0312,5148.0
2019-04-18 14:55,{},19.93,2731,19.95,19.9,19.91,29.6035,3807.0
2019-04-18 15:00,{},19.92,2731,19.93,19.91,19.93,19.0358,2448.0
2019-04-19 09:35,{},20.18,2731,20.27,19.94,20.0,55.039,7078.0
2019-04-19 09:35,{},20.18,2731,20.27,19.94,20.0,55.038999999999994,7078.0
2019-04-19 09:40,{},20.15,2731,20.2,20.02,20.18,27.6672,3558.0
2019-04-19 09:45,{},20.28,2731,20.4,20.1,20.15,47.0141,6046.0
2019-04-19 09:50,{},20.29,2731,20.34,20.23,20.28,16.2053,2084.0
2019-04-19 09:55,{},20.25,2731,20.3,20.23,20.29,10.4432,1343.0
2019-04-19 10:00,{},20.15,2731,20.25,20.15,20.25,16.6485,2141.0
2019-04-19 10:05,{},20.08,2731,20.2,20.08,20.15,18.6237,2395.0
2019-04-19 10:10,{},20.05,2731,20.14,20.03,20.08,9.1991,1183.0
2019-04-19 10:15,{},20.05,2731,20.08,20.03,20.05,12.395,1594.0
2019-04-19 10:20,{},20.08,2731,20.12,20.04,20.05,8.1649,1050.0
2019-04-19 10:25,{},20.04,2731,20.08,20.02,20.08,9.0669,1166.0
2019-04-19 10:30,{},20.0,2731,20.07,19.95,20.04,15.6221,2009.0
2019-04-19 10:35,{},19.93,2731,20.05,19.9,20.0,14.4401,1857.0
2019-04-19 10:40,{},20.0,2731,20.04,19.93,19.93,4.4557,573.0
2019-04-19 10:45,{},19.96,2731,20.0,19.94,20.0,6.563,844.0
2019-04-19 10:50,{},19.94,2731,19.97,19.93,19.96,6.9673,896.0
2019-04-19 10:55,{},19.94,2731,19.95,19.91,19.94,5.2877,680.0
2019-04-19 11:00,{},19.96,2731,19.96,19.93,19.94,3.9969,514.0
2019-04-19 11:05,{},20.04,2731,20.1,19.96,19.96,4.9689,639.0
2019-04-19 11:10,{},20.06,2731,20.1,20.04,20.04,6.3997,823.0
2019-04-19 11:15,{},20.04,2731,20.07,20.02,20.06,1.8352,236.0
2019-04-19 11:20,{},20.04,2731,20.07,20.01,20.04,5.1089,657.0
2019-04-19 11:25,{},20.13,2731,20.21,20.04,20.04,10.8865,1400.0
2019-04-19 11:30,{},20.2,2731,20.21,20.11,20.13,7.8927,1015.0
2019-04-19 13:05,{},20.06,2731,20.2,20.06,20.2,13.196,1697.0
2019-04-19 13:10,{},20.06,2731,20.06,20.03,20.06,4.6579,599.0
2019-04-19 13:15,{},20.07,2731,20.12,20.06,20.06,2.0684,266.0
2019-04-19 13:20,{},20.05,2731,20.1,20.04,20.07,3.8258,492.0
2019-04-19 13:25,{},20.11,2731,20.12,20.04,20.05,7.2317,930.0
2019-04-19 13:30,{},20.08,2731,20.12,20.08,20.11,5.6299,724.0
2019-04-19 13:35,{},20.12,2731,20.13,20.08,20.08,4.1291,531.0
2019-04-19 13:40,{},20.13,2731,20.16,20.12,20.12,4.3779,563.0
2019-04-19 13:45,{},20.07,2731,20.14,20.07,20.13,9.3235,1199.0
2019-04-19 13:50,{},20.02,2731,20.08,20.02,20.07,6.5552,843.0
2019-04-19 13:55,{},19.97,2731,20.05,19.96,20.02,12.7527,1640.0
2019-04-19 14:00,{},19.95,2731,19.98,19.93,19.97,13.0405,1677.0
2019-04-19 14:05,{},20.0,2731,20.0,19.95,19.95,9.8445,1266.0
2019-04-19 14:10,{},20.0,2731,20.05,20.0,20.0,4.1991,540.0
2019-04-19 14:15,{},20.07,2731,20.08,19.98,20.0,5.5754,717.0
2019-04-19 14:20,{},20.02,2731,20.07,20.0,20.07,6.2364,802.0
2019-04-19 14:25,{},20.02,2731,20.07,20.0,20.02,14.7667,1899.0
2019-04-19 14:30,{},20.0,2731,20.02,19.98,20.02,13.5303,1740.0
2019-04-19 14:35,{},19.98,2731,20.03,19.98,20.0,15.4744,1990.0
2019-04-19 14:40,{},19.96,2731,20.0,19.96,19.98,13.3359,1715.0
2019-04-19 14:45,{},19.93,2731,19.96,19.9,19.96,28.8025,3704.0
2019-04-19 14:50,{},19.97,2731,19.99,19.92,19.93,12.2628,1577.0
2019-04-19 14:55,{},19.98,2731,19.99,19.95,19.97,27.7139,3564.0
2019-04-19 15:00,{},19.99,2731,19.99,19.98,19.98,11.0109,1416.0
2019-04-22 09:35,{},19.75,2731,20.02,19.71,20.0,43.0094,5531.0
2019-04-22 09:40,{},19.79,2731,19.83,19.74,19.75,15.2644,1963.0
2019-04-22 09:45,{},19.75,2731,19.8,19.75,19.79,16.5086,2123.0
2019-04-22 09:50,{},19.75,2731,19.78,19.74,19.75,14.1447,1819.0
2019-04-22 09:55,{},19.66,2731,19.76,19.63,19.75,45.8321,5894.0
2019-04-22 10:00,{},19.63,2731,19.75,19.63,19.66,20.730999999999998,2666.0
2019-04-22 10:05,{},19.57,2731,19.68,19.57,19.63,27.9394,3593.0
2019-04-22 10:10,{},19.59,2731,19.64,19.53,19.57,21.1042,2714.0
2019-04-22 10:15,{},19.46,2731,19.59,19.46,19.59,32.3018,4154.0
2019-04-22 10:20,{},19.46,2731,19.46,19.37,19.46,35.7777,4601.0
2019-04-22 10:25,{},19.43,2731,19.48,19.37,19.46,16.182000000000002,2081.0
2019-04-22 10:30,{},19.5,2731,19.52,19.43,19.43,8.5537,1100.0
2019-04-22 10:35,{},19.56,2731,19.59,19.49,19.5,10.6454,1369.0
2019-04-22 10:40,{},19.56,2731,19.56,19.5,19.56,6.7885,873.0
2019-04-22 10:45,{},19.57,2731,19.58,19.52,19.56,7.4106,953.0
2019-04-22 10:50,{},19.5,2731,19.57,19.5,19.57,6.2053,798.0
2019-04-22 10:55,{},19.51,2731,19.52,19.49,19.5,6.4697,832.0
2019-04-22 11:00,{},19.51,2731,19.54,19.51,19.51,1.7807,229.0
2019-04-22 11:05,{},19.65,2731,19.67,19.51,19.51,9.238,1188.0
2019-04-22 11:10,{},19.52,2731,19.67,19.52,19.65,4.9534,637.0
2019-04-22 11:15,{},19.61,2731,19.66,19.51,19.52,3.2582,419.0
2019-04-22 11:20,{},19.4,2731,19.62,19.4,19.61,25.871,3327.0
2019-04-22 11:25,{},19.5,2731,19.58,19.4,19.4,10.9565,1409.0
2019-04-22 11:30,{},19.46,2731,19.5,19.45,19.5,3.2504,418.0
2019-04-22 13:05,{},19.5,2731,19.5,19.41,19.46,4.8989,630.0
2019-04-22 13:10,{},19.56,2731,19.57,19.46,19.5,1.7107,220.0
2019-04-22 13:15,{},19.55,2731,19.56,19.46,19.56,4.1991,540.0
2019-04-22 13:20,{},19.5,2731,19.55,19.5,19.55,3.1026,399.0
2019-04-22 13:25,{},19.48,2731,19.5,19.44,19.5,2.2862,294.0
2019-04-22 13:30,{},19.51,2731,19.51,19.48,19.48,1.5863,204.0
2019-04-22 13:35,{},19.5,2731,19.55,19.5,19.51,1.7418,224.0
2019-04-22 13:40,{},19.48,2731,19.52,19.48,19.5,4.0902,526.0
2019-04-22 13:45,{},19.49,2731,19.51,19.46,19.48,4.2457,546.0
2019-04-22 13:50,{},19.5,2731,19.5,19.46,19.49,3.9813,512.0
2019-04-22 13:55,{},19.5,2731,19.52,19.48,19.5,4.2224,543.0
2019-04-22 14:00,{},19.52,2731,19.54,19.46,19.5,7.465,960.0
2019-04-22 14:05,{},19.52,2731,19.58,19.52,19.52,3.2037,412.0
2019-04-22 14:10,{},19.52,2731,19.53,19.51,19.52,3.1415,404.0
2019-04-22 14:15,{},19.54,2731,19.55,19.52,19.52,5.7621,741.0
2019-04-22 14:20,{},19.54,2731,19.56,19.53,19.54,7.084,911.0
2019-04-22 14:25,{},19.49,2731,19.54,19.47,19.54,4.4946,578.0
2019-04-22 14:30,{},19.48,2731,19.53,19.47,19.49,4.7201,607.0
2019-04-22 14:35,{},19.39,2731,19.48,19.37,19.48,16.6252,2138.0
2019-04-22 14:40,{},19.37,2731,19.4,19.36,19.39,29.6968,3819.0
2019-04-22 14:45,{},19.29,2731,19.38,19.24,19.37,39.7434,5111.0
2019-04-22 14:50,{},19.26,2731,19.31,19.26,19.29,27.1073,3486.0
2019-04-22 14:55,{},19.3,2731,19.38,19.25,19.26,25.2411,3246.0
2019-04-22 15:00,{},19.28,2731,19.37,19.28,19.3,11.1586,1435.0
2019-04-23 09:35,{},19.21,2731,19.42,19.21,19.37,27.675,3559.0
2019-04-23 09:40,{},19.1,2731,19.27,19.1,19.21,14.1369,1818.0
2019-04-23 09:45,{},19.16,2731,19.19,19.1,19.1,17.4339,2242.0
2019-04-23 09:50,{},19.14,2731,19.18,19.1,19.16,13.8336,1779.0
2019-04-23 09:55,{},19.11,2731,19.15,18.95,19.14,29.5257,3797.0
2019-04-23 10:00,{},19.09,2731,19.12,19.06,19.11,14.0824,1811.0
2019-04-23 10:05,{},19.05,2731,19.14,19.04,19.09,15.6999,2019.0
2019-04-23 10:10,{},19.05,2731,19.08,19.05,19.05,4.0436,520.0
2019-04-23 10:15,{},19.07,2731,19.11,19.05,19.05,8.7558,1126.0
2019-04-23 10:20,{},19.11,2731,19.11,19.07,19.07,5.2022,669.0
2019-04-23 10:25,{},19.11,2731,19.16,19.11,19.11,4.8989,630.0
2019-04-23 10:30,{},19.08,2731,19.12,19.06,19.11,5.4666,703.0
2019-04-23 10:35,{},19.05,2731,19.1,19.05,19.08,3.5459,456.0
2019-04-23 10:40,{},18.98,2731,19.05,18.97,19.05,13.1027,1685.0
2019-04-23 10:45,{},18.92,2731,18.99,18.87,18.98,24.09800000000001,3099.0
2019-04-23 10:50,{},18.93,2731,18.95,18.9,18.92,6.7885,873.0
2019-04-23 10:55,{},18.89,2731,18.95,18.88,18.93,12.0451,1549.0
2019-04-23 11:00,{},18.85,2731,18.89,18.81,18.89,19.829,2550.0
2019-04-23 11:05,{},18.96,2731,18.96,18.85,18.85,5.9798,769.0
2019-04-23 11:10,{},18.95,2731,18.97,18.91,18.96,4.7978,617.0
2019-04-23 11:15,{},18.86,2731,18.95,18.86,18.95,6.874,884.0
2019-04-23 11:20,{},18.92,2731,18.92,18.86,18.86,3.4759,447.0
2019-04-23 11:25,{},18.96,2731,18.96,18.91,18.92,4.0202,517.0
2019-04-23 11:30,{},18.97,2731,18.97,18.94,18.96,1.4697,189.0
2019-04-23 13:05,{},18.93,2731,19.0,18.93,18.97,4.4712,575.0
2019-04-23 13:10,{},18.95,2731,18.96,18.93,18.93,1.703,219.0
2019-04-23 13:15,{},18.95,2731,18.96,18.93,18.95,3.7558,483.0
2019-04-23 13:20,{},18.9,2731,18.96,18.9,18.95,8.9736,1154.0
2019-04-23 13:25,{},18.95,2731,18.96,18.88,18.9,9.9922,1285.0
2019-04-23 13:30,{},18.87,2731,18.95,18.87,18.95,9.9611,1281.0
2019-04-23 13:35,{},18.86,2731,18.89,18.85,18.87,13.4059,1724.0
2019-04-23 13:40,{},18.9,2731,18.93,18.85,18.86,23.2971,2996.0
2019-04-23 13:45,{},18.94,2731,18.95,18.88,18.9,13.5226,1739.0
2019-04-23 13:50,{},18.93,2731,18.99,18.93,18.94,7.0995,913.0
2019-04-23 13:55,{},18.94,2731,18.95,18.92,18.93,6.1198,787.0
2019-04-23 14:00,{},18.91,2731,18.95,18.9,18.95,5.8243,749.0
2019-04-23 14:05,{},18.93,2731,18.93,18.89,18.91,4.4012,566.0
2019-04-23 14:10,{},18.87,2731,18.94,18.87,18.93,7.3717,948.0
2019-04-23 14:15,{},18.89,2731,18.9,18.86,18.87,6.1042,785.0
2019-04-23 14:20,{},18.91,2731,18.92,18.88,18.89,5.7232,736.0
2019-04-23 14:25,{},18.9,2731,18.92,18.9,18.91,3.5692,459.0
2019-04-23 14:30,{},18.82,2731,18.9,18.82,18.9,12.224,1572.0
2019-04-23 14:35,{},18.71,2731,18.85,18.69,18.82,18.8492,2424.0
2019-04-23 14:40,{},18.83,2731,18.83,18.71,18.71,10.8632,1397.0
2019-04-23 14:45,{},18.75,2731,18.83,18.75,18.83,4.8056,618.0
2019-04-23 14:50,{},18.77,2731,18.78,18.69,18.75,16.7496,2154.0
2019-04-23 14:55,{},18.72,2731,18.77,18.72,18.77,12.8849,1657.0
2019-04-23 15:00,{},18.75,2731,18.75,18.72,18.72,11.3608,1461.0
2019-04-24 09:35,{},18.7,2731,18.89,18.7,18.88,23.1416,2976.0
2019-04-24 09:40,{},18.74,2731,18.8,18.69,18.7,7.2317,930.0
2019-04-24 09:45,{},18.67,2731,18.75,18.64,18.74,14.3935,1851.0
2019-04-24 09:50,{},18.54,2731,18.68,18.39,18.67,35.2256,4530.0
2019-04-24 09:55,{},18.55,2731,18.55,18.44,18.54,14.8212,1906.0
2019-04-24 10:00,{},18.56,2731,18.58,18.55,18.55,4.86,625.0
2019-04-24 10:05,{},18.65,2731,18.65,18.53,18.56,12.9316,1663.0
2019-04-24 10:10,{},18.62,2731,18.68,18.59,18.65,10.0933,1298.0
2019-04-24 10:15,{},18.78,2731,18.81,18.61,18.62,17.2551,2219.0
2019-04-24 10:20,{},18.8,2731,18.87,18.72,18.78,12.4806,1605.0
2019-04-24 10:25,{},18.76,2731,18.81,18.73,18.8,7.6361,982.0
2019-04-24 10:30,{},18.75,2731,18.81,18.75,18.76,5.8243,749.0
2019-04-24 10:35,{},18.74,2731,18.79,18.74,18.75,2.7372,352.0
2019-04-24 10:40,{},18.74,2731,18.75,18.73,18.74,4.3235,556.0
2019-04-24 10:45,{},18.64,2731,18.74,18.64,18.74,5.8243,749.0
2019-04-24 10:50,{},18.61,2731,18.69,18.6,18.64,3.8491,495.0
2019-04-24 10:55,{},18.69,2731,18.69,18.6,18.61,3.4292,441.0
2019-04-24 11:00,{},18.71,2731,18.72,18.69,18.69,1.8352,236.0
2019-04-24 11:05,{},18.66,2731,18.73,18.66,18.71,3.2193,414.0
2019-04-24 11:10,{},18.67,2731,18.71,18.62,18.66,2.7138,349.0
2019-04-24 11:15,{},18.69,2731,18.73,18.63,18.67,4.2846,551.0
2019-04-24 11:20,{},18.76,2731,18.78,18.69,18.69,3.6936,475.0
2019-04-24 11:25,{},18.67,2731,18.76,18.67,18.76,3.2348,416.0
2019-04-24 11:30,{},18.76,2731,18.78,18.66,18.67,9.2846,1194.0
2019-04-24 13:05,{},18.84,2731,18.87,18.76,18.76,10.5443,1356.0
2019-04-24 13:10,{},18.85,2731,18.89,18.82,18.84,6.2597,805.0
2019-04-24 13:15,{},18.89,2731,18.89,18.78,18.85,9.1758,1180.0
2019-04-24 13:20,{},18.89,2731,18.9,18.84,18.89,9.1446,1176.0
2019-04-24 13:25,{},18.87,2731,18.9,18.85,18.89,4.5023,579.0
2019-04-24 13:30,{},18.91,2731,18.92,18.87,18.87,6.9751,897.0
2019-04-24 13:35,{},19.04,2731,19.05,18.91,18.91,19.6968,2533.0
2019-04-24 13:40,{},19.0,2731,19.04,18.97,19.04,6.702999999999999,862.0
2019-04-24 13:45,{},19.02,2731,19.02,18.98,19.0,10.8865,1400.0
2019-04-24 13:50,{},18.96,2731,19.05,18.96,19.02,9.9223,1276.0
2019-04-24 13:55,{},19.03,2731,19.04,18.96,18.96,6.3919,822.0
2019-04-24 14:00,{},18.98,2731,19.04,18.98,19.03,3.8803,499.0
2019-04-24 14:05,{},19.02,2731,19.03,18.98,18.98,7.1151,915.0
2019-04-24 14:10,{},18.92,2731,19.03,18.92,19.02,3.6625,471.0
2019-04-24 14:15,{},18.93,2731,18.95,18.92,18.92,4.9611,638.0
2019-04-24 14:20,{},18.91,2731,18.93,18.89,18.93,5.5521,714.0
2019-04-24 14:25,{},19.0,2731,19.0,18.91,18.91,4.168,536.0
2019-04-24 14:30,{},18.93,2731,19.0,18.92,19.0,3.6936,475.0
2019-04-24 14:35,{},18.97,2731,18.97,18.93,18.93,2.5583,329.0
2019-04-24 14:40,{},18.99,2731,19.01,18.96,18.97,8.1182,1044.0
2019-04-24 14:45,{},18.98,2731,18.99,18.94,18.99,13.577,1746.0
2019-04-24 14:50,{},19.04,2731,19.04,18.96,18.98,16.5319,2126.0
2019-04-24 14:55,{},19.05,2731,19.07,19.02,19.04,15.9254,2048.0
2019-04-24 15:00,{},19.09,2731,19.09,19.05,19.05,17.2395,2217.0
2019-04-25 09:35,{},18.91,2731,19.1,18.91,19.1,23.0871,2969.0
2019-04-25 09:40,{},18.84,2731,18.91,18.68,18.91,25.7465,3311.0
2019-04-25 09:45,{},18.8,2731,18.89,18.79,18.84,9.6112,1236.0
2019-04-25 09:50,{},18.87,2731,18.87,18.77,18.8,6.5008,836.0
2019-04-25 09:55,{},18.87,2731,18.91,18.85,18.87,6.7107,863.0
2019-04-25 10:00,{},18.92,2731,18.92,18.82,18.87,5.6687,729.0
2019-04-25 10:05,{},18.92,2731,19.03,18.88,18.92,10.0233,1289.0
2019-04-25 10:10,{},18.91,2731,18.93,18.87,18.92,6.1975,797.0
2019-04-25 10:15,{},18.93,2731,18.93,18.91,18.91,1.6563,213.0
2019-04-25 10:20,{},19.0,2731,19.01,18.9,18.93,4.4557,573.0
2019-04-25 10:25,{},18.97,2731,19.02,18.93,19.0,4.619,594.0
2019-04-25 10:30,{},19.0,2731,19.0,18.92,18.97,4.8367,622.0
2019-04-25 10:35,{},18.93,2731,19.0,18.9,19.0,3.9736,511.0
2019-04-25 10:40,{},18.95,2731,19.0,18.93,18.93,3.5614,458.0
2019-04-25 10:45,{},18.99,2731,19.01,18.95,18.95,2.2628,291.0
2019-04-25 10:50,{},18.95,2731,18.99,18.9,18.99,3.0327,390.0
2019-04-25 10:55,{},18.98,2731,18.98,18.95,18.95,3.1571,406.0
2019-04-25 11:00,{},18.96,2731,19.0,18.96,18.98,1.6719,215.0
2019-04-25 11:05,{},18.85,2731,18.96,18.85,18.96,4.9145,632.0
2019-04-25 11:10,{},18.9,2731,18.91,18.85,18.85,1.5785,203.0
2019-04-25 11:15,{},18.9,2731,18.91,18.88,18.9,1.4775,190.0
2019-04-25 11:20,{},18.94,2731,19.0,18.9,18.9,4.0824,525.0
2019-04-25 11:25,{},18.87,2731,18.94,18.87,18.94,4.1757,537.0
2019-04-25 11:30,{},18.84,2731,18.88,18.84,18.87,5.3422,687.0
2019-04-25 13:05,{},18.88,2731,18.88,18.8,18.84,3.4448,443.0
2019-04-25 13:10,{},18.83,2731,18.88,18.82,18.88,1.7341,223.0
2019-04-25 13:15,{},18.79,2731,18.85,18.75,18.83,7.9860000000000015,1027.0
2019-04-25 13:20,{},18.7,2731,18.79,18.7,18.79,12.9938,1671.0
2019-04-25 13:25,{},18.66,2731,18.72,18.63,18.7,9.8834,1271.0
2019-04-25 13:30,{},18.74,2731,18.74,18.61,18.66,8.7558,1126.0
2019-04-25 13:35,{},18.66,2731,18.74,18.64,18.74,4.1213,530.0
2019-04-25 13:40,{},18.69,2731,18.7,18.63,18.66,3.3981,437.0
2019-04-25 13:45,{},18.7,2731,18.7,18.69,18.69,2.0451,263.0
2019-04-25 13:50,{},18.74,2731,18.74,18.7,18.7,1.8896,243.0
2019-04-25 13:55,{},18.64,2731,18.74,18.64,18.74,4.6112,593.0
2019-04-25 14:00,{},18.72,2731,18.72,18.61,18.64,10.9565,1409.0
2019-04-25 14:05,{},18.69,2731,18.72,18.67,18.72,3.6081,464.0
2019-04-25 14:10,{},18.6,2731,18.69,18.52,18.69,14.3313,1843.0
2019-04-25 14:15,{},18.5,2731,18.6,18.47,18.6,19.5723,2517.0
2019-04-25 14:20,{},18.45,2731,18.6,18.45,18.5,11.5552,1486.0
2019-04-25 14:25,{},18.41,2731,18.45,18.33,18.45,16.3686,2105.0
2019-04-25 14:30,{},18.4,2731,18.48,18.38,18.41,13.8025,1775.0
2019-04-25 14:35,{},18.21,2731,18.4,18.18,18.4,15.2177,1957.0
2019-04-25 14:40,{},18.31,2731,18.31,18.18,18.21,17.8461,2295.0
2019-04-25 14:45,{},18.3,2731,18.31,18.25,18.31,12.2473,1575.0
2019-04-25 14:50,{},18.2,2731,18.3,18.11,18.3,21.7652,2799.0
2019-04-25 14:55,{},18.17,2731,18.2,18.15,18.2,22.8461,2938.0
2019-04-25 15:00,{},18.15,2731,18.19,18.14,18.17,14.5335,1869.0
2019-04-26 09:35,{},18.14,2731,18.14,18.02,18.1,23.2196,2986.0
2019-04-26 09:40,{},18.07,2731,18.14,18.06,18.14,10.6144,1365.0
2019-04-26 09:45,{},17.7,2731,18.07,17.7,18.07,29.425,3784.0
2019-04-26 09:50,{},17.75,2731,17.85,17.7,17.7,19.9769,2569.0
2019-04-26 09:55,{},17.96,2731,17.98,17.75,17.75,18.3051,2354.0
2019-04-26 10:00,{},17.92,2731,17.98,17.88,17.96,6.8974,887.0
2019-04-26 10:05,{},17.88,2731,17.92,17.85,17.92,6.8041,875.0
2019-04-26 10:10,{},17.93,2731,17.95,17.8,17.88,5.9876,770.0
2019-04-26 10:15,{},17.92,2731,17.93,17.87,17.93,4.6657,600.0
2019-04-26 10:20,{},17.92,2731,17.93,17.88,17.92,3.0483,392.0
2019-04-26 10:25,{},17.89,2731,17.92,17.83,17.92,4.9456,636.0
2019-04-26 10:30,{},17.87,2731,17.92,17.87,17.89,3.6159,465.0
2019-04-26 10:35,{},17.82,2731,17.87,17.78,17.87,9.1525,1177.0
2019-04-26 10:40,{},17.8,2731,17.9,17.8,17.82,2.1773,280.0
2019-04-26 10:45,{},17.77,2731,17.8,17.75,17.8,5.5911,719.0
2019-04-26 10:50,{},17.83,2731,17.83,17.76,17.77,6.2909,809.0
2019-04-26 10:55,{},17.81,2731,17.84,17.8,17.83,2.5195,324.0
2019-04-26 11:00,{},17.82,2731,17.85,17.8,17.81,3.5615,458.0
2019-04-26 11:05,{},17.8,2731,17.83,17.79,17.82,4.0203,517.0
2019-04-26 11:10,{},17.85,2731,17.87,17.8,17.8,4.2302,544.0
2019-04-26 11:15,{},17.8,2731,17.85,17.79,17.85,4.6346,596.0
2019-04-26 11:20,{},17.77,2731,17.83,17.75,17.8,6.0809,782.0
2019-04-26 11:25,{},17.74,2731,17.77,17.72,17.77,10.5678,1359.0
2019-04-26 11:30,{},17.71,2731,17.76,17.7,17.74,8.6238,1109.0
2019-04-26 13:05,{},17.67,2731,17.75,17.67,17.71,8.6004,1106.0
2019-04-26 13:10,{},17.68,2731,17.71,17.66,17.67,7.0685,909.0
2019-04-26 13:15,{},17.65,2731,17.68,17.65,17.68,13.5305,1740.0
2019-04-26 13:20,{},17.75,2731,17.75,17.65,17.65,10.5989,1363.0
2019-04-26 13:25,{},17.82,2731,17.83,17.73,17.75,5.3344,686.0
2019-04-26 13:30,{},17.8,2731,17.84,17.79,17.82,8.0405,1034.0
2019-04-26 13:35,{},17.77,2731,17.82,17.77,17.8,5.7932,745.0
2019-04-26 13:40,{},17.82,2731,17.85,17.75,17.77,9.2458,1189.0
2019-04-26 13:45,{},17.75,2731,17.85,17.75,17.82,3.7326,480.0
2019-04-26 13:50,{},17.7,2731,17.76,17.7,17.75,11.1043,1428.0
2019-04-26 13:55,{},17.7,2731,17.76,17.7,17.7,2.4184,311.0
2019-04-26 14:00,{},17.67,2731,17.71,17.61,17.7,11.0966,1427.0
2019-04-26 14:05,{},17.64,2731,17.68,17.58,17.67,15.7623,2027.0
2019-04-26 14:10,{},17.65,2731,17.67,17.63,17.64,7.3018,939.0
2019-04-26 14:15,{},17.6,2731,17.65,17.57,17.65,8.0172,1031.0
2019-04-26 14:20,{},17.63,2731,17.65,17.6,17.6,4.3935,565.0
2019-04-26 14:25,{},17.71,2731,17.71,17.62,17.63,4.098,527.0
2019-04-26 14:30,{},17.67,2731,17.71,17.63,17.71,5.9488,765.0
2019-04-26 14:35,{},17.75,2731,17.78,17.67,17.67,10.5367,1355.0
2019-04-26 14:40,{},17.67,2731,17.75,17.66,17.75,6.1198,787.0
2019-04-26 14:45,{},17.62,2731,17.68,17.62,17.67,11.220999999999998,1443.0
2019-04-26 14:50,{},17.58,2731,17.64,17.58,17.62,13.4916,1735.0
2019-04-26 14:55,{},17.73,2731,17.74,17.56,17.58,12.9084,1660.0
2019-04-26 15:00,{},17.72,2731,17.73,17.7,17.73,11.2521,1447.0
2019-04-29 09:35,{},17.5,2731,17.81,17.49,17.7,31.3612,4033.0
2019-04-29 09:40,{},17.54,2731,17.62,17.5,17.5,8.8259,1135.0
2019-04-29 09:45,{},17.32,2731,17.57,17.24,17.54,33.5463,4314.0
2019-04-29 09:50,{},17.33,2731,17.35,17.23,17.32,29.1217,3745.0
2019-04-29 09:55,{},17.45,2731,17.45,17.32,17.33,15.98,2055.0
2019-04-29 10:00,{},17.51,2731,17.52,17.43,17.45,10.7078,1377.0
2019-04-29 10:05,{},17.54,2731,17.56,17.51,17.51,14.6503,1884.0
2019-04-29 10:10,{},17.48,2731,17.55,17.48,17.54,7.9083,1017.0
2019-04-29 10:15,{},17.43,2731,17.48,17.43,17.48,3.3049,425.0
2019-04-29 10:20,{},17.4,2731,17.43,17.37,17.43,8.6937,1118.0
2019-04-29 10:25,{},17.38,2731,17.43,17.38,17.4,2.2551,290.0
2019-04-29 10:30,{},17.36,2731,17.38,17.32,17.38,5.0467,649.0
2019-04-29 10:35,{},17.05,2731,17.38,17.03,17.36,15.7156,2021.0
2019-04-29 10:40,{},17.13,2731,17.23,17.02,17.05,20.8012,2675.0
2019-04-29 10:45,{},17.01,2731,17.17,17.0,17.13,21.1045,2714.0
2019-04-29 10:50,{},17.03,2731,17.11,17.01,17.01,11.8975,1530.0
2019-04-29 10:55,{},17.17,2731,17.17,17.02,17.03,10.5678,1359.0
2019-04-29 11:00,{},17.11,2731,17.17,17.08,17.17,6.2054,798.0
2019-04-29 11:05,{},17.0,2731,17.13,17.0,17.11,7.8695,1012.0
2019-04-29 11:10,{},17.12,2731,17.13,16.87,17.0,21.6333,2782.0
2019-04-29 11:15,{},17.18,2731,17.2,17.02,17.12,11.1354,1432.0
2019-04-29 11:20,{},17.14,2731,17.19,17.14,17.18,4.4557,573.0
2019-04-29 11:25,{},17.14,2731,17.15,17.07,17.14,3.0094,387.0
2019-04-29 11:30,{},17.17,2731,17.17,17.1,17.14,2.4884,320.0
2019-04-29 13:05,{},17.19,2731,17.21,17.16,17.17,2.8227,363.0
2019-04-29 13:10,{},17.17,2731,17.19,17.16,17.19,1.7341,223.0
2019-04-29 13:15,{},17.19,2731,17.19,17.16,17.17,1.1431,147.0
2019-04-29 13:20,{},17.25,2731,17.25,17.19,17.19,3.5381,455.0
2019-04-29 13:25,{},17.26,2731,17.26,17.22,17.25,3.1727,408.0
2019-04-29 13:30,{},17.39,2731,17.4,17.26,17.26,9.2147,1185.0
2019-04-29 13:35,{},17.3,2731,17.39,17.3,17.39,3.0638,394.0
2019-04-29 13:40,{},17.37,2731,17.41,17.3,17.3,5.5366,712.0
2019-04-29 13:45,{},17.41,2731,17.41,17.35,17.37,2.6283,338.0
2019-04-29 13:50,{},17.33,2731,17.41,17.3,17.41,3.8025,489.0
2019-04-29 13:55,{},17.31,2731,17.33,17.3,17.33,1.4541,187.0
2019-04-29 14:00,{},17.26,2731,17.31,17.26,17.31,3.0716,395.0
2019-04-29 14:05,{},17.21,2731,17.26,17.21,17.26,3.0405,391.0
2019-04-29 14:10,{},17.22,2731,17.29,17.21,17.21,2.1929,282.0
2019-04-29 14:15,{},17.17,2731,17.23,17.17,17.22,4.3624,561.0
2019-04-29 14:20,{},17.15,2731,17.19,17.15,17.17,4.1447,533.0
2019-04-29 14:25,{},17.16,2731,17.2,17.14,17.15,5.9488,765.0
2019-04-29 14:30,{},17.12,2731,17.21,17.12,17.16,5.9332,763.0
2019-04-29 14:35,{},17.22,2731,17.24,17.12,17.12,4.6113,593.0
2019-04-29 14:40,{},17.16,2731,17.22,17.12,17.22,5.6921,732.0
2019-04-29 14:45,{},17.05,2731,17.16,17.04,17.16,9.3158,1198.0
2019-04-29 14:50,{},16.96,2731,17.09,16.93,17.05,14.5958,1877.0
2019-04-29 14:55,{},16.9,2731,17.0,16.88,16.96,18.9583,2438.0
2019-04-29 15:00,{},16.91,2731,16.93,16.9,16.9,8.8415,1137.0
2019-04-30 09:35,{},17.14,2731,17.17,16.94,16.94,25.6069,3293.0
2019-04-30 09:40,{},17.23,2731,17.35,17.14,17.14,15.6378,2011.0
2019-04-30 09:45,{},17.28,2731,17.32,17.21,17.23,14.277000000000001,1836.0
2019-04-30 09:50,{},17.25,2731,17.28,17.24,17.28,7.3174,941.0
2019-04-30 09:55,{},17.22,2731,17.25,17.17,17.25,10.9177,1404.0
2019-04-30 10:00,{},17.3,2731,17.31,17.21,17.22,8.1183,1044.0
2019-04-30 10:05,{},17.34,2731,17.34,17.26,17.3,7.7373,995.0
2019-04-30 10:10,{},17.36,2731,17.4,17.33,17.34,14.5647,1873.0
2019-04-30 10:15,{},17.41,2731,17.49,17.32,17.36,13.1961,1697.0
2019-04-30 10:20,{},17.38,2731,17.42,17.37,17.41,9.1136,1172.0
2019-04-30 10:25,{},17.33,2731,17.41,17.33,17.38,2.7916,359.0
2019-04-30 10:30,{},17.45,2731,17.45,17.32,17.33,3.7559,483.0
2019-04-30 10:35,{},17.54,2731,17.58,17.43,17.45,10.2334,1316.0
2019-04-30 10:40,{},17.53,2731,17.57,17.43,17.54,8.025,1032.0
2019-04-30 10:45,{},17.54,2731,17.57,17.52,17.53,4.8756,627.0
2019-04-30 10:50,{},17.5,2731,17.55,17.48,17.54,2.4028,309.0
2019-04-30 10:55,{},17.57,2731,17.57,17.5,17.5,4.1058,528.0
2019-04-30 11:00,{},17.53,2731,17.57,17.5,17.57,6.0576,779.0
2019-04-30 11:05,{},17.5,2731,17.53,17.5,17.53,4.4557,573.0
2019-04-30 11:10,{},17.47,2731,17.5,17.42,17.5,1.7108,220.0
2019-04-30 11:15,{},17.47,2731,17.49,17.45,17.47,2.5195,324.0
2019-04-30 11:20,{},17.47,2731,17.53,17.47,17.47,3.927,505.0
2019-04-30 11:25,{},17.45,2731,17.49,17.44,17.47,4.0047,515.0
2019-04-30 11:30,{},17.49,2731,17.5,17.45,17.45,1.5630000000000002,201.0
2019-04-30 13:05,{},17.51,2731,17.55,17.49,17.49,8.2583,1062.0
2019-04-30 13:10,{},17.4,2731,17.51,17.4,17.51,8.0794,1039.0
2019-04-30 13:15,{},17.42,2731,17.45,17.37,17.4,3.2971,424.0
2019-04-30 13:20,{},17.42,2731,17.44,17.4,17.42,4.2069,541.0
2019-04-30 13:25,{},17.45,2731,17.46,17.38,17.42,3.9425,507.0
2019-04-30 13:30,{},17.39,2731,17.45,17.37,17.45,1.9907,256.0
2019-04-30 13:35,{},17.38,2731,17.4,17.34,17.39,3.787,487.0
2019-04-30 13:40,{},17.37,2731,17.41,17.36,17.38,4.8212,620.0
2019-04-30 13:45,{},17.34,2731,17.39,17.34,17.37,4.1602,535.0
2019-04-30 13:50,{},17.34,2731,17.38,17.31,17.34,6.6408,854.0
2019-04-30 13:55,{},17.28,2731,17.35,17.27,17.34,4.1214,530.0
2019-04-30 14:00,{},17.3,2731,17.3,17.24,17.28,5.5988,720.0
2019-04-30 14:05,{},17.19,2731,17.3,17.17,17.3,6.0576,779.0
2019-04-30 14:10,{},17.15,2731,17.21,17.12,17.19,12.3952,1594.0
2019-04-30 14:15,{},17.27,2731,17.28,17.15,17.15,9.8913,1272.0
2019-04-30 14:20,{},17.24,2731,17.28,17.23,17.27,2.3562,303.0
2019-04-30 14:25,{},17.2,2731,17.25,17.18,17.24,2.224,286.0
2019-04-30 14:30,{},17.26,2731,17.3,17.2,17.2,4.5024,579.0
2019-04-30 14:35,{},17.22,2731,17.27,17.22,17.26,4.3002,553.0
2019-04-30 14:40,{},17.19,2731,17.22,17.19,17.22,6.2287,801.0
2019-04-30 14:45,{},17.24,2731,17.25,17.18,17.19,6.5242,839.0
2019-04-30 14:50,{},17.25,2731,17.33,17.2,17.24,17.473,2247.0
2019-04-30 14:55,{},17.46,2731,17.46,17.25,17.25,21.5166,2767.0
2019-04-30 15:00,{},17.48,2731,17.48,17.44,17.46,19.4793,2505.0
2019-05-06 09:35,{},17.08,2731,17.09,16.91,17.09,57.4269,7385.0
2019-05-06 09:40,{},16.93,2731,17.08,16.93,17.08,20.1247,2588.0
2019-05-06 09:45,{},17.34,2731,17.36,16.91,16.93,22.0609,2837.0
2019-05-06 09:50,{},17.29,2731,17.34,17.2,17.34,10.8633,1397.0
2019-05-06 09:55,{},17.36,2731,17.39,17.25,17.29,11.6953,1504.0
2019-05-06 10:00,{},17.79,2731,17.8,17.36,17.36,40.0161,5146.0
2019-05-06 10:05,{},17.75,2731,17.89,17.65,17.79,40.5448,5214.0
2019-05-06 10:10,{},17.62,2731,17.75,17.6,17.75,17.2008,2212.0
2019-05-06 10:15,{},17.54,2731,17.63,17.54,17.62,20.5679,2645.0
2019-05-06 10:20,{},17.69,2731,17.7,17.54,17.54,17.2786,2222.0
2019-05-06 10:25,{},17.56,2731,17.69,17.56,17.69,12.8462,1652.0
2019-05-06 10:30,{},17.46,2731,17.57,17.44,17.56,12.5818,1618.0
2019-05-06 10:35,{},17.45,2731,17.47,17.44,17.46,10.4356,1342.0
2019-05-06 10:40,{},17.52,2731,17.57,17.45,17.45,8.6937,1118.0
2019-05-06 10:45,{},17.44,2731,17.52,17.41,17.52,7.2629,934.0
2019-05-06 10:50,{},17.4,2731,17.45,17.4,17.44,5.9721,768.0
2019-05-06 10:55,{},17.34,2731,17.4,17.17,17.4,10.6533,1370.0
2019-05-06 11:00,{},17.23,2731,17.34,17.1,17.34,10.6144,1365.0
2019-05-06 11:05,{},17.35,2731,17.35,17.23,17.23,3.1727,408.0
2019-05-06 11:10,{},17.3,2731,17.43,17.29,17.35,4.8523,624.0
2019-05-06 11:15,{},17.34,2731,17.35,17.3,17.3,2.5506,328.0
2019-05-06 11:20,{},17.31,2731,17.35,17.29,17.34,1.1664,150.0
2019-05-06 11:25,{},17.25,2731,17.31,17.25,17.31,2.0296,261.0
2019-05-06 11:30,{},17.18,2731,17.25,17.18,17.25,1.3219,170.0
2019-05-06 13:05,{},17.21,2731,17.23,17.17,17.18,1.7574,226.0
2019-05-06 13:10,{},17.16,2731,17.23,17.16,17.21,6.7029999999999985,862.0
2019-05-06 13:15,{},17.13,2731,17.17,17.13,17.16,3.1727,408.0
2019-05-06 13:20,{},17.02,2731,17.15,17.0,17.13,7.2163,928.0
2019-05-06 13:25,{},16.99,2731,17.03,16.92,17.02,13.0095,1673.0
2019-05-06 13:30,{},17.16,2731,17.16,16.99,16.99,4.7901,616.0
2019-05-06 13:35,{},17.07,2731,17.21,17.07,17.16,6.8974,887.0
2019-05-06 13:40,{},17.11,2731,17.18,17.06,17.07,3.056,393.0
2019-05-06 13:45,{},17.03,2731,17.11,17.01,17.11,4.1214,530.0
2019-05-06 13:50,{},16.94,2731,17.07,16.94,17.03,7.574,974.0
2019-05-06 13:55,{},16.98,2731,16.98,16.92,16.94,7.1074,914.0
2019-05-06 14:00,{},16.96,2731,17.06,16.94,16.98,9.9379,1278.0
2019-05-06 14:05,{},16.6,2731,16.98,16.6,16.96,26.5245,3411.0
2019-05-06 14:10,{},16.64,2731,16.8,16.6,16.6,14.1759,1823.0
2019-05-06 14:15,{},16.89,2731,16.91,16.63,16.64,9.9846,1284.0
2019-05-06 14:20,{},16.94,2731,16.94,16.83,16.89,6.4464,829.0
2019-05-06 14:25,{},16.88,2731,16.94,16.87,16.94,2.5039,322.0
2019-05-06 14:30,{},16.82,2731,16.94,16.81,16.88,3.4759,447.0
2019-05-06 14:35,{},16.91,2731,16.97,16.78,16.82,5.6066,721.0
2019-05-06 14:40,{},16.91,2731,16.97,16.86,16.91,6.4698,832.0
2019-05-06 14:45,{},16.84,2731,16.91,16.79,16.91,4.4246,569.0
2019-05-06 14:50,{},16.95,2731,16.95,16.82,16.84,6.2831,808.0
2019-05-06 14:55,{},16.97,2731,17.0,16.91,16.95,18.6861,2403.0
2019-05-06 15:00,{},17.24,2731,17.24,16.97,16.97,17.5041,2251.0
2019-05-07 09:35,{},17.52,2731,17.55,17.25,17.42,45.2261,5816.0
2019-05-07 09:40,{},17.52,2731,17.52,17.29,17.52,16.1122,2072.0
2019-05-07 09:45,{},17.64,2731,17.68,17.45,17.52,24.0361,3091.0
2019-05-07 09:50,{},17.52,2731,17.65,17.51,17.64,29.7593,3827.0
2019-05-07 09:55,{},17.47,2731,17.55,17.39,17.52,12.5041,1608.0
2019-05-07 10:00,{},17.47,2731,17.59,17.4,17.47,8.4293,1084.0
2019-05-07 10:05,{},17.52,2731,17.53,17.41,17.47,8.3749,1077.0
2019-05-07 10:10,{},17.51,2731,17.52,17.44,17.52,4.6735,601.0
2019-05-07 10:15,{},17.5,2731,17.57,17.5,17.51,8.5227,1096.0
2019-05-07 10:20,{},17.46,2731,17.5,17.41,17.5,8.025,1032.0
2019-05-07 10:25,{},17.45,2731,17.48,17.44,17.46,3.3126,426.0
2019-05-07 10:30,{},17.57,2731,17.59,17.44,17.45,8.6238,1109.0
2019-05-07 10:35,{},17.48,2731,17.57,17.48,17.57,4.8912,629.0
2019-05-07 10:40,{},17.42,2731,17.49,17.39,17.48,10.1712,1308.0
2019-05-07 10:45,{},17.44,2731,17.44,17.38,17.42,7.3329,943.0
2019-05-07 10:50,{},17.42,2731,17.47,17.42,17.44,2.9705,382.0
2019-05-07 10:55,{},17.32,2731,17.42,17.31,17.42,8.8804,1142.0
2019-05-07 11:00,{},17.41,2731,17.41,17.32,17.32,6.1354,789.0
2019-05-07 11:05,{},17.4,2731,17.46,17.39,17.41,3.0249,389.0
2019-05-07 11:10,{},17.42,2731,17.43,17.36,17.4,3.8492,495.0
2019-05-07 11:15,{},17.4,2731,17.42,17.37,17.42,3.6392,468.0
2019-05-07 11:20,{},17.39,2731,17.4,17.38,17.4,1.4075,181.0
2019-05-07 11:25,{},17.39,2731,17.39,17.37,17.39,3.0949,398.0
2019-05-07 11:30,{},17.4,2731,17.4,17.39,17.39,1.2753,164.0
2019-05-07 13:05,{},17.36,2731,17.41,17.33,17.4,5.0001,643.0
2019-05-07 13:10,{},17.33,2731,17.39,17.31,17.36,3.8647,497.0
2019-05-07 13:15,{},17.3,2731,17.34,17.3,17.33,8.5926,1105.0
2019-05-07 13:20,{},17.28,2731,17.32,17.27,17.3,5.8088,747.0
2019-05-07 13:25,{},17.26,2731,17.28,17.24,17.28,5.3033,682.0
2019-05-07 13:30,{},17.28,2731,17.37,17.26,17.26,2.9005,373.0
2019-05-07 13:35,{},17.37,2731,17.4,17.28,17.28,5.6766,730.0
2019-05-07 13:40,{},17.34,2731,17.37,17.28,17.37,2.6983,347.0
2019-05-07 13:45,{},17.39,2731,17.42,17.32,17.34,4.8445,623.0
2019-05-07 13:50,{},17.34,2731,17.39,17.34,17.39,1.9363,249.0
2019-05-07 13:55,{},17.33,2731,17.34,17.31,17.34,1.3064,168.0
2019-05-07 14:00,{},17.36,2731,17.37,17.32,17.33,2.9238,376.0
2019-05-07 14:05,{},17.38,2731,17.39,17.36,17.36,1.7807,229.0
2019-05-07 14:10,{},17.27,2731,17.39,17.27,17.38,4.0592,522.0
2019-05-07 14:15,{},17.31,2731,17.35,17.27,17.27,3.7948,488.0
2019-05-07 14:20,{},17.37,2731,17.37,17.3,17.31,5.0078,644.0
2019-05-07 14:25,{},17.53,2731,17.56,17.37,17.37,14.1759,1823.0
2019-05-07 14:30,{},17.56,2731,17.57,17.47,17.53,10.0235,1289.0
2019-05-07 14:35,{},17.54,2731,17.64,17.54,17.56,18.1729,2337.0
2019-05-07 14:40,{},17.6,2731,17.62,17.54,17.54,9.0825,1168.0
2019-05-07 14:45,{},17.59,2731,17.61,17.54,17.6,9.9846,1284.0
2019-05-07 14:50,{},17.62,2731,17.63,17.59,17.59,11.0499,1421.0
2019-05-07 14:55,{},17.84,2731,17.85,17.62,17.62,37.8387,4866.0
2019-05-07 15:00,{},17.85,2731,17.85,17.83,17.84,22.3875,2879.0
2019-05-08 09:35,{},17.67,2731,17.68,17.32,17.47,39.1685,5037.0
2019-05-08 09:40,{},17.55,2731,17.69,17.54,17.67,10.7311,1380.0
2019-05-08 09:45,{},17.5,2731,17.56,17.45,17.55,10.84,1394.0
2019-05-08 09:50,{},17.49,2731,17.6,17.49,17.5,7.1929,925.0
2019-05-08 09:55,{},17.58,2731,17.62,17.49,17.49,8.5615,1101.0
2019-05-08 10:00,{},17.55,2731,17.58,17.5,17.58,7.6284,981.0
2019-05-08 10:05,{},17.59,2731,17.64,17.55,17.55,6.0498,778.0
2019-05-08 10:10,{},17.66,2731,17.71,17.58,17.59,10.9799,1412.0
2019-05-08 10:15,{},17.61,2731,17.7,17.61,17.66,12.0142,1545.0
2019-05-08 10:20,{},17.66,2731,17.68,17.6,17.61,7.0296,904.0
2019-05-08 10:25,{},17.74,2731,17.76,17.66,17.66,8.5615,1101.0
2019-05-08 10:30,{},17.8,2731,17.9,17.73,17.74,23.4218,3012.0
2019-05-08 10:35,{},17.8,2731,17.86,17.77,17.8,9.1992,1183.0
2019-05-08 10:40,{},17.92,2731,17.94,17.78,17.8,12.1775,1566.0
2019-05-08 10:45,{},17.93,2731,17.95,17.88,17.92,13.8804,1785.0
2019-05-08 10:50,{},17.8,2731,17.94,17.8,17.93,10.3967,1337.0
2019-05-08 10:55,{},17.75,2731,17.83,17.72,17.8,6.0265,775.0
2019-05-08 11:00,{},17.8,2731,17.8,17.74,17.75,3.3204,427.0
2019-05-08 11:05,{},17.73,2731,17.8,17.73,17.8,5.9021,759.0
2019-05-08 11:10,{},17.81,2731,17.87,17.7,17.73,3.9814,512.0
2019-05-08 11:15,{},17.81,2731,17.84,17.75,17.81,1.7963,231.0
2019-05-08 11:20,{},17.86,2731,17.86,17.79,17.81,3.8259,492.0
2019-05-08 11:25,{},17.89,2731,17.9,17.82,17.86,4.0825,525.0
2019-05-08 11:30,{},17.84,2731,17.89,17.83,17.89,3.6392,468.0
2019-05-08 13:05,{},17.86,2731,17.89,17.84,17.84,3.7481,482.0
2019-05-08 13:10,{},17.77,2731,17.86,17.77,17.86,6.6953,861.0
2019-05-08 13:15,{},17.84,2731,17.85,17.75,17.77,3.3748,434.0
2019-05-08 13:20,{},17.86,2731,17.87,17.77,17.84,3.3748,434.0
2019-05-08 13:25,{},17.83,2731,17.88,17.8,17.86,4.7279,608.0
2019-05-08 13:30,{},17.87,2731,17.87,17.81,17.83,2.7761,357.0
2019-05-08 13:35,{},17.86,2731,17.87,17.84,17.87,4.2924,552.0
2019-05-08 13:40,{},17.73,2731,17.86,17.73,17.86,6.6719,858.0
2019-05-08 13:45,{},17.78,2731,17.78,17.72,17.73,11.1432,1433.0
2019-05-08 13:50,{},17.73,2731,17.78,17.73,17.78,3.0871,397.0
2019-05-08 13:55,{},17.8,2731,17.8,17.72,17.73,7.6051,978.0
2019-05-08 14:00,{},17.73,2731,17.84,17.73,17.8,3.0171,388.0
2019-05-08 14:05,{},17.75,2731,17.76,17.73,17.73,1.9129,246.0
2019-05-08 14:10,{},18.05,2731,18.14,17.75,17.75,42.139,5419.0
2019-05-08 14:15,{},18.1,2731,18.27,18.05,18.05,50.4206,6484.0
2019-05-08 14:20,{},18.13,2731,18.18,18.06,18.1,16.9054,2174.0
2019-05-08 14:25,{},18.02,2731,18.15,18.0,18.13,15.8011,2032.0
2019-05-08 14:30,{},18.17,2731,18.17,18.02,18.02,14.728,1894.0
2019-05-08 14:35,{},18.38,2731,18.52,18.15,18.17,61.3305,7887.0
2019-05-08 14:40,{},18.52,2731,18.65,18.34,18.38,73.1114,9402.0
2019-05-08 14:45,{},18.4,2731,18.55,18.34,18.52,28.1808,3624.0
2019-05-08 14:50,{},18.46,2731,18.56,18.4,18.4,40.9103,5261.0
2019-05-08 14:55,{},18.44,2731,18.5,18.4,18.46,27.5587,3544.0
2019-05-08 15:00,{},18.48,2731,18.49,18.44,18.44,16.4543,2116.0
2019-05-09 09:35,{},18.23,2731,18.42,18.09,18.15,42.1234,5417.0
2019-05-09 09:40,{},18.22,2731,18.29,18.21,18.23,23.1885,2982.0
2019-05-09 09:45,{},18.14,2731,18.22,18.09,18.22,27.582,3547.0
2019-05-09 09:50,{},18.19,2731,18.25,18.11,18.14,10.77,1385.0
2019-05-09 09:55,{},18.3,2731,18.32,18.16,18.19,10.5211,1353.0
2019-05-09 10:00,{},18.19,2731,18.3,18.17,18.3,12.5118,1609.0
2019-05-09 10:05,{},18.14,2731,18.23,18.14,18.19,9.0903,1169.0
2019-05-09 10:10,{},18.18,2731,18.21,18.11,18.14,6.7029999999999985,862.0
2019-05-09 10:15,{},18.22,2731,18.23,18.18,18.18,4.4091,567.0
2019-05-09 10:20,{},18.22,2731,18.25,18.2,18.22,3.0249,389.0
2019-05-09 10:25,{},18.14,2731,18.22,18.14,18.22,7.1307,917.0
2019-05-09 10:30,{},18.12,2731,18.16,18.09,18.14,15.6145,2008.0
2019-05-09 10:35,{},18.09,2731,18.15,18.03,18.12,12.193,1568.0
2019-05-09 10:40,{},17.95,2731,18.1,17.85,18.09,28.6162,3680.0
2019-05-09 10:45,{},18.03,2731,18.06,17.92,17.95,11.1821,1438.0
2019-05-09 10:50,{},18.08,2731,18.08,17.95,18.03,5.5366,712.0
2019-05-09 10:55,{},18.06,2731,18.14,18.01,18.08,4.7357,609.0
2019-05-09 11:00,{},18.08,2731,18.13,18.06,18.06,2.4262,312.0
2019-05-09 11:05,{},18.06,2731,18.08,17.98,18.08,3.6081,464.0
2019-05-09 11:10,{},18.1,2731,18.1,18.01,18.06,2.3951,308.0
2019-05-09 11:15,{},18.17,2731,18.18,18.1,18.1,2.6672,343.0
2019-05-09 11:20,{},18.16,2731,18.18,18.12,18.17,3.1338,403.0
2019-05-09 11:25,{},18.07,2731,18.16,18.07,18.16,1.9052,245.0
2019-05-09 11:30,{},18.18,2731,18.2,18.07,18.07,7.3873,950.0
2019-05-09 13:05,{},18.27,2731,18.27,18.15,18.18,5.3578,689.0
2019-05-09 13:10,{},18.24,2731,18.32,18.24,18.27,6.8508,881.0
2019-05-09 13:15,{},18.35,2731,18.35,18.23,18.24,6.0032,772.0
2019-05-09 13:20,{},18.34,2731,18.36,18.31,18.35,9.0981,1170.0
2019-05-09 13:25,{},18.3,2731,18.34,18.24,18.34,4.5802,589.0
2019-05-09 13:30,{},18.31,2731,18.35,18.28,18.3,4.829,621.0
2019-05-09 13:35,{},18.3,2731,18.31,18.28,18.31,3.2504,418.0
2019-05-09 13:40,{},18.36,2731,18.38,18.3,18.3,4.6346,596.0
2019-05-09 13:45,{},18.32,2731,18.36,18.32,18.36,3.0716,395.0
2019-05-09 13:50,{},18.3,2731,18.32,18.24,18.32,11.0732,1424.0
2019-05-09 13:55,{},18.26,2731,18.32,18.24,18.3,3.2504,418.0
2019-05-09 14:00,{},18.29,2731,18.29,18.25,18.26,2.3406,301.0
2019-05-09 14:05,{},18.21,2731,18.29,18.21,18.29,6.1509,791.0
2019-05-09 14:10,{},18.3,2731,18.3,18.17,18.21,6.5631,844.0
2019-05-09 14:15,{},18.26,2731,18.3,18.2,18.3,3.2193,414.0
2019-05-09 14:20,{},18.35,2731,18.35,18.23,18.26,8.4138,1082.0
2019-05-09 14:25,{},18.41,2731,18.5,18.28,18.35,12.7995,1646.0
2019-05-09 14:30,{},18.44,2731,18.49,18.39,18.41,8.8337,1136.0
2019-05-09 14:35,{},18.3,2731,18.45,18.3,18.44,6.2131,799.0
2019-05-09 14:40,{},18.21,2731,18.3,18.13,18.3,11.7109,1506.0
2019-05-09 14:45,{},18.12,2731,18.21,18.1,18.21,10.8555,1396.0
2019-05-09 14:50,{},18.18,2731,18.24,18.12,18.12,8.5615,1101.0
2019-05-09 14:55,{},18.02,2731,18.18,18.0,18.18,20.2802,2608.0
2019-05-09 15:00,{},18.07,2731,18.1,18.01,18.02,9.0514,1164.0
2019-05-10 09:35,{},18.3,2731,18.38,18.2,18.2,28.2974,3639.0
2019-05-10 09:40,{},18.3,2731,18.34,18.21,18.3,10.0235,1289.0
2019-05-10 09:45,{},18.33,2731,18.33,18.24,18.3,11.0188,1417.0
2019-05-10 09:50,{},18.45,2731,18.45,18.32,18.33,12.1075,1557.0
2019-05-10 09:55,{},18.4,2731,18.49,18.39,18.45,26.5711,3417.0
2019-05-10 10:00,{},18.4,2731,18.4,18.36,18.4,11.9908,1542.0
2019-05-10 10:05,{},18.38,2731,18.41,18.38,18.4,12.4807,1605.0
2019-05-10 10:10,{},18.32,2731,18.38,18.31,18.38,12.6751,1630.0
2019-05-10 10:15,{},18.33,2731,18.36,18.32,18.32,5.8321,750.0
2019-05-10 10:20,{},18.35,2731,18.35,18.31,18.33,9.9612,1281.0
2019-05-10 10:25,{},18.39,2731,18.44,18.34,18.35,8.5149,1095.0
2019-05-10 10:30,{},18.36,2731,18.41,18.36,18.39,5.3033,682.0
2019-05-10 10:35,{},18.35,2731,18.36,18.33,18.36,6.7264,865.0
2019-05-10 10:40,{},18.31,2731,18.35,18.31,18.35,8.1805,1052.0
2019-05-10 10:45,{},18.44,2731,18.44,18.3,18.31,9.6191,1237.0
2019-05-10 10:50,{},18.38,2731,18.45,18.38,18.44,5.2722,678.0
2019-05-10 10:55,{},18.38,2731,18.4,18.37,18.38,1.8818,242.0
2019-05-10 11:00,{},18.35,2731,18.39,18.34,18.38,1.9907,256.0
2019-05-10 11:05,{},18.36,2731,18.36,18.33,18.35,2.4417,314.0
2019-05-10 11:10,{},18.33,2731,18.37,18.33,18.36,3.3049,425.0
2019-05-10 11:15,{},18.35,2731,18.35,18.31,18.33,5.1867,667.0
2019-05-10 11:20,{},18.32,2731,18.38,18.32,18.35,1.8818,242.0
2019-05-10 11:25,{},18.33,2731,18.34,18.3,18.32,3.3982,437.0
2019-05-10 11:30,{},18.34,2731,18.35,18.31,18.33,2.7528,354.0
2019-05-10 13:05,{},17.94,2731,18.34,17.88,18.34,33.8574,4354.0
2019-05-10 13:10,{},18.15,2731,18.18,17.9,17.94,17.3019,2225.0
2019-05-10 13:15,{},18.15,2731,18.21,18.15,18.15,7.7839,1001.0
2019-05-10 13:20,{},18.16,2731,18.21,18.08,18.15,9.4325,1213.0
2019-05-10 13:25,{},18.16,2731,18.21,18.16,18.16,7.3718,948.0
2019-05-10 13:30,{},18.17,2731,18.19,18.12,18.16,2.8927,372.0
2019-05-10 13:35,{},18.22,2731,18.27,18.15,18.17,5.2489,675.0
2019-05-10 13:40,{},18.28,2731,18.3,18.22,18.22,3.5304,454.0
2019-05-10 13:45,{},18.29,2731,18.35,18.28,18.28,6.7108,863.0
2019-05-10 13:50,{},18.24,2731,18.3,18.23,18.29,7.0996,913.0
2019-05-10 13:55,{},18.28,2731,18.28,18.23,18.24,3.3360000000000003,429.0
2019-05-10 14:00,{},18.38,2731,18.38,18.23,18.28,10.3889,1336.0
2019-05-10 14:05,{},18.33,2731,18.45,18.33,18.38,14.3003,1839.0
2019-05-10 14:10,{},18.38,2731,18.4,18.33,18.33,3.9192,504.0
2019-05-10 14:15,{},18.4,2731,18.43,18.37,18.38,8.3438,1073.0
2019-05-10 14:20,{},18.41,2731,18.42,18.4,18.4,4.5568,586.0
2019-05-10 14:25,{},18.43,2731,18.44,18.41,18.41,10.3812,1335.0
2019-05-10 14:30,{},18.36,2731,18.48,18.35,18.43,20.3735,2620.0
2019-05-10 14:35,{},18.34,2731,18.39,18.32,18.36,7.4262,955.0
2019-05-10 14:40,{},18.42,2731,18.45,18.33,18.34,10.2801,1322.0
2019-05-10 14:45,{},18.36,2731,18.44,18.35,18.42,8.4371,1085.0
2019-05-10 14:50,{},18.37,2731,18.38,18.35,18.36,10.5756,1360.0
2019-05-10 14:55,{},18.39,2731,18.39,18.36,18.37,18.0718,2324.0
2019-05-10 15:00,{},18.38,2731,18.4,18.38,18.39,12.2785,1579.0
2019-05-13 09:35,{},18.12,2731,18.23,17.98,18.1,22.9552,2952.0
2019-05-13 09:40,{},18.29,2731,18.3,18.12,18.12,7.6673,986.0
2019-05-13 09:45,{},18.23,2731,18.3,18.22,18.29,4.6268,595.0
2019-05-13 09:50,{},18.26,2731,18.34,18.23,18.23,5.1012,656.0
2019-05-13 09:55,{},18.27,2731,18.33,18.26,18.26,4.9845,641.0
2019-05-13 10:00,{},18.26,2731,18.28,18.25,18.27,5.0934,655.0
2019-05-13 10:05,{},18.26,2731,18.31,18.25,18.26,3.8181,491.0
2019-05-13 10:10,{},18.29,2731,18.29,18.25,18.26,2.1618,278.0
2019-05-13 10:15,{},18.22,2731,18.29,18.21,18.29,4.8368,622.0
2019-05-13 10:20,{},18.2,2731,18.23,18.11,18.22,10.9488,1408.0
2019-05-13 10:25,{},18.16,2731,18.2,18.14,18.2,3.1727,408.0
2019-05-13 10:30,{},18.23,2731,18.24,18.15,18.16,2.6517,341.0
2019-05-13 10:35,{},18.16,2731,18.23,18.16,18.23,2.815,362.0
2019-05-13 10:40,{},18.2,2731,18.21,18.16,18.16,2.1073,271.0
2019-05-13 10:45,{},18.14,2731,18.2,18.14,18.2,5.3033,682.0
2019-05-13 10:50,{},18.2,2731,18.21,18.14,18.14,2.0996,270.0
2019-05-13 10:55,{},18.15,2731,18.21,18.13,18.2,5.6222,723.0
2019-05-13 11:00,{},18.11,2731,18.18,18.11,18.15,6.6253,852.0
2019-05-13 11:05,{},18.11,2731,18.12,18.1,18.11,4.8756,627.0
2019-05-13 11:10,{},18.08,2731,18.13,18.04,18.11,7.644,983.0
2019-05-13 11:15,{},18.0,2731,18.08,17.94,18.08,14.8991,1916.0
2019-05-13 11:20,{},18.03,2731,18.06,18.0,18.0,4.6579,599.0
2019-05-13 11:25,{},18.1,2731,18.2,18.02,18.03,6.6097,850.0
2019-05-13 11:30,{},18.1,2731,18.1,18.05,18.1,0.8398,108.0
2019-05-13 13:05,{},18.06,2731,18.1,18.06,18.1,2.0374,262.0
2019-05-13 13:10,{},18.04,2731,18.06,18.04,18.06,0.7932,102.0
2019-05-13 13:15,{},18.08,2731,18.08,18.03,18.04,3.3126,426.0
2019-05-13 13:20,{},18.1,2731,18.13,18.08,18.08,0.4121,53.0
2019-05-13 13:25,{},18.05,2731,18.11,18.03,18.1,1.6408,211.0
2019-05-13 13:30,{},18.04,2731,18.08,18.03,18.05,3.4682,446.0
2019-05-13 13:35,{},17.99,2731,18.04,17.98,18.04,4.9689999999999985,639.0
2019-05-13 13:35,{},17.99,2731,18.04,17.98,18.04,4.968999999999999,639.0
2019-05-13 13:40,{},18.0,2731,18.03,17.95,17.99,4.7046,605.0
2019-05-13 13:45,{},17.99,2731,18.01,17.97,18.0,4.5489999999999995,585.0
2019-05-13 13:45,{},17.99,2731,18.01,17.97,18.0,4.549,585.0
2019-05-13 13:50,{},18.03,2731,18.03,17.99,17.99,3.2738,421.0
2019-05-13 13:55,{},18.02,2731,18.05,18.0,18.03,1.6097,207.0
2019-05-13 14:00,{},17.99,2731,18.02,17.98,18.02,1.7652,227.0
2019-05-13 14:05,{},17.91,2731,17.99,17.88,17.99,12.4418,1600.0
2019-05-13 14:10,{},17.91,2731,17.95,17.91,17.91,4.1369,532.0
2019-05-13 14:15,{},17.77,2731,17.92,17.64,17.91,23.3829,3007.0
2019-05-13 14:20,{},17.73,2731,17.78,17.69,17.77,12.2474,1575.0
2019-05-13 14:25,{},17.76,2731,17.78,17.73,17.73,9.3625,1204.0
2019-05-13 14:30,{},17.7,2731,17.76,17.68,17.76,10.6767,1373.0
2019-05-13 14:35,{},17.73,2731,17.73,17.69,17.7,5.2567,676.0
2019-05-13 14:40,{},17.7,2731,17.76,17.7,17.73,6.6642,857.0
2019-05-13 14:45,{},17.69,2731,17.7,17.66,17.7,9.3469,1202.0
2019-05-13 14:50,{},17.69,2731,17.72,17.65,17.69,14.0204,1803.0
2019-05-13 14:55,{},17.66,2731,17.69,17.59,17.69,23.8417,3066.0
2019-05-13 15:00,{},17.72,2731,17.73,17.66,17.66,10.5678,1359.0
2019-05-14 09:35,{},17.64,2731,17.71,17.5,17.53,24.1761,3109.0
2019-05-14 09:40,{},17.63,2731,17.68,17.63,17.64,7.6673,986.0
2019-05-14 09:45,{},17.53,2731,17.65,17.42,17.63,14.8991,1916.0
2019-05-14 09:50,{},17.6,2731,17.61,17.45,17.53,6.4153,825.0
2019-05-14 09:55,{},17.56,2731,17.64,17.56,17.6,7.3407,944.0
2019-05-14 10:00,{},17.66,2731,17.67,17.56,17.56,5.21,670.0
2019-05-14 10:05,{},17.68,2731,17.69,17.66,17.66,4.7512,611.0
2019-05-14 10:10,{},17.68,2731,17.72,17.65,17.68,4.5646,587.0
2019-05-14 10:15,{},17.66,2731,17.68,17.65,17.68,5.5833,718.0
2019-05-14 10:20,{},17.82,2731,17.84,17.66,17.66,6.3065,811.0
2019-05-14 10:25,{},17.75,2731,17.83,17.75,17.82,4.2924,552.0
2019-05-14 10:30,{},17.78,2731,17.78,17.73,17.75,3.927,505.0
2019-05-14 10:35,{},17.73,2731,17.78,17.73,17.78,3.1027,399.0
2019-05-14 10:40,{},17.67,2731,17.73,17.66,17.73,3.577,460.0
2019-05-14 10:45,{},17.86,2731,17.96,17.67,17.67,13.9038,1788.0
2019-05-14 10:50,{},17.84,2731,17.92,17.84,17.86,10.1245,1302.0
2019-05-14 10:55,{},17.83,2731,17.86,17.8,17.84,3.1882,410.0
2019-05-14 11:00,{},17.8,2731,17.84,17.79,17.83,2.5972,334.0
2019-05-14 11:05,{},17.82,2731,17.83,17.79,17.8,1.9674,253.0
2019-05-14 11:10,{},17.74,2731,17.83,17.73,17.82,2.7839,358.0
2019-05-14 11:15,{},17.81,2731,17.85,17.74,17.74,2.224,286.0
2019-05-14 11:20,{},17.75,2731,17.81,17.75,17.81,1.2053,155.0
2019-05-14 11:25,{},17.74,2731,17.75,17.73,17.75,2.9938,385.0
2019-05-14 11:30,{},17.79,2731,17.79,17.74,17.74,0.9176,118.0
2019-05-14 13:05,{},17.84,2731,17.84,17.79,17.79,2.0451,263.0
2019-05-14 13:10,{},17.82,2731,17.84,17.81,17.84,1.4153,182.0
2019-05-14 13:15,{},17.89,2731,17.9,17.82,17.82,4.1602,535.0
2019-05-14 13:20,{},17.87,2731,17.89,17.86,17.89,3.5304,454.0
2019-05-14 13:25,{},17.82,2731,17.88,17.82,17.87,3.5693,459.0
2019-05-14 13:30,{},17.82,2731,17.84,17.82,17.82,0.7776,100.0
2019-05-14 13:35,{},17.87,2731,17.87,17.82,17.82,3.6781,473.0
2019-05-14 13:40,{},17.83,2731,17.88,17.83,17.87,1.9052,245.0
2019-05-14 13:45,{},17.78,2731,17.83,17.78,17.83,1.3064,168.0
2019-05-14 13:50,{},17.75,2731,17.81,17.72,17.78,3.8959,501.0
2019-05-14 13:55,{},17.8,2731,17.82,17.75,17.75,1.5086,194.0
2019-05-14 14:00,{},17.81,2731,17.82,17.77,17.8,1.8507,238.0
2019-05-14 14:05,{},17.8,2731,17.83,17.8,17.81,3.0638,394.0
2019-05-14 14:10,{},17.75,2731,17.81,17.75,17.8,2.5195,324.0
2019-05-14 14:15,{},17.82,2731,17.82,17.75,17.75,1.8274,235.0
2019-05-14 14:20,{},17.84,2731,17.84,17.82,17.82,4.3158,555.0
2019-05-14 14:25,{},17.83,2731,17.84,17.83,17.84,4.9534,637.0
2019-05-14 14:30,{},17.84,2731,17.85,17.83,17.83,7.7139,992.0
2019-05-14 14:35,{},17.86,2731,17.86,17.83,17.84,13.6394,1754.0
2019-05-14 14:40,{},17.9,2731,17.97,17.86,17.86,14.6969,1890.0
2019-05-14 14:45,{},17.81,2731,17.92,17.8,17.9,8.4371,1085.0
2019-05-14 14:50,{},17.81,2731,17.87,17.79,17.81,7.3018,939.0
2019-05-14 14:55,{},17.82,2731,17.83,17.77,17.81,10.1945,1311.0
2019-05-14 15:00,{},17.79,2731,17.82,17.79,17.82,7.0374,905.0
2019-05-15 09:35,{},17.86,2731,18.01,17.85,17.85,15.459000000000001,1988.0
2019-05-15 09:35,{},17.86,2731,18.01,17.85,17.85,15.459,1988.0
2019-05-15 09:40,{},17.95,2731,17.98,17.84,17.86,12.4963,1607.0
2019-05-15 09:45,{},17.91,2731,17.97,17.9,17.95,12.0219,1546.0
2019-05-15 09:50,{},18.06,2731,18.06,17.91,17.91,11.9908,1542.0
2019-05-15 09:55,{},17.99,2731,18.06,17.99,18.06,5.8166,748.0
2019-05-15 10:00,{},17.98,2731,18.01,17.96,17.99,4.7046,605.0
2019-05-15 10:05,{},17.95,2731,17.98,17.94,17.98,4.7901,616.0
2019-05-15 10:10,{},17.98,2731,18.01,17.95,17.95,6.5786,846.0
2019-05-15 10:15,{},17.97,2731,18.0,17.97,17.98,1.6019,206.0
2019-05-15 10:20,{},17.98,2731,18.01,17.97,17.97,5.7155,735.0
2019-05-15 10:25,{},17.95,2731,17.98,17.91,17.98,3.5069999999999997,451.0
2019-05-15 10:25,{},17.95,2731,17.98,17.91,17.98,3.507,451.0
2019-05-15 10:30,{},17.92,2731,17.95,17.89,17.95,1.9829,255.0
2019-05-15 10:35,{},17.86,2731,17.94,17.85,17.92,7.3096,940.0
2019-05-15 10:40,{},17.88,2731,17.91,17.85,17.86,3.3982,437.0
2019-05-15 10:45,{},17.87,2731,17.89,17.86,17.88,3.5693,459.0
2019-05-15 10:50,{},17.88,2731,17.9,17.87,17.87,5.2956,681.0
2019-05-15 10:55,{},17.9,2731,17.91,17.88,17.88,1.0809,139.0
2019-05-15 11:00,{},17.92,2731,17.96,17.9,17.9,2.2007,283.0
2019-05-15 11:05,{},17.93,2731,17.94,17.92,17.92,1.9596,252.0
2019-05-15 11:10,{},17.92,2731,17.93,17.92,17.93,0.6065,78.0
2019-05-15 11:15,{},17.86,2731,17.92,17.86,17.92,1.4697,189.0
2019-05-15 11:20,{},17.87,2731,17.89,17.86,17.86,1.2364,159.0
2019-05-15 11:25,{},17.89,2731,17.89,17.86,17.87,0.7932,102.0
2019-05-15 11:30,{},17.9,2731,17.9,17.88,17.89,1.4386,185.0
2019-05-15 13:05,{},17.89,2731,17.92,17.89,17.9,2.1073,271.0
2019-05-15 13:10,{},17.94,2731,17.98,17.89,17.89,4.9068,631.0
2019-05-15 13:15,{},17.96,2731,17.96,17.92,17.94,1.8352,236.0
2019-05-15 13:20,{},17.93,2731,17.96,17.92,17.96,0.8009,103.0
2019-05-15 13:25,{},17.96,2731,17.99,17.93,17.93,7.5506,971.0
2019-05-15 13:30,{},17.96,2731,17.97,17.92,17.96,2.0529,264.0
2019-05-15 13:35,{},17.95,2731,17.96,17.93,17.96,1.5552,200.0
2019-05-15 13:40,{},17.95,2731,17.96,17.92,17.95,2.885,371.0
2019-05-15 13:45,{},17.96,2731,17.98,17.94,17.95,7.7762,1000.0
2019-05-15 13:50,{},18.01,2731,18.01,17.94,17.96,10.1479,1305.0
2019-05-15 13:55,{},18.02,2731,18.05,17.95,18.01,9.588,1233.0
2019-05-15 14:00,{},18.02,2731,18.02,17.97,18.02,2.8305,364.0
2019-05-15 14:05,{},18.02,2731,18.02,17.96,18.02,4.6501,598.0
2019-05-15 14:10,{},17.96,2731,18.03,17.96,18.02,6.4775,833.0
2019-05-15 14:15,{},17.9,2731,17.99,17.88,17.96,20.4046,2624.0
2019-05-15 14:20,{},17.95,2731,17.96,17.9,17.9,12.1697,1565.0
2019-05-15 14:25,{},17.91,2731,17.95,17.91,17.95,6.0732,781.0
2019-05-15 14:30,{},17.94,2731,17.94,17.9,17.91,17.2475,2218.0
2019-05-15 14:35,{},17.93,2731,17.98,17.93,17.94,7.3485,945.0
2019-05-15 14:40,{},17.9,2731,17.94,17.88,17.93,16.0655,2066.0
2019-05-15 14:45,{},17.91,2731,17.91,17.89,17.9,8.1416,1047.0
2019-05-15 14:50,{},17.93,2731,17.93,17.9,17.91,10.8633,1397.0
2019-05-15 14:55,{},17.94,2731,17.96,17.92,17.93,10.5989,1363.0
2019-05-15 15:00,{},17.97,2731,17.97,17.94,17.94,15.5056,1994.0
2019-05-16 09:35,{},17.92,2731,18.05,17.82,17.97,12.4807,1605.0
2019-05-16 09:40,{},17.86,2731,17.92,17.84,17.92,11.2132,1442.0
2019-05-16 09:45,{},17.88,2731,17.9,17.85,17.86,5.8865,757.0
2019-05-16 09:50,{},17.92,2731,17.92,17.86,17.88,6.4075,824.0
2019-05-16 09:55,{},17.93,2731,17.96,17.9,17.92,3.3049,425.0
2019-05-16 10:00,{},17.9,2731,17.94,17.9,17.93,5.4122,696.0
2019-05-16 10:05,{},17.85,2731,17.9,17.83,17.9,10.5833,1361.0
2019-05-16 10:10,{},17.85,2731,17.87,17.83,17.85,7.1229999999999976,916.0
2019-05-16 10:15,{},17.91,2731,17.91,17.84,17.85,6.5164,838.0
2019-05-16 10:20,{},17.93,2731,17.93,17.9,17.91,5.35,688.0
2019-05-16 10:25,{},17.9,2731,17.96,17.9,17.93,6.4153,825.0
2019-05-16 10:30,{},17.94,2731,17.96,17.88,17.9,9.2847,1194.0
2019-05-16 10:35,{},17.97,2731,17.97,17.93,17.94,4.5802,589.0
2019-05-16 10:40,{},18.0,2731,18.02,17.97,17.97,10.3501,1331.0
2019-05-16 10:45,{},18.02,2731,18.04,18.0,18.0,8.5227,1096.0
2019-05-16 10:50,{},18.01,2731,18.03,17.99,18.02,7.6051,978.0
2019-05-16 10:55,{},18.02,2731,18.03,18.0,18.01,12.9317,1663.0
2019-05-16 11:00,{},17.98,2731,18.02,17.95,18.02,6.5086,837.0
2019-05-16 11:05,{},17.97,2731,17.98,17.95,17.98,3.3049,425.0
2019-05-16 11:10,{},17.92,2731,17.97,17.86,17.97,6.9908,899.0
2019-05-16 11:15,{},17.95,2731,17.97,17.92,17.92,2.1929,282.0
2019-05-16 11:20,{},17.94,2731,17.95,17.93,17.95,1.3686,176.0
2019-05-16 11:25,{},17.93,2731,17.95,17.93,17.94,1.2131,156.0
2019-05-16 11:30,{},17.93,2731,17.93,17.9,17.93,1.0498,135.0
2019-05-16 13:05,{},17.96,2731,17.97,17.93,17.93,2.2318,287.0
2019-05-16 13:10,{},17.96,2731,17.96,17.92,17.96,1.2442,160.0
2019-05-16 13:15,{},18.02,2731,18.02,17.96,17.96,7.0141,902.0
2019-05-16 13:20,{},18.02,2731,18.03,18.01,18.02,5.6766,730.0
2019-05-16 13:25,{},18.05,2731,18.05,18.01,18.02,6.602,849.0
2019-05-16 13:30,{},18.07,2731,18.08,18.05,18.05,6.6797,859.0
2019-05-16 13:35,{},18.1,2731,18.11,18.06,18.07,8.3049,1068.0
2019-05-16 13:40,{},18.08,2731,18.1,18.08,18.1,4.7979,617.0
2019-05-16 13:45,{},18.0,2731,18.08,18.0,18.08,6.0965,784.0
2019-05-16 13:50,{},18.01,2731,18.03,17.99,18.0,1.2675,163.0
2019-05-16 13:55,{},18.04,2731,18.04,18.01,18.01,1.9829,255.0
2019-05-16 14:00,{},18.02,2731,18.07,18.02,18.04,3.4293,441.0
2019-05-16 14:05,{},18.02,2731,18.04,18.01,18.02,2.5428,327.0
2019-05-16 14:10,{},17.99,2731,18.02,17.99,18.02,7.1696,922.0
2019-05-16 14:15,{},17.96,2731,17.99,17.96,17.99,3.647,469.0
2019-05-16 14:20,{},17.94,2731,17.97,17.93,17.96,5.4977,707.0
2019-05-16 14:25,{},17.95,2731,17.96,17.94,17.94,1.9052,245.0
2019-05-16 14:30,{},17.97,2731,17.98,17.95,17.95,1.9907,256.0
2019-05-16 14:35,{},18.0,2731,18.0,17.97,17.97,2.5739,331.0
2019-05-16 14:40,{},17.97,2731,18.02,17.97,18.0,4.5024,579.0
2019-05-16 14:45,{},17.97,2731,17.99,17.96,17.97,5.5444,713.0
2019-05-16 14:50,{},17.98,2731,17.99,17.97,17.97,8.7482,1125.0
2019-05-16 14:55,{},17.97,2731,17.98,17.96,17.98,11.3221,1456.0
2019-05-16 15:00,{},17.98,2731,17.98,17.97,17.97,7.0763,910.0
2019-05-17 09:35,{},17.93,2731,18.09,17.93,18.09,13.4683,1732.0
2019-05-17 09:40,{},17.92,2731,17.95,17.9,17.93,6.6331,853.0
2019-05-17 09:45,{},17.8,2731,17.93,17.8,17.92,13.2428,1703.0
2019-05-17 09:50,{},17.76,2731,17.82,17.7,17.8,10.3656,1333.0
2019-05-17 09:55,{},17.67,2731,17.8,17.65,17.76,13.7016,1762.0
2019-05-17 10:00,{},17.74,2731,17.74,17.65,17.67,8.9659,1153.0
2019-05-17 10:05,{},17.66,2731,17.74,17.64,17.74,13.2272,1701.0
2019-05-17 10:10,{},17.67,2731,17.72,17.66,17.66,13.5461,1742.0
2019-05-17 10:15,{},17.63,2731,17.67,17.63,17.67,7.6129,979.0
2019-05-17 10:20,{},17.7,2731,17.7,17.63,17.63,10.3345,1329.0
2019-05-17 10:25,{},17.61,2731,17.7,17.61,17.7,7.6129,979.0
2019-05-17 10:30,{},17.59,2731,17.61,17.52,17.61,12.6907,1632.0
2019-05-17 10:35,{},17.5,2731,17.59,17.48,17.59,12.333,1586.0
2019-05-17 10:40,{},17.38,2731,17.5,17.38,17.5,14.347000000000001,1845.0
2019-05-17 10:40,{},17.38,2731,17.5,17.38,17.5,14.347,1845.0
2019-05-17 10:45,{},17.43,2731,17.47,17.38,17.38,13.0873,1683.0
2019-05-17 10:50,{},17.36,2731,17.45,17.35,17.43,9.1836,1181.0
2019-05-17 10:55,{},17.17,2731,17.36,17.16,17.36,22.2553,2862.0
2019-05-17 11:00,{},17.15,2731,17.25,17.13,17.17,21.3455,2745.0
2019-05-17 11:05,{},17.24,2731,17.25,17.08,17.15,23.5617,3030.0
2019-05-17 11:10,{},17.17,2731,17.24,17.17,17.24,3.9736,511.0
2019-05-17 11:15,{},17.22,2731,17.27,17.12,17.17,3.6937,475.0
2019-05-17 11:20,{},17.22,2731,17.26,17.18,17.22,4.2302,544.0
2019-05-17 11:25,{},17.22,2731,17.22,17.19,17.22,2.0296,261.0
2019-05-17 11:30,{},17.28,2731,17.28,17.21,17.22,4.6113,593.0
2019-05-17 13:05,{},17.23,2731,17.3,17.23,17.28,2.9705,382.0
2019-05-17 13:10,{},17.26,2731,17.26,17.18,17.23,2.3639,304.0
2019-05-17 13:15,{},17.26,2731,17.27,17.23,17.26,1.0653,137.0
2019-05-17 13:20,{},17.24,2731,17.27,17.22,17.26,3.507,451.0
2019-05-17 13:20,{},17.24,2731,17.27,17.22,17.26,3.5069999999999997,451.0
2019-05-17 13:25,{},17.18,2731,17.32,17.17,17.24,8.2427,1060.0
2019-05-17 13:30,{},17.18,2731,17.22,17.16,17.18,1.5241,196.0
2019-05-17 13:35,{},17.12,2731,17.18,17.1,17.18,7.3951,951.0
2019-05-17 13:40,{},17.12,2731,17.17,17.11,17.12,4.7046,605.0
2019-05-17 13:45,{},17.14,2731,17.17,17.11,17.12,4.5102,580.0
2019-05-17 13:50,{},17.14,2731,17.15,17.12,17.14,3.0249,389.0
2019-05-17 13:55,{},17.06,2731,17.14,17.06,17.14,7.4962,964.0
2019-05-17 14:00,{},17.1,2731,17.13,17.05,17.06,5.6066,721.0
2019-05-17 14:05,{},17.03,2731,17.1,17.03,17.1,7.955,1023.0
2019-05-17 14:10,{},17.1,2731,17.1,17.03,17.03,6.7029999999999985,862.0
2019-05-17 14:10,{},17.1,2731,17.1,17.03,17.03,6.702999999999999,862.0
2019-05-17 14:15,{},17.07,2731,17.15,17.07,17.1,4.2069,541.0
2019-05-17 14:20,{},17.04,2731,17.09,17.04,17.07,4.8134,619.0
2019-05-17 14:25,{},16.98,2731,17.09,16.98,17.04,12.0608,1551.0
2019-05-17 14:30,{},16.92,2731,16.98,16.91,16.98,8.266,1063.0
2019-05-17 14:35,{},16.82,2731,16.92,16.67,16.92,11.8042,1518.0
2019-05-17 14:40,{},16.83,2731,16.88,16.8,16.82,6.5242,839.0
2019-05-17 14:45,{},16.65,2731,16.85,16.65,16.83,16.6099,2136.0
2019-05-17 14:50,{},16.72,2731,16.74,16.62,16.65,17.2164,2214.0
2019-05-17 14:55,{},16.74,2731,16.76,16.68,16.72,20.4591,2631.0
2019-05-17 15:00,{},16.75,2731,16.76,16.74,16.74,11.1743,1437.0
2019-05-20 09:35,{},16.31,2731,16.62,16.31,16.53,26.089,3355.0
2019-05-20 09:35,{},16.31,2731,16.62,16.31,16.53,26.089000000000002,3355.0
2019-05-20 09:40,{},16.42,2731,16.46,16.28,16.31,13.0873,1683.0
2019-05-20 09:45,{},16.21,2731,16.42,16.21,16.42,11.9364,1535.0
2019-05-20 09:50,{},15.93,2731,16.21,15.83,16.21,25.879,3328.0
2019-05-20 09:55,{},15.97,2731,15.99,15.92,15.93,10.77,1385.0
2019-05-20 10:00,{},15.97,2731,16.0,15.85,15.97,15.2957,1967.0
2019-05-20 10:05,{},15.99,2731,16.08,15.92,15.97,10.8555,1396.0
2019-05-20 10:10,{},15.91,2731,15.99,15.8,15.99,14.347,1845.0
2019-05-20 10:10,{},15.91,2731,15.99,15.8,15.99,14.347000000000001,1845.0
2019-05-20 10:15,{},15.9,2731,15.93,15.9,15.91,6.5086,837.0
2019-05-20 10:20,{},15.81,2731,15.9,15.8,15.9,13.165,1693.0
2019-05-20 10:25,{},15.87,2731,15.9,15.81,15.81,2.6439,340.0
2019-05-20 10:30,{},16.08,2731,16.08,15.86,15.87,7.6906,989.0
2019-05-20 10:35,{},16.06,2731,16.08,16.0,16.08,7.1463,919.0
2019-05-20 10:40,{},15.95,2731,16.06,15.95,16.06,4.7512,611.0
2019-05-20 10:45,{},16.11,2731,16.11,15.95,15.95,6.6719,858.0
2019-05-20 10:50,{},16.1,2731,16.14,16.0,16.11,14.0515,1807.0
2019-05-20 10:55,{},16.09,2731,16.17,16.06,16.1,6.4153,825.0
2019-05-20 11:00,{},16.07,2731,16.15,16.07,16.09,5.9332,763.0
2019-05-20 11:05,{},16.11,2731,16.15,16.02,16.07,5.28,679.0
2019-05-20 11:10,{},16.13,2731,16.13,16.05,16.11,1.9829,255.0
2019-05-20 11:15,{},16.09,2731,16.13,16.09,16.13,2.605,335.0
2019-05-20 11:20,{},16.1,2731,16.14,16.09,16.09,3.1804,409.0
2019-05-20 11:25,{},16.12,2731,16.13,16.09,16.1,1.1664,150.0
2019-05-20 11:30,{},16.12,2731,16.12,16.08,16.12,1.8896,243.0
2019-05-20 13:05,{},16.04,2731,16.12,16.02,16.12,2.6128,336.0
2019-05-20 13:10,{},16.1,2731,16.11,16.04,16.04,2.4184,311.0
2019-05-20 13:15,{},16.09,2731,16.1,16.09,16.1,1.5552,200.0
2019-05-20 13:20,{},15.98,2731,16.09,15.97,16.09,2.9316,377.0
2019-05-20 13:25,{},16.01,2731,16.01,15.98,15.98,3.8414,494.0
2019-05-20 13:30,{},15.99,2731,16.02,15.99,16.01,3.5381,455.0
2019-05-20 13:35,{},16.03,2731,16.03,15.99,15.99,2.4339,313.0
2019-05-20 13:40,{},16.09,2731,16.1,16.02,16.03,3.0716,395.0
2019-05-20 13:45,{},16.07,2731,16.09,16.04,16.09,0.7154,92.0
2019-05-20 13:50,{},16.0,2731,16.07,15.98,16.07,7.1618,921.0
2019-05-20 13:55,{},15.91,2731,16.01,15.9,16.0,3.6781,473.0
2019-05-20 14:00,{},15.96,2731,15.96,15.91,15.91,5.0467,649.0
2019-05-20 14:05,{},15.96,2731,15.99,15.96,15.96,5.0778,653.0
2019-05-20 14:10,{},15.92,2731,15.97,15.92,15.96,2.8072,361.0
2019-05-20 14:15,{},15.88,2731,15.93,15.87,15.92,4.2458,546.0
2019-05-20 14:20,{},15.8,2731,15.89,15.79,15.88,19.8681,2555.0
2019-05-20 14:25,{},15.88,2731,15.88,15.8,15.8,8.2505,1061.0
2019-05-20 14:30,{},15.83,2731,15.88,15.8,15.88,5.0156,645.0
2019-05-20 14:35,{},15.82,2731,15.86,15.79,15.83,13.6627,1757.0
2019-05-20 14:40,{},15.89,2731,15.9,15.8,15.82,34.2228,4401.0
2019-05-20 14:45,{},15.85,2731,15.89,15.79,15.89,21.5788,2775.0
2019-05-20 14:50,{},15.85,2731,15.85,15.8,15.85,7.5351,969.0
2019-05-20 14:55,{},15.85,2731,15.86,15.81,15.85,11.9597,1538.0
2019-05-20 15:00,{},15.88,2731,15.88,15.85,15.85,12.1852,1567.0
2019-05-21 09:35,{},15.99,2731,16.03,15.77,15.88,18.4995,2379.0
2019-05-21 09:40,{},16.0,2731,16.03,15.96,15.99,7.7295,994.0
2019-05-21 09:45,{},16.1,2731,16.12,15.96,16.0,10.3267,1328.0
2019-05-21 09:50,{},16.08,2731,16.12,16.05,16.1,8.7015,1119.0
2019-05-21 09:55,{},16.04,2731,16.11,16.01,16.08,8.1883,1053.0
2019-05-21 10:00,{},16.05,2731,16.07,16.02,16.04,3.9736,511.0
2019-05-21 10:05,{},16.02,2731,16.07,16.02,16.05,3.0949,398.0
2019-05-21 10:10,{},15.94,2731,16.04,15.93,16.02,6.4853,834.0
2019-05-21 10:15,{},15.98,2731,16.0,15.93,15.94,4.4402,571.0
2019-05-21 10:20,{},15.96,2731,16.0,15.96,15.98,3.4137,439.0
2019-05-21 10:25,{},15.97,2731,16.0,15.95,15.96,4.0358,519.0
2019-05-21 10:30,{},16.04,2731,16.05,15.96,15.97,2.9549,380.0
2019-05-21 10:35,{},16.03,2731,16.08,16.03,16.04,4.7823,615.0
2019-05-21 10:40,{},16.06,2731,16.07,16.02,16.03,5.3578,689.0
2019-05-21 10:45,{},16.12,2731,16.15,16.05,16.06,7.364,947.0
2019-05-21 10:50,{},16.13,2731,16.16,16.12,16.12,16.6254,2138.0
2019-05-21 10:55,{},16.14,2731,16.14,16.1,16.13,2.8772,370.0
2019-05-21 11:00,{},16.15,2731,16.17,16.11,16.14,4.5257,582.0
2019-05-21 11:05,{},16.13,2731,16.16,16.11,16.15,4.4324,570.0
2019-05-21 11:10,{},16.16,2731,16.17,16.12,16.13,3.6626,471.0
2019-05-21 11:15,{},16.15,2731,16.16,16.13,16.16,3.8803,499.0
2019-05-21 11:20,{},16.13,2731,16.2,16.13,16.15,11.0344,1419.0
2019-05-21 11:25,{},16.15,2731,16.17,16.13,16.13,3.3904,436.0
2019-05-21 11:30,{},16.15,2731,16.16,16.13,16.15,3.1182,401.0
2019-05-21 13:05,{},16.16,2731,16.17,16.15,16.15,2.1384,275.0
2019-05-21 13:10,{},16.15,2731,16.16,16.14,16.16,3.4137,439.0
2019-05-21 13:15,{},16.14,2731,16.16,16.14,16.15,5.941,764.0
2019-05-21 13:20,{},16.1,2731,16.14,16.09,16.14,9.6035,1235.0
2019-05-21 13:25,{},16.11,2731,16.11,16.09,16.1,2.1151,272.0
2019-05-21 13:30,{},16.11,2731,16.12,16.1,16.11,1.4153,182.0
2019-05-21 13:35,{},16.14,2731,16.16,16.11,16.11,4.6657,600.0
2019-05-21 13:40,{},16.14,2731,16.15,16.11,16.14,3.5381,455.0
2019-05-21 13:45,{},16.14,2731,16.16,16.12,16.14,2.9472,379.0
2019-05-21 13:50,{},16.14,2731,16.15,16.13,16.14,1.9829,255.0
2019-05-21 13:55,{},16.11,2731,16.16,16.11,16.14,4.4868,577.0
2019-05-21 14:00,{},16.17,2731,16.18,16.11,16.11,7.8073,1004.0
2019-05-21 14:05,{},16.17,2731,16.18,16.13,16.17,4.3002,553.0
2019-05-21 14:10,{},16.17,2731,16.18,16.16,16.17,3.4371,442.0
2019-05-21 14:15,{},16.17,2731,16.18,16.13,16.17,3.2271,415.0
2019-05-21 14:20,{},16.15,2731,16.17,16.15,16.17,1.1353,146.0
2019-05-21 14:25,{},16.14,2731,16.16,16.14,16.15,2.1851,281.0
2019-05-21 14:30,{},16.16,2731,16.16,16.14,16.14,3.787,487.0
2019-05-21 14:35,{},16.15,2731,16.17,16.14,16.16,3.4993,450.0
2019-05-21 14:40,{},16.16,2731,16.16,16.13,16.15,4.4246,569.0
2019-05-21 14:45,{},16.18,2731,16.18,16.15,16.16,5.8788,756.0
2019-05-21 14:50,{},16.25,2731,16.31,16.17,16.18,16.291,2095.0
2019-05-21 14:55,{},16.25,2731,16.26,16.21,16.25,8.0094,1030.0
2019-05-21 15:00,{},16.23,2731,16.26,16.23,16.25,9.9535,1280.0
2019-05-22 09:35,{},16.1,2731,16.22,16.08,16.18,17.2942,2224.0
2019-05-22 09:40,{},16.11,2731,16.17,16.1,16.12,5.21,670.0
2019-05-22 09:45,{},16.16,2731,16.19,16.11,16.11,6.7341,866.0
2019-05-22 09:50,{},16.13,2731,16.17,16.13,16.16,4.9534,637.0
2019-05-22 09:55,{},16.16,2731,16.17,16.13,16.13,5.0934,655.0
2019-05-22 10:00,{},16.19,2731,16.21,16.16,16.16,8.476,1090.0
2019-05-22 10:05,{},16.21,2731,16.22,16.19,16.19,3.0483,392.0
2019-05-22 10:10,{},16.23,2731,16.26,16.2,16.21,10.0001,1286.0
2019-05-22 10:15,{},16.31,2731,16.37,16.23,16.23,11.4932,1478.0
2019-05-22 10:20,{},16.37,2731,16.37,16.29,16.31,8.1805,1052.0
2019-05-22 10:25,{},16.3,2731,16.38,16.27,16.37,12.0375,1548.0
2019-05-22 10:30,{},16.3,2731,16.33,16.28,16.3,3.5148,452.0
2019-05-22 10:35,{},16.28,2731,16.3,16.22,16.3,3.6626,471.0
2019-05-22 10:40,{},16.22,2731,16.28,16.19,16.28,3.2738,421.0
2019-05-22 10:45,{},16.22,2731,16.29,16.22,16.22,5.9799,769.0
2019-05-22 10:50,{},16.25,2731,16.26,16.22,16.22,1.9985,257.0
2019-05-22 10:55,{},16.18,2731,16.25,16.18,16.25,5.4822,705.0
2019-05-22 11:00,{},16.19,2731,16.23,16.17,16.18,3.406,438.0
2019-05-22 11:05,{},16.23,2731,16.23,16.16,16.19,2.605,335.0
2019-05-22 11:10,{},16.23,2731,16.23,16.18,16.23,1.7652,227.0
2019-05-22 11:15,{},16.19,2731,16.23,16.18,16.23,0.381,49.0
2019-05-22 11:20,{},16.15,2731,16.19,16.14,16.19,4.6579,599.0
2019-05-22 11:25,{},16.16,2731,16.16,16.13,16.15,8.6004,1106.0
2019-05-22 11:30,{},16.18,2731,16.2,16.16,16.16,1.0887,140.0
2019-05-22 13:05,{},16.15,2731,16.18,16.14,16.18,3.266,420.0
2019-05-22 13:10,{},16.14,2731,16.18,16.14,16.15,1.9518,251.0
2019-05-22 13:15,{},16.17,2731,16.17,16.14,16.14,1.7652,227.0
2019-05-22 13:20,{},16.15,2731,16.17,16.15,16.17,2.0374,262.0
2019-05-22 13:25,{},16.13,2731,16.17,16.13,16.15,1.6641,214.0
2019-05-22 13:30,{},16.12,2731,16.14,16.1,16.13,4.238,545.0
2019-05-22 13:35,{},16.13,2731,16.13,16.07,16.12,2.9238,376.0
2019-05-22 13:40,{},16.09,2731,16.14,16.09,16.13,3.7792,486.0
2019-05-22 13:45,{},16.04,2731,16.09,16.03,16.09,5.4589,702.0
2019-05-22 13:50,{},16.03,2731,16.06,16.01,16.04,5.6610000000000005,728.0
2019-05-22 13:55,{},16.0,2731,16.03,15.96,16.03,7.364,947.0
2019-05-22 14:00,{},16.01,2731,16.04,15.99,16.0,1.6952,218.0
2019-05-22 14:05,{},16.01,2731,16.05,16.0,16.01,2.1229,273.0
2019-05-22 14:10,{},15.94,2731,16.01,15.9,16.01,4.2847,551.0
2019-05-22 14:15,{},15.86,2731,15.94,15.85,15.94,6.6175,851.0
2019-05-22 14:20,{},15.87,2731,15.89,15.81,15.86,13.8571,1782.0
2019-05-22 14:25,{},15.94,2731,15.94,15.87,15.87,2.014,259.0
2019-05-22 14:25,{},15.94,2731,15.94,15.87,15.87,2.0140000000000002,259.0
2019-05-22 14:30,{},15.9,2731,15.95,15.88,15.94,7.053,907.0
2019-05-22 14:35,{},15.98,2731,15.98,15.9,15.9,7.5506,971.0
2019-05-22 14:40,{},16.01,2731,16.02,15.98,15.98,4.1058,528.0
2019-05-22 14:45,{},15.95,2731,16.03,15.95,16.01,3.9581,509.0
2019-05-22 14:50,{},15.98,2731,15.98,15.88,15.95,5.9332,763.0
2019-05-22 14:55,{},15.97,2731,15.98,15.9,15.98,4.8601,625.0
2019-05-22 15:00,{},15.95,2731,15.98,15.95,15.97,5.1711,665.0
2019-05-23 09:35,{},15.82,2731,15.96,15.78,15.96,18.6939,2404.0
2019-05-23 09:40,{},15.76,2731,15.82,15.65,15.82,9.0981,1170.0
2019-05-23 09:45,{},15.66,2731,15.78,15.62,15.76,9.4947,1221.0
2019-05-23 09:50,{},15.69,2731,15.72,15.66,15.66,7.6051,978.0
2019-05-23 09:55,{},15.65,2731,15.69,15.56,15.69,16.4232,2112.0
2019-05-23 10:00,{},15.61,2731,15.68,15.6,15.65,7.815,1005.0
2019-05-23 10:05,{},15.69,2731,15.69,15.58,15.61,9.6269,1238.0
2019-05-23 10:10,{},15.66,2731,15.69,15.62,15.69,5.8166,748.0
2019-05-23 10:15,{},15.66,2731,15.7,15.66,15.66,2.3484,302.0
2019-05-23 10:20,{},15.64,2731,15.7,15.64,15.66,2.745,353.0
2019-05-23 10:25,{},15.69,2731,15.71,15.61,15.64,3.3282,428.0
2019-05-23 10:30,{},15.7,2731,15.71,15.66,15.69,2.154,277.0
2019-05-23 10:35,{},15.73,2731,15.73,15.67,15.7,1.6641,214.0
2019-05-23 10:40,{},15.72,2731,15.74,15.68,15.73,2.9394,378.0
2019-05-23 10:45,{},15.77,2731,15.78,15.7,15.72,2.5972,334.0
2019-05-23 10:50,{},15.8,2731,15.83,15.77,15.77,3.6315,467.0
2019-05-23 10:55,{},15.8,2731,15.82,15.79,15.8,2.5661,330.0
2019-05-23 11:00,{},15.79,2731,15.8,15.72,15.8,6.6719,858.0
2019-05-23 11:05,{},15.75,2731,15.79,15.75,15.79,0.6687,86.0
2019-05-23 11:10,{},15.71,2731,15.77,15.71,15.75,1.6408,211.0
2019-05-23 11:15,{},15.72,2731,15.75,15.71,15.71,1.8507,238.0
2019-05-23 11:20,{},15.73,2731,15.73,15.71,15.72,1.3453,173.0
2019-05-23 11:25,{},15.73,2731,15.74,15.72,15.73,1.0265,132.0
2019-05-23 11:30,{},15.79,2731,15.8,15.72,15.73,1.6874,217.0
2019-05-23 13:05,{},15.69,2731,15.8,15.69,15.79,5.9177,761.0
2019-05-23 13:10,{},15.75,2731,15.75,15.69,15.69,4.5489999999999995,585.0
2019-05-23 13:10,{},15.75,2731,15.75,15.69,15.69,4.549,585.0
2019-05-23 13:15,{},15.73,2731,15.75,15.7,15.75,3.3126,426.0
2019-05-23 13:20,{},15.73,2731,15.73,15.71,15.73,0.9331,120.0
2019-05-23 13:25,{},15.68,2731,15.74,15.68,15.73,3.7014,476.0
2019-05-23 13:30,{},15.68,2731,15.72,15.67,15.68,1.703,219.0
2019-05-23 13:35,{},15.72,2731,15.72,15.67,15.68,3.8181,491.0
2019-05-23 13:40,{},15.69,2731,15.75,15.69,15.72,2.9005,373.0
2019-05-23 13:45,{},15.69,2731,15.71,15.67,15.69,2.9938,385.0
2019-05-23 13:50,{},15.65,2731,15.7,15.65,15.69,5.4977,707.0
2019-05-23 13:55,{},15.58,2731,15.69,15.58,15.65,7.6284,981.0
2019-05-23 14:00,{},15.64,2731,15.66,15.58,15.58,2.6283,338.0
2019-05-23 14:05,{},15.69,2731,15.71,15.62,15.64,4.0047,515.0
2019-05-23 14:10,{},15.69,2731,15.74,15.65,15.69,4.829,621.0
2019-05-23 14:15,{},15.65,2731,15.7,15.65,15.69,4.4013,566.0
2019-05-23 14:20,{},15.7,2731,15.7,15.61,15.65,1.6874,217.0
2019-05-23 14:25,{},15.68,2731,15.72,15.68,15.7,1.6874,217.0
2019-05-23 14:30,{},15.69,2731,15.7,15.68,15.68,1.0576,136.0
2019-05-23 14:35,{},15.64,2731,15.69,15.6,15.69,3.0327,390.0
2019-05-23 14:40,{},15.61,2731,15.65,15.6,15.64,3.1260000000000003,402.0
2019-05-23 14:45,{},15.57,2731,15.61,15.53,15.61,9.969,1282.0
2019-05-23 14:50,{},15.61,2731,15.65,15.56,15.57,5.1556,663.0
2019-05-23 14:55,{},15.54,2731,15.63,15.53,15.61,9.6813,1245.0
2019-05-23 15:00,{},15.57,2731,15.58,15.54,15.54,5.8243,749.0
2019-05-24 09:35,{},15.57,2731,15.68,15.37,15.57,14.8291,1907.0
2019-05-24 09:40,{},15.58,2731,15.7,15.57,15.57,7.0141,902.0
2019-05-24 09:45,{},15.62,2731,15.67,15.58,15.58,4.1991,540.0
2019-05-24 09:50,{},15.58,2731,15.65,15.55,15.62,4.0203,517.0
2019-05-24 09:55,{},15.64,2731,15.64,15.57,15.58,4.0203,517.0
2019-05-24 10:00,{},15.6,2731,15.64,15.59,15.64,2.6283,338.0
2019-05-24 10:05,{},15.53,2731,15.61,15.52,15.6,2.465,317.0
2019-05-24 10:10,{},15.46,2731,15.55,15.45,15.53,5.1245,659.0
2019-05-24 10:15,{},15.49,2731,15.51,15.42,15.46,4.0747,524.0
2019-05-24 10:20,{},15.55,2731,15.55,15.47,15.49,1.5397,198.0
2019-05-24 10:25,{},15.47,2731,15.55,15.46,15.55,1.3764,177.0
2019-05-24 10:30,{},15.47,2731,15.55,15.47,15.47,2.9549,380.0
2019-05-24 10:35,{},15.52,2731,15.52,15.47,15.47,0.7621,98.0
2019-05-24 10:40,{},15.49,2731,15.52,15.43,15.52,5.5055,708.0
2019-05-24 10:45,{},15.52,2731,15.53,15.47,15.49,2.9005,373.0
2019-05-24 10:50,{},15.48,2731,15.53,15.47,15.52,0.451,58.0
2019-05-24 10:55,{},15.56,2731,15.56,15.48,15.48,1.6019,206.0
2019-05-24 11:00,{},15.58,2731,15.59,15.55,15.56,2.0996,270.0
2019-05-24 11:05,{},15.56,2731,15.58,15.54,15.58,1.5941,205.0
2019-05-24 11:10,{},15.54,2731,15.57,15.52,15.56,2.605,335.0
2019-05-24 11:15,{},15.52,2731,15.54,15.51,15.54,1.8118,233.0
2019-05-24 11:20,{},15.52,2731,15.52,15.51,15.52,0.8787,113.0
2019-05-24 11:25,{},15.52,2731,15.53,15.51,15.52,0.4666,60.0
2019-05-24 11:30,{},15.48,2731,15.52,15.48,15.52,1.2597,162.0
2019-05-24 13:05,{},15.47,2731,15.49,15.45,15.48,2.0607,265.0
2019-05-24 13:10,{},15.45,2731,15.47,15.44,15.47,3.4682,446.0
2019-05-24 13:15,{},15.46,2731,15.5,15.45,15.45,1.3297,171.0
2019-05-24 13:20,{},15.45,2731,15.48,15.44,15.46,2.3951,308.0
2019-05-24 13:25,{},15.47,2731,15.47,15.44,15.45,3.1493,405.0
2019-05-24 13:30,{},15.51,2731,15.51,15.45,15.47,2.7761,357.0
2019-05-24 13:35,{},15.51,2731,15.51,15.49,15.51,1.1042,142.0
2019-05-24 13:40,{},15.5,2731,15.51,15.5,15.51,1.0342,133.0
2019-05-24 13:45,{},15.44,2731,15.5,15.44,15.5,2.3873,307.0
2019-05-24 13:50,{},15.47,2731,15.48,15.44,15.44,1.6952,218.0
2019-05-24 13:55,{},15.46,2731,15.48,15.46,15.47,0.8398,108.0
2019-05-24 14:00,{},15.43,2731,15.46,15.42,15.46,1.6408,211.0
2019-05-24 14:05,{},15.46,2731,15.47,15.43,15.43,2.1851,281.0
2019-05-24 14:10,{},15.42,2731,15.46,15.41,15.46,3.4604,445.0
2019-05-24 14:15,{},15.42,2731,15.42,15.4,15.42,4.3391,558.0
2019-05-24 14:20,{},15.43,2731,15.47,15.42,15.42,1.3764,177.0
2019-05-24 14:25,{},15.46,2731,15.46,15.42,15.43,6.5864,847.0
2019-05-24 14:30,{},15.5,2731,15.59,15.46,15.46,10.5211,1353.0
2019-05-24 14:35,{},15.48,2731,15.5,15.48,15.5,2.1929,282.0
2019-05-24 14:40,{},15.48,2731,15.49,15.45,15.48,3.3437,430.0
2019-05-24 14:45,{},15.46,2731,15.48,15.45,15.48,1.9829,255.0
2019-05-24 14:50,{},15.43,2731,15.46,15.42,15.46,3.5537,457.0
2019-05-24 14:55,{},15.42,2731,15.43,15.4,15.43,8.4293,1084.0
2019-05-24 15:00,{},15.42,2731,15.42,15.41,15.42,7.8695,1012.0
2019-05-27 09:35,{},15.41,2731,15.47,15.37,15.37,11.9986,1543.0
2019-05-27 09:40,{},15.46,2731,15.5,15.4,15.44,16.2599,2091.0
2019-05-27 09:45,{},15.51,2731,15.55,15.45,15.46,3.787,487.0
2019-05-27 09:50,{},15.47,2731,15.51,15.45,15.51,3.1027,399.0
2019-05-27 09:55,{},15.49,2731,15.5,15.46,15.47,2.0762,267.0
2019-05-27 10:00,{},15.54,2731,15.55,15.49,15.49,7.4496,958.0
2019-05-27 10:05,{},15.52,2731,15.54,15.49,15.54,4.6657,600.0
2019-05-27 10:10,{},15.52,2731,15.54,15.5,15.52,3.717,478.0
2019-05-27 10:15,{},15.56,2731,15.59,15.52,15.52,3.5693,459.0
2019-05-27 10:20,{},15.57,2731,15.62,15.56,15.56,4.4557,573.0
2019-05-27 10:25,{},15.54,2731,15.57,15.52,15.57,2.4339,313.0
2019-05-27 10:30,{},15.54,2731,15.57,15.52,15.54,3.6626,471.0
2019-05-27 10:35,{},15.57,2731,15.58,15.53,15.54,1.9518,251.0
2019-05-27 10:40,{},15.54,2731,15.57,15.54,15.57,1.2597,162.0
2019-05-27 10:45,{},15.56,2731,15.56,15.53,15.54,1.5863,204.0
2019-05-27 10:50,{},15.52,2731,15.56,15.52,15.56,1.5941,205.0
2019-05-27 10:55,{},15.51,2731,15.53,15.5,15.52,1.3608,175.0
2019-05-27 11:00,{},15.46,2731,15.51,15.45,15.51,2.0451,263.0
2019-05-27 11:05,{},15.46,2731,15.47,15.46,15.46,1.2131,156.0
2019-05-27 11:10,{},15.5,2731,15.52,15.43,15.46,3.7326,480.0
2019-05-27 11:15,{},15.52,2731,15.52,15.48,15.5,2.1773,280.0
2019-05-27 11:20,{},15.5,2731,15.52,15.5,15.52,2.1695,279.0
2019-05-27 11:25,{},15.56,2731,15.56,15.5,15.5,4.5102,580.0
2019-05-27 11:30,{},15.61,2731,15.62,15.56,15.56,5.9488,765.0
2019-05-27 13:05,{},15.6,2731,15.63,15.57,15.61,3.7403,481.0
2019-05-27 13:10,{},15.64,2731,15.66,15.6,15.6,6.7497,868.0
2019-05-27 13:15,{},15.69,2731,15.7,15.64,15.64,4.7357,609.0
2019-05-27 13:20,{},15.65,2731,15.7,15.64,15.69,2.8927,372.0
2019-05-27 13:25,{},15.62,2731,15.65,15.62,15.65,2.4028,309.0
2019-05-27 13:30,{},15.7,2731,15.72,15.62,15.62,3.4526,444.0
2019-05-27 13:35,{},15.65,2731,15.7,15.64,15.7,5.4977,707.0
2019-05-27 13:40,{},15.78,2731,15.88,15.65,15.65,14.5258,1868.0
2019-05-27 13:45,{},15.76,2731,15.83,15.72,15.78,4.2691,549.0
2019-05-27 13:50,{},15.79,2731,15.79,15.75,15.76,6.2754,807.0
2019-05-27 13:55,{},15.79,2731,15.81,15.78,15.79,1.8896,243.0
2019-05-27 14:00,{},15.8,2731,15.82,15.78,15.79,2.6517,341.0
2019-05-27 14:05,{},15.78,2731,15.8,15.75,15.8,2.2007,283.0
2019-05-27 14:10,{},15.8,2731,15.8,15.77,15.78,2.8694,369.0
2019-05-27 14:15,{},15.81,2731,15.85,15.8,15.8,3.3126,426.0
2019-05-27 14:20,{},15.82,2731,15.82,15.79,15.81,3.0094,387.0
2019-05-27 14:25,{},15.8,2731,15.84,15.8,15.82,3.7481,482.0
2019-05-27 14:30,{},15.8,2731,15.81,15.79,15.8,1.1975,154.0
2019-05-27 14:35,{},15.8,2731,15.82,15.8,15.8,2.9316,377.0
2019-05-27 14:40,{},15.78,2731,15.81,15.77,15.8,4.7357,609.0
2019-05-27 14:45,{},15.76,2731,15.78,15.75,15.78,3.7792,486.0
2019-05-27 14:50,{},15.78,2731,15.78,15.76,15.76,2.7061,348.0
2019-05-27 14:55,{},15.86,2731,15.86,15.77,15.78,11.5087,1480.0
2019-05-27 15:00,{},15.87,2731,15.87,15.83,15.86,7.7528,997.0
2019-05-28 09:35,{},15.86,2731,15.93,15.78,15.84,7.8695,1012.0
2019-05-28 09:40,{},15.89,2731,15.93,15.86,15.86,10.1634,1307.0
2019-05-28 09:45,{},15.9,2731,15.9,15.86,15.89,7.7995,1003.0
2019-05-28 09:50,{},15.94,2731,15.94,15.89,15.9,3.9036,502.0
2019-05-28 09:55,{},15.85,2731,15.94,15.85,15.94,6.8819,885.0
2019-05-28 10:00,{},15.91,2731,15.92,15.82,15.85,6.6175,851.0
2019-05-28 10:05,{},15.86,2731,15.93,15.86,15.91,4.1525,534.0
2019-05-28 10:10,{},15.92,2731,15.95,15.86,15.86,3.3437,430.0
2019-05-28 10:15,{},15.84,2731,15.93,15.8,15.92,9.9924,1285.0
2019-05-28 10:20,{},15.82,2731,15.85,15.8,15.84,5.3344,686.0
2019-05-28 10:25,{},15.9,2731,15.91,15.82,15.82,4.3624,561.0
2019-05-28 10:30,{},15.9,2731,15.92,15.88,15.9,3.4448,443.0
2019-05-28 10:35,{},15.88,2731,15.9,15.86,15.9,2.1073,271.0
2019-05-28 10:40,{},15.92,2731,15.92,15.87,15.88,2.8072,361.0
2019-05-28 10:45,{},15.91,2731,15.92,15.88,15.92,1.3375,172.0
2019-05-28 10:50,{},15.91,2731,15.91,15.88,15.91,1.2209,157.0
2019-05-28 10:55,{},15.93,2731,15.93,15.9,15.91,2.8461,366.0
2019-05-28 11:00,{},15.91,2731,15.93,15.91,15.93,1.9751,254.0
2019-05-28 11:05,{},15.9,2731,15.91,15.87,15.91,1.6796,216.0
2019-05-28 11:10,{},15.85,2731,15.9,15.85,15.9,4.5335,583.0
2019-05-28 11:15,{},15.86,2731,15.88,15.85,15.85,2.7839,358.0
2019-05-28 11:20,{},15.87,2731,15.9,15.86,15.86,2.2784,293.0
2019-05-28 11:25,{},15.89,2731,15.9,15.85,15.87,2.9783,383.0
2019-05-28 11:30,{},15.87,2731,15.9,15.86,15.89,1.423,183.0
2019-05-28 13:05,{},15.86,2731,15.9,15.86,15.87,2.6828,345.0
2019-05-28 13:10,{},15.88,2731,15.88,15.86,15.86,1.1353,146.0
2019-05-28 13:15,{},15.9,2731,15.9,15.87,15.88,2.224,286.0
2019-05-28 13:20,{},15.91,2731,15.91,15.89,15.9,2.5739,331.0
2019-05-28 13:25,{},15.96,2731,15.99,15.91,15.91,7.7217,993.0
2019-05-28 13:30,{},15.95,2731,15.98,15.95,15.96,5.0078,644.0
2019-05-28 13:35,{},15.93,2731,15.95,15.91,15.95,5.7388,738.0
2019-05-28 13:40,{},15.9,2731,15.94,15.9,15.93,1.8041,232.0
2019-05-28 13:45,{},15.89,2731,15.9,15.86,15.9,4.5413,584.0
2019-05-28 13:50,{},15.87,2731,15.9,15.87,15.89,2.0296,261.0
2019-05-28 13:55,{},15.89,2731,15.89,15.87,15.87,1.112,143.0
2019-05-28 14:00,{},15.86,2731,15.89,15.85,15.89,3.6315,467.0
2019-05-28 14:05,{},15.84,2731,15.89,15.84,15.86,3.1338,403.0
2019-05-28 14:10,{},15.84,2731,15.85,15.83,15.84,4.0047,515.0
2019-05-28 14:15,{},15.85,2731,15.85,15.84,15.84,1.6019,206.0
2019-05-28 14:20,{},15.85,2731,15.86,15.83,15.85,10.6222,1366.0
2019-05-28 14:25,{},15.85,2731,15.86,15.84,15.85,1.8429,237.0
2019-05-28 14:30,{},15.86,2731,15.91,15.83,15.85,9.1214,1173.0
2019-05-28 14:35,{},15.84,2731,15.87,15.83,15.86,3.7403,481.0
2019-05-28 14:40,{},15.8,2731,15.86,15.8,15.84,4.899,630.0
2019-05-28 14:45,{},15.77,2731,15.82,15.74,15.8,8.5926,1105.0
2019-05-28 14:50,{},15.74,2731,15.79,15.72,15.77,4.3624,561.0
2019-05-28 14:55,{},15.81,2731,15.91,15.72,15.74,8.927,1148.0
2019-05-28 15:00,{},15.87,2731,15.89,15.81,15.81,3.5537,457.0
2019-05-29 09:35,{},15.92,2731,15.94,15.86,15.87,14.8602,1911.0
2019-05-29 09:40,{},15.94,2731,15.94,15.91,15.92,3.5304,454.0
2019-05-29 09:45,{},15.91,2731,15.94,15.9,15.94,4.8912,629.0
2019-05-29 09:50,{},16.03,2731,16.03,15.91,15.91,5.9954,771.0
2019-05-29 09:55,{},15.99,2731,16.05,15.99,16.03,5.3189,684.0
2019-05-29 10:00,{},15.97,2731,16.01,15.97,15.99,3.9347,506.0
2019-05-29 10:05,{},16.01,2731,16.02,15.97,15.97,3.0871,397.0
2019-05-29 10:10,{},16.0,2731,16.02,15.99,16.01,3.1105,400.0
2019-05-29 10:15,{},16.24,2731,16.24,16.0,16.0,9.1525,1177.0
2019-05-29 10:20,{},16.14,2731,16.24,16.14,16.24,15.3346,1972.0
2019-05-29 10:25,{},16.15,2731,16.16,16.08,16.14,8.1027,1042.0
2019-05-29 10:30,{},16.14,2731,16.15,16.1,16.15,1.9052,245.0
2019-05-29 10:35,{},16.11,2731,16.15,16.08,16.14,3.8103,490.0
2019-05-29 10:40,{},16.09,2731,16.15,16.09,16.11,4.4946,578.0
2019-05-29 10:45,{},16.1,2731,16.11,16.06,16.09,4.9379,635.0
2019-05-29 10:50,{},16.19,2731,16.19,16.1,16.1,3.8492,495.0
2019-05-29 10:55,{},16.14,2731,16.2,16.14,16.19,5.8166,748.0
2019-05-29 11:00,{},16.15,2731,16.17,16.14,16.14,1.7652,227.0
2019-05-29 11:05,{},16.15,2731,16.15,16.13,16.15,1.0498,135.0
2019-05-29 11:10,{},16.15,2731,16.15,16.13,16.15,0.9176,118.0
2019-05-29 11:15,{},16.13,2731,16.16,16.13,16.15,2.5117,323.0
2019-05-29 11:20,{},16.16,2731,16.16,16.13,16.13,0.4977,64.0
2019-05-29 11:25,{},16.16,2731,16.16,16.13,16.16,1.9285,248.0
2019-05-29 11:30,{},16.15,2731,16.17,16.14,16.16,2.1618,278.0
2019-05-29 13:05,{},16.19,2731,16.19,16.15,16.15,3.5069999999999997,451.0
2019-05-29 13:05,{},16.19,2731,16.19,16.15,16.15,3.507,451.0
2019-05-29 13:10,{},16.13,2731,16.2,16.13,16.19,5.1245,659.0
2019-05-29 13:15,{},16.15,2731,16.15,16.13,16.13,1.2131,156.0
2019-05-29 13:20,{},16.12,2731,16.15,16.12,16.15,3.1105,400.0
2019-05-29 13:25,{},16.15,2731,16.15,16.12,16.12,1.2209,157.0
2019-05-29 13:30,{},16.16,2731,16.17,16.14,16.15,0.591,76.0
2019-05-29 13:35,{},16.16,2731,16.18,16.16,16.16,3.7014,476.0
2019-05-29 13:40,{},16.18,2731,16.18,16.15,16.16,2.605,335.0
2019-05-29 13:45,{},16.16,2731,16.21,16.16,16.18,3.9425,507.0
2019-05-29 13:50,{},16.16,2731,16.18,16.16,16.16,0.8476,109.0
2019-05-29 13:55,{},16.12,2731,16.16,16.12,16.16,1.5397,198.0
2019-05-29 14:00,{},16.1,2731,16.14,16.1,16.12,2.2629,291.0
2019-05-29 14:05,{},16.06,2731,16.1,16.0,16.1,7.1152,915.0
2019-05-29 14:10,{},16.06,2731,16.1,16.06,16.06,1.4464,186.0
2019-05-29 14:15,{},16.01,2731,16.06,16.0,16.06,7.5351,969.0
2019-05-29 14:20,{},16.02,2731,16.03,16.01,16.01,2.9472,379.0
2019-05-29 14:25,{},15.99,2731,16.03,15.97,16.02,6.011,773.0
2019-05-29 14:30,{},16.02,2731,16.03,15.97,15.99,2.4106,310.0
2019-05-29 14:35,{},16.01,2731,16.02,15.97,16.02,4.1214,530.0
2019-05-29 14:40,{},16.0,2731,16.01,16.0,16.01,2.7294,351.0
2019-05-29 14:45,{},15.98,2731,16.03,15.98,16.0,3.0249,389.0
2019-05-29 14:50,{},15.96,2731,15.98,15.95,15.98,3.1493,405.0
2019-05-29 14:55,{},15.98,2731,15.99,15.94,15.96,7.364,947.0
2019-05-29 15:00,{},16.06,2731,16.13,15.97,15.98,13.7094,1763.0
2019-05-30 09:35,{},15.81,2731,16.04,15.81,16.04,12.8462,1652.0
2019-05-30 09:40,{},15.85,2731,15.9,15.81,15.81,4.6113,593.0
2019-05-30 09:45,{},15.86,2731,15.9,15.84,15.85,4.4324,570.0
2019-05-30 09:50,{},15.87,2731,15.88,15.84,15.86,3.0794,396.0
2019-05-30 09:55,{},15.92,2731,15.92,15.87,15.87,2.4339,313.0
2019-05-30 10:00,{},15.87,2731,15.96,15.87,15.92,2.9783,383.0
2019-05-30 10:05,{},15.91,2731,15.91,15.87,15.87,1.4153,182.0
2019-05-30 10:10,{},15.94,2731,15.94,15.89,15.91,2.084,268.0
2019-05-30 10:15,{},15.94,2731,15.95,15.91,15.94,1.8118,233.0
2019-05-30 10:20,{},15.94,2731,15.96,15.92,15.94,1.5163,195.0
2019-05-30 10:25,{},15.92,2731,15.95,15.92,15.94,4.2691,549.0
2019-05-30 10:30,{},15.88,2731,15.92,15.86,15.92,5.2956,681.0
2019-05-30 10:35,{},15.92,2731,15.92,15.88,15.88,2.7372,352.0
2019-05-30 10:40,{},15.9,2731,15.92,15.9,15.92,1.9674,253.0
2019-05-30 10:45,{},15.92,2731,15.92,15.88,15.9,3.4526,444.0
2019-05-30 10:50,{},15.92,2731,15.92,15.91,15.92,0.3033,39.0
2019-05-30 10:55,{},15.94,2731,15.94,15.9,15.92,2.084,268.0
2019-05-30 11:00,{},15.92,2731,16.0,15.92,15.94,8.3982,1080.0
2019-05-30 11:05,{},15.98,2731,15.98,15.92,15.92,4.5024,579.0
2019-05-30 11:10,{},15.99,2731,15.99,15.96,15.98,1.1664,150.0
2019-05-30 11:15,{},15.95,2731,15.99,15.95,15.99,1.1431,147.0
2019-05-30 11:20,{},15.94,2731,15.97,15.94,15.95,1.5397,198.0
2019-05-30 11:25,{},15.97,2731,15.97,15.92,15.94,1.3686,176.0
2019-05-30 11:30,{},15.96,2731,15.97,15.94,15.97,0.3577,46.0
2019-05-30 13:05,{},15.94,2731,15.96,15.94,15.96,0.7854,101.0
2019-05-30 13:10,{},15.94,2731,15.94,15.93,15.94,0.6609999999999999,85.0
2019-05-30 13:15,{},15.94,2731,15.94,15.92,15.94,1.0187,131.0
2019-05-30 13:20,{},15.94,2731,15.94,15.91,15.94,2.084,268.0
2019-05-30 13:25,{},15.85,2731,15.94,15.85,15.94,4.4013,566.0
2019-05-30 13:30,{},15.86,2731,15.89,15.85,15.85,1.6641,214.0
2019-05-30 13:35,{},15.83,2731,15.87,15.83,15.86,1.6563,213.0
2019-05-30 13:40,{},15.76,2731,15.83,15.71,15.83,12.6829,1631.0
2019-05-30 13:45,{},15.77,2731,15.81,15.75,15.76,2.7683,356.0
2019-05-30 13:50,{},15.77,2731,15.81,15.76,15.77,1.493,192.0
2019-05-30 13:55,{},15.76,2731,15.77,15.71,15.77,5.6377,725.0
2019-05-30 14:00,{},15.78,2731,15.78,15.74,15.76,3.1416,404.0
2019-05-30 14:05,{},15.76,2731,15.8,15.76,15.78,0.7232,93.0
2019-05-30 14:10,{},15.79,2731,15.83,15.76,15.76,1.2131,156.0
2019-05-30 14:15,{},15.79,2731,15.82,15.79,15.79,1.7652,227.0
2019-05-30 14:20,{},15.73,2731,15.79,15.7,15.79,5.0467,649.0
2019-05-30 14:25,{},15.8,2731,15.8,15.73,15.73,2.4417,314.0
2019-05-30 14:30,{},15.81,2731,15.81,15.8,15.8,1.4852,191.0
2019-05-30 14:35,{},15.8,2731,15.82,15.79,15.81,2.2784,293.0
2019-05-30 14:40,{},15.84,2731,15.84,15.79,15.8,2.4884,320.0
2019-05-30 14:45,{},15.83,2731,15.87,15.82,15.84,1.5163,195.0
2019-05-30 14:50,{},15.81,2731,15.84,15.79,15.83,5.7855,744.0
2019-05-30 14:55,{},15.82,2731,15.82,15.8,15.81,4.4557,573.0
2019-05-30 15:00,{},15.81,2731,15.82,15.78,15.82,6.9129999999999985,889.0
2019-05-30 15:00,{},15.81,2731,15.82,15.78,15.82,6.912999999999999,889.0
2019-05-31 09:35,{},15.95,2731,15.96,15.84,15.85,6.2909,809.0
2019-05-31 09:40,{},16.0,2731,16.0,15.93,15.95,3.6004,463.0
2019-05-31 09:45,{},15.95,2731,16.05,15.94,16.0,4.6657,600.0
2019-05-31 09:50,{},15.97,2731,15.98,15.94,15.95,1.6641,214.0
2019-05-31 09:55,{},15.97,2731,15.97,15.96,15.97,1.4852,191.0
2019-05-31 10:00,{},15.98,2731,15.98,15.97,15.97,4.2069,541.0
2019-05-31 10:05,{},15.99,2731,16.0,15.97,15.98,2.5428,327.0
2019-05-31 10:10,{},15.98,2731,15.99,15.98,15.99,2.2318,287.0
2019-05-31 10:15,{},16.0,2731,16.0,15.98,15.98,2.9627,381.0
2019-05-31 10:20,{},16.01,2731,16.05,15.99,16.0,5.8477,752.0
2019-05-31 10:25,{},15.99,2731,16.01,15.99,16.01,1.7108,220.0
2019-05-31 10:30,{},15.99,2731,16.01,15.99,15.99,2.9316,377.0
2019-05-31 10:35,{},15.99,2731,16.0,15.98,15.99,1.5630000000000002,201.0
2019-05-31 10:40,{},16.0,2731,16.0,15.99,15.99,1.2209,157.0
2019-05-31 10:45,{},15.95,2731,16.0,15.95,16.0,3.4448,443.0
2019-05-31 10:50,{},15.95,2731,15.97,15.94,15.95,0.972,125.0
2019-05-31 10:55,{},15.95,2731,15.96,15.95,15.95,0.1944,25.0
2019-05-31 11:00,{},15.95,2731,15.96,15.94,15.95,1.3842,178.0
2019-05-31 11:05,{},15.9,2731,15.95,15.89,15.95,1.8041,232.0
2019-05-31 11:10,{},15.89,2731,15.92,15.88,15.9,2.2084,284.0
2019-05-31 11:15,{},15.9,2731,15.91,15.89,15.89,2.8227,363.0
2019-05-31 11:20,{},15.93,2731,15.99,15.9,15.9,2.7139,349.0
2019-05-31 11:25,{},16.02,2731,16.05,15.93,15.93,5.3733,691.0
2019-05-31 11:30,{},16.02,2731,16.03,16.0,16.02,0.4743,61.0
2019-05-31 13:05,{},16.02,2731,16.05,16.01,16.02,1.6641,214.0
2019-05-31 13:10,{},16.03,2731,16.03,16.01,16.02,1.3997,180.0
2019-05-31 13:15,{},16.04,2731,16.04,16.02,16.03,2.7761,357.0
2019-05-31 13:20,{},16.04,2731,16.05,16.04,16.04,1.5163,195.0
2019-05-31 13:25,{},15.99,2731,16.04,15.99,16.04,2.5506,328.0
2019-05-31 13:30,{},15.99,2731,16.01,15.99,15.99,0.6532,84.0
2019-05-31 13:35,{},16.0,2731,16.01,15.98,15.99,1.9207,247.0
2019-05-31 13:40,{},15.91,2731,16.0,15.91,16.0,2.6283,338.0
2019-05-31 13:45,{},15.93,2731,15.96,15.9,15.91,3.3049,425.0
2019-05-31 13:50,{},15.89,2731,15.93,15.89,15.93,2.8616,368.0
2019-05-31 13:55,{},15.86,2731,15.92,15.86,15.89,4.689,603.0
2019-05-31 14:00,{},15.84,2731,15.87,15.82,15.86,5.0778,653.0
2019-05-31 14:05,{},15.85,2731,15.88,15.84,15.84,3.4993,450.0
2019-05-31 14:15,{},15.86,2731,15.91,15.86,15.86,1.2831,165.0
2019-05-31 14:20,{},15.89,2731,15.89,15.85,15.86,3.0638,394.0
2019-05-31 14:25,{},15.9,2731,15.92,15.89,15.89,0.7076,91.0
2019-05-31 14:30,{},15.91,2731,15.92,15.88,15.9,2.5895,333.0
2019-05-31 14:35,{},15.87,2731,15.91,15.87,15.91,1.252,161.0
2019-05-31 14:40,{},15.88,2731,15.88,15.86,15.87,2.2784,293.0
2019-05-31 14:45,{},15.9,2731,15.93,15.88,15.88,4.4246,569.0
2019-05-31 14:50,{},15.88,2731,15.9,15.87,15.9,3.5148,452.0
2019-05-31 14:55,{},15.89,2731,15.89,15.86,15.88,4.5179,581.0
2019-05-31 15:00,{},15.91,2731,15.93,15.89,15.89,9.3314,1200.0
2019-06-03 09:35,{},15.99,2731,16.1,15.96,15.96,20.1558,2592.0
2019-06-03 09:40,{},15.99,2731,16.01,15.98,15.99,5.4278,698.0
2019-06-03 09:45,{},16.05,2731,16.06,15.99,15.99,5.6999,733.0
2019-06-03 09:50,{},16.05,2731,16.07,16.03,16.05,7.053,907.0
2019-06-03 09:55,{},16.0,2731,16.05,16.0,16.05,2.9627,381.0
2019-06-03 10:00,{},15.97,2731,16.01,15.95,16.0,3.5926,462.0
2019-06-03 10:05,{},15.96,2731,15.99,15.95,15.97,1.3142,169.0
2019-06-03 10:10,{},15.97,2731,16.02,15.96,15.96,2.4728,318.0
2019-06-03 10:15,{},15.95,2731,15.99,15.95,15.97,6.2209,800.0
2019-06-03 10:20,{},16.28,2731,16.35,15.94,15.95,38.4764,4948.0
2019-06-03 10:25,{},16.15,2731,16.29,16.12,16.28,12.2397,1574.0
2019-06-03 10:30,{},16.16,2731,16.21,16.15,16.15,7.644,983.0
2019-06-03 10:35,{},16.13,2731,16.16,16.07,16.16,6.983,898.0
2019-06-03 10:40,{},16.1,2731,16.14,16.09,16.13,7.9861,1027.0
2019-06-03 10:45,{},16.1,2731,16.11,16.09,16.1,7.6673,986.0
2019-06-03 10:50,{},16.09,2731,16.11,16.09,16.1,10.5367,1355.0
2019-06-03 10:55,{},16.05,2731,16.1,16.03,16.09,5.49,706.0
2019-06-03 11:00,{},16.07,2731,16.08,16.02,16.05,3.2893,423.0
2019-06-03 11:05,{},16.02,2731,16.07,16.02,16.07,3.2504,418.0
2019-06-03 11:10,{},16.0,2731,16.02,15.98,16.02,3.8492,495.0
2019-06-03 11:15,{},15.99,2731,16.01,15.99,16.0,5.6766,730.0
2019-06-03 11:20,{},15.96,2731,16.0,15.96,15.99,2.745,353.0
2019-06-03 11:25,{},15.94,2731,15.97,15.93,15.96,5.4122,696.0
2019-06-03 11:30,{},16.0,2731,16.0,15.93,15.94,7.2318,930.0
2019-06-03 13:05,{},16.02,2731,16.04,16.0,16.0,4.8912,629.0
2019-06-03 13:10,{},16.07,2731,16.07,16.0,16.02,1.1509,148.0
2019-06-03 13:15,{},16.05,2731,16.09,16.02,16.07,1.9363,249.0
2019-06-03 13:20,{},16.03,2731,16.07,16.02,16.05,2.6828,345.0
2019-06-03 13:25,{},16.06,2731,16.07,16.03,16.03,2.0218,260.0
2019-06-03 13:30,{},16.08,2731,16.1,16.06,16.06,6.1743,794.0
2019-06-03 13:35,{},16.1,2731,16.1,16.06,16.08,0.8009,103.0
2019-06-03 13:40,{},16.08,2731,16.12,16.08,16.1,4.1214,530.0
2019-06-03 13:45,{},16.08,2731,16.12,16.07,16.08,1.7263,222.0
2019-06-03 13:50,{},16.08,2731,16.1,16.07,16.08,0.902,116.0
2019-06-03 13:55,{},16.09,2731,16.09,16.06,16.08,0.8087,104.0
2019-06-03 14:00,{},16.06,2731,16.09,16.06,16.09,2.2318,287.0
2019-06-03 14:05,{},16.06,2731,16.07,16.05,16.06,0.6765,87.0
2019-06-03 14:10,{},16.02,2731,16.07,16.02,16.06,1.4308,184.0
2019-06-03 14:15,{},16.02,2731,16.03,16.0,16.02,2.4184,311.0
2019-06-03 14:20,{},16.02,2731,16.04,16.02,16.02,1.6563,213.0
2019-06-03 14:25,{},16.01,2731,16.02,16.0,16.02,1.7652,227.0
2019-06-03 14:30,{},16.06,2731,16.06,16.0,16.01,4.7046,605.0
2019-06-03 14:35,{},16.03,2731,16.06,16.03,16.06,1.3531,174.0
2019-06-03 14:40,{},16.01,2731,16.05,16.01,16.03,2.1929,282.0
2019-06-03 14:45,{},16.03,2731,16.03,16.0,16.01,4.5257,582.0
2019-06-03 14:50,{},16.09,2731,16.1,16.03,16.03,7.9006,1016.0
2019-06-03 14:55,{},16.14,2731,16.19,16.09,16.09,15.5834,2004.0
2019-06-03 15:00,{},16.13,2731,16.15,16.11,16.14,6.5631,844.0
2019-06-04 09:35,{},16.12,2731,16.2,16.02,16.2,12.9628,1667.0
2019-06-04 09:40,{},16.13,2731,16.18,16.05,16.12,9.8602,1268.0
2019-06-04 09:45,{},16.03,2731,16.14,16.03,16.13,5.3578,689.0
2019-06-04 09:50,{},15.99,2731,16.07,15.95,16.03,11.7264,1508.0
2019-06-04 09:55,{},16.0,2731,16.06,15.98,15.99,3.7714,485.0
2019-06-04 10:00,{},15.92,2731,16.0,15.92,16.0,10.2179,1314.0
2019-06-04 10:05,{},15.94,2731,15.94,15.9,15.92,12.7762,1643.0
2019-06-04 10:10,{},15.93,2731,16.02,15.92,15.94,2.3251,299.0
2019-06-04 10:15,{},15.74,2731,15.93,15.59,15.93,19.1915,2468.0
2019-06-04 10:20,{},15.8,2731,15.84,15.74,15.74,7.1385,918.0
2019-06-04 10:25,{},15.75,2731,15.8,15.73,15.8,3.8647,497.0
2019-06-04 10:30,{},15.79,2731,15.81,15.74,15.75,2.294,295.0
2019-06-04 10:35,{},15.79,2731,15.81,15.77,15.79,3.1182,401.0
2019-06-04 10:40,{},15.68,2731,15.8,15.65,15.79,9.3158,1198.0
2019-06-04 10:45,{},15.66,2731,15.71,15.65,15.68,4.6579,599.0
2019-06-04 10:50,{},15.71,2731,15.71,15.66,15.66,1.9207,247.0
2019-06-04 10:55,{},15.76,2731,15.8,15.7,15.71,1.5552,200.0
2019-06-04 11:00,{},15.8,2731,15.81,15.76,15.76,2.2706,292.0
2019-06-04 11:05,{},15.76,2731,15.8,15.76,15.8,1.4153,182.0
2019-06-04 11:10,{},15.74,2731,15.78,15.73,15.76,1.2986,167.0
2019-06-04 11:15,{},15.73,2731,15.75,15.71,15.74,1.9985,257.0
2019-06-04 11:20,{},15.78,2731,15.8,15.73,15.73,0.3966,51.0
2019-06-04 11:25,{},15.77,2731,15.78,15.76,15.78,0.4666,60.0
2019-06-04 11:30,{},15.77,2731,15.78,15.76,15.77,0.9487,122.0
2019-06-04 13:05,{},15.78,2731,15.81,15.77,15.77,1.9052,245.0
2019-06-04 13:10,{},15.77,2731,15.78,15.74,15.78,0.7776,100.0
2019-06-04 13:15,{},15.81,2731,15.81,15.74,15.77,0.3655,47.0
2019-06-04 13:20,{},15.78,2731,15.81,15.76,15.81,0.7076,91.0
2019-06-04 13:25,{},15.76,2731,15.8,15.75,15.78,1.8974,244.0
2019-06-04 13:30,{},15.79,2731,15.79,15.75,15.76,0.4044,52.0
2019-06-04 13:35,{},15.74,2731,15.79,15.74,15.79,0.8943,115.0
2019-06-04 13:40,{},15.71,2731,15.74,15.71,15.74,3.3904,436.0
2019-06-04 13:45,{},15.71,2731,15.71,15.7,15.71,2.815,362.0
2019-06-04 13:50,{},15.77,2731,15.77,15.71,15.71,2.4106,310.0
2019-06-04 13:55,{},15.71,2731,15.77,15.7,15.77,0.9798,126.0
2019-06-04 14:00,{},15.74,2731,15.78,15.71,15.71,0.9176,118.0
2019-06-04 14:05,{},15.66,2731,15.74,15.66,15.74,4.7512,611.0
2019-06-04 14:10,{},15.7,2731,15.7,15.65,15.66,3.0094,387.0
2019-06-04 14:15,{},15.65,2731,15.7,15.63,15.7,3.7714,485.0
2019-06-04 14:20,{},15.65,2731,15.7,15.64,15.65,2.1384,275.0
2019-06-04 14:25,{},15.71,2731,15.71,15.65,15.65,1.5163,195.0
2019-06-04 14:30,{},15.66,2731,15.71,15.66,15.71,1.2209,157.0
2019-06-04 14:35,{},15.7,2731,15.7,15.66,15.66,1.8041,232.0
2019-06-04 14:40,{},15.66,2731,15.7,15.64,15.7,6.1198,787.0
2019-06-04 14:45,{},15.65,2731,15.69,15.63,15.66,2.2473,289.0
2019-06-04 14:50,{},15.63,2731,15.66,15.63,15.65,4.6812,602.0
2019-06-04 14:55,{},15.7,2731,15.7,15.61,15.63,11.7809,1515.0
2019-06-04 15:00,{},15.72,2731,15.75,15.66,15.7,7.6595,985.0
2019-06-05 09:35,{},15.86,2731,15.88,15.8,15.8,8.4605,1088.0
2019-06-05 09:40,{},15.89,2731,15.93,15.84,15.86,5.801,746.0
2019-06-05 09:45,{},15.84,2731,15.89,15.81,15.89,4.7746,614.0
2019-06-05 09:50,{},15.84,2731,15.86,15.82,15.84,1.3219,170.0
2019-06-05 09:55,{},15.78,2731,15.85,15.78,15.84,5.9954,771.0
2019-06-05 10:00,{},15.8,2731,15.8,15.75,15.78,3.9425,507.0
2019-06-05 10:05,{},15.78,2731,15.8,15.78,15.8,1.773,228.0
2019-06-05 10:05,{},15.78,2731,15.8,15.78,15.8,1.7730000000000001,228.0
2019-06-05 10:10,{},15.79,2731,15.8,15.78,15.78,2.4417,314.0
2019-06-05 10:15,{},15.79,2731,15.79,15.77,15.79,3.0249,389.0
2019-06-05 10:20,{},15.72,2731,15.8,15.72,15.79,1.8118,233.0
2019-06-05 10:25,{},15.72,2731,15.74,15.69,15.72,3.3826,435.0
2019-06-05 10:30,{},15.73,2731,15.77,15.71,15.72,1.1664,150.0
2019-06-05 10:35,{},15.74,2731,15.74,15.72,15.73,3.266,420.0
2019-06-05 10:40,{},15.74,2731,15.78,15.73,15.74,4.0903,526.0
2019-06-05 10:45,{},15.76,2731,15.79,15.73,15.74,0.972,125.0
2019-06-05 10:50,{},15.72,2731,15.76,15.71,15.76,1.2753,164.0
2019-06-05 10:55,{},15.7,2731,15.74,15.7,15.72,5.4511,701.0
2019-06-05 11:00,{},15.7,2731,15.7,15.68,15.7,0.9254,119.0
2019-06-05 11:05,{},15.73,2731,15.74,15.7,15.7,0.4044,52.0
2019-06-05 11:10,{},15.74,2731,15.74,15.72,15.73,0.3188,41.0
2019-06-05 11:15,{},15.79,2731,15.8,15.74,15.74,1.2908,166.0
2019-06-05 11:20,{},15.73,2731,15.79,15.73,15.79,1.2908,166.0
2019-06-05 11:25,{},15.75,2731,15.76,15.73,15.73,0.5054,65.0
2019-06-05 11:30,{},15.79,2731,15.79,15.75,15.75,3.2116,413.0
2019-06-05 13:05,{},15.82,2731,15.82,15.79,15.79,1.703,219.0
2019-06-05 13:10,{},15.82,2731,15.84,15.8,15.82,6.5242,839.0
2019-06-05 13:15,{},15.85,2731,15.85,15.81,15.82,1.703,219.0
2019-06-05 13:20,{},15.8,2731,15.85,15.79,15.85,1.6019,206.0
2019-06-05 13:25,{},15.83,2731,15.83,15.8,15.8,3.7014,476.0
2019-06-05 13:30,{},15.8,2731,15.83,15.79,15.83,1.6719,215.0
2019-06-05 13:35,{},15.8,2731,15.8,15.77,15.8,3.9503,508.0
2019-06-05 13:40,{},15.8,2731,15.83,15.8,15.8,0.9487,122.0
2019-06-05 13:45,{},15.82,2731,15.82,15.8,15.8,1.2209,157.0
2019-06-05 13:50,{},15.83,2731,15.84,15.82,15.82,1.6952,218.0
2019-06-05 13:55,{},15.8,2731,15.83,15.8,15.83,1.1431,147.0
2019-06-05 14:00,{},15.78,2731,15.81,15.78,15.8,2.4262,312.0
2019-06-05 14:05,{},15.82,2731,15.82,15.78,15.78,1.633,210.0
2019-06-05 14:10,{},15.81,2731,15.82,15.8,15.82,0.451,58.0
2019-06-05 14:15,{},15.81,2731,15.83,15.81,15.81,0.6221,80.0
2019-06-05 14:20,{},15.77,2731,15.81,15.77,15.81,2.014,259.0
2019-06-05 14:20,{},15.77,2731,15.81,15.77,15.81,2.0140000000000002,259.0
2019-06-05 14:25,{},15.77,2731,15.78,15.77,15.77,1.7496,225.0
2019-06-05 14:30,{},15.77,2731,15.77,15.73,15.77,4.8834,628.0
2019-06-05 14:35,{},15.79,2731,15.79,15.75,15.77,2.2862,294.0
2019-06-05 14:40,{},15.76,2731,15.79,15.75,15.79,3.6315,467.0
2019-06-05 14:45,{},15.78,2731,15.8,15.74,15.76,5.7699,742.0
2019-06-05 14:50,{},15.82,2731,15.83,15.78,15.78,4.3857,564.0
2019-06-05 14:55,{},15.79,2731,15.82,15.76,15.82,4.0436,520.0
2019-06-05 15:00,{},15.78,2731,15.79,15.78,15.79,4.2147,542.0
2019-06-06 09:35,{},16.13,2731,16.15,15.85,15.89,25.7313,3309.0
2019-06-06 09:40,{},16.03,2731,16.13,16.02,16.13,29.3472,3774.0
2019-06-06 09:45,{},16.37,2731,16.45,16.02,16.03,51.6881,6647.0
2019-06-06 09:50,{},17.36,2731,17.36,16.37,16.37,117.171,15068.0
2019-06-06 09:55,{},17.36,2731,17.36,17.36,17.36,15.1713,1951.0
2019-06-06 10:00,{},17.36,2731,17.36,17.36,17.36,69.8221,8979.0
2019-06-06 10:05,{},17.36,2731,17.36,17.36,17.36,10.3812,1335.0
2019-06-06 10:10,{},17.36,2731,17.36,17.36,17.36,3.4604,445.0
2019-06-06 10:15,{},17.36,2731,17.36,17.36,17.36,6.7029999999999985,862.0
2019-06-06 10:15,{},17.36,2731,17.36,17.36,17.36,6.702999999999999,862.0
2019-06-06 10:20,{},17.36,2731,17.36,17.36,17.36,3.7948,488.0
2019-06-06 10:25,{},17.36,2731,17.36,17.36,17.36,0.7621,98.0
2019-06-06 10:30,{},17.36,2731,17.36,17.36,17.36,1.4852,191.0
2019-06-06 10:35,{},17.36,2731,17.36,17.36,17.36,1.5630000000000002,201.0
2019-06-06 10:40,{},17.36,2731,17.36,17.36,17.36,2.1462,276.0
2019-06-06 10:45,{},17.36,2731,17.36,17.36,17.36,0.7698,99.0
2019-06-06 10:50,{},17.36,2731,17.36,17.36,17.36,4.4713,575.0
2019-06-06 10:55,{},17.36,2731,17.36,17.36,17.36,2.1929,282.0
2019-06-06 11:00,{},17.36,2731,17.36,17.36,17.36,7.5973,977.0
2019-06-06 11:05,{},17.36,2731,17.36,17.36,17.36,3.4915,449.0
2019-06-06 11:10,{},17.36,2731,17.36,17.36,17.36,1.2131,156.0
2019-06-06 11:15,{},17.36,2731,17.36,17.36,17.36,1.0031,129.0
2019-06-06 11:20,{},17.36,2731,17.36,17.36,17.36,0.591,76.0
2019-06-06 11:25,{},17.36,2731,17.36,17.36,17.36,0.6532,84.0
2019-06-06 11:30,{},17.36,2731,17.36,17.36,17.36,0.3655,47.0
2019-06-06 13:05,{},17.36,2731,17.36,17.36,17.36,4.6735,601.0
2019-06-06 13:10,{},17.36,2731,17.36,17.36,17.36,0.6687,86.0
2019-06-06 13:15,{},17.36,2731,17.36,17.36,17.36,0.8943,115.0
2019-06-06 13:20,{},17.36,2731,17.36,17.36,17.36,0.521,67.0
2019-06-06 13:25,{},17.36,2731,17.36,17.36,17.36,0.4821,62.0
2019-06-06 13:30,{},17.36,2731,17.36,17.36,17.36,1.5863,204.0
2019-06-06 13:35,{},17.36,2731,17.36,17.36,17.36,0.1944,25.0
2019-06-06 13:50,{},17.36,2731,17.36,17.36,17.36,0.1866,24.0
2019-06-06 13:55,{},17.36,2731,17.36,17.36,17.36,8.5538,1100.0
2019-06-06 14:00,{},17.36,2731,17.36,17.36,17.36,0.9953,128.0
2019-06-06 14:05,{},17.36,2731,17.36,17.36,17.36,1.0653,137.0
2019-06-06 14:10,{},17.36,2731,17.36,17.36,17.36,26.1201,3359.0
2019-06-06 14:15,{},17.36,2731,17.36,17.36,17.36,1.493,192.0
2019-06-06 14:20,{},17.36,2731,17.36,17.36,17.36,0.6299,81.0
2019-06-06 14:30,{},17.36,2731,17.36,17.36,17.36,3.3748,434.0
2019-06-06 14:40,{},17.36,2731,17.36,17.36,17.36,3.2427,417.0
2019-06-06 14:45,{},17.36,2731,17.36,17.36,17.36,5.9332,763.0
2019-06-06 14:50,{},17.36,2731,17.36,17.36,17.36,3.0249,389.0
2019-06-06 14:55,{},17.36,2731,17.36,17.36,17.36,16.7187,2150.0
2019-06-06 15:00,{},17.36,2731,17.36,17.36,17.36,5.4822,705.0
2019-06-10 09:35,{},18.23,2731,18.42,17.53,17.53,408.1779,52491.0
2019-06-10 09:40,{},18.2,2731,18.35,18.06,18.23,128.3143,16501.0
2019-06-10 09:45,{},18.38,2731,18.96,18.2,18.2,135.9349,17481.0
2019-06-10 09:50,{},18.38,2731,18.46,18.32,18.38,60.965,7840.0
2019-06-10 09:55,{},18.23,2731,18.38,18.2,18.38,47.5589,6116.0
2019-06-10 10:00,{},18.35,2731,18.58,18.22,18.23,32.6287,4196.0
2019-06-10 10:05,{},18.38,2731,18.4,18.29,18.35,25.5213,3282.0
2019-06-10 10:10,{},18.4,2731,18.49,18.38,18.38,33.5308,4312.0
2019-06-10 10:15,{},18.36,2731,18.4,18.35,18.4,11.1821,1438.0
2019-06-10 10:20,{},18.23,2731,18.37,18.23,18.36,14.2304,1830.0
2019-06-10 10:25,{},18.21,2731,18.26,18.21,18.23,14.4714,1861.0
2019-06-10 10:30,{},18.24,2731,18.24,18.2,18.21,15.1013,1942.0
2019-06-10 10:35,{},18.27,2731,18.3,18.23,18.24,13.7793,1772.0
2019-06-10 10:40,{},18.23,2731,18.3,18.21,18.27,17.7841,2287.0
2019-06-10 10:45,{},18.24,2731,18.29,18.22,18.23,9.518,1224.0
2019-06-10 10:50,{},18.35,2731,18.4,18.24,18.24,15.8245,2035.0
2019-06-10 10:55,{},18.32,2731,18.35,18.28,18.35,3.3282,428.0
2019-06-10 11:00,{},18.33,2731,18.33,18.3,18.32,4.308,554.0
2019-06-10 11:05,{},18.39,2731,18.39,18.32,18.33,10.6456,1369.0
2019-06-10 11:10,{},18.4,2731,18.46,18.38,18.39,10.7389,1381.0
2019-06-10 11:15,{},18.45,2731,18.45,18.38,18.4,9.5647,1230.0
2019-06-10 11:20,{},18.45,2731,18.45,18.42,18.45,7.2863,937.0
2019-06-10 11:25,{},18.42,2731,18.47,18.42,18.45,7.8228,1006.0
2019-06-10 11:30,{},18.38,2731,18.43,18.38,18.42,6.0343,776.0
2019-06-10 13:05,{},18.31,2731,18.4,18.31,18.38,15.3268,1971.0
2019-06-10 13:10,{},18.31,2731,18.32,18.26,18.31,5.3422,687.0
2019-06-10 13:15,{},18.37,2731,18.4,18.31,18.31,3.5537,457.0
2019-06-10 13:20,{},18.37,2731,18.37,18.3,18.37,4.7357,609.0
2019-06-10 13:25,{},18.3,2731,18.38,18.29,18.37,8.2038,1055.0
2019-06-10 13:30,{},18.32,2731,18.33,18.29,18.3,4.1758,537.0
2019-06-10 13:35,{},18.32,2731,18.35,18.32,18.32,5.1167,658.0
2019-06-10 13:40,{},18.3,2731,18.32,18.26,18.32,7.5118,966.0
2019-06-10 13:45,{},18.33,2731,18.35,18.3,18.3,4.2224,543.0
2019-06-10 13:50,{},18.32,2731,18.33,18.3,18.33,5.6377,725.0
2019-06-10 13:55,{},18.38,2731,18.38,18.32,18.32,9.5413,1227.0
2019-06-10 14:00,{},18.3,2731,18.41,18.3,18.38,9.6191,1237.0
2019-06-10 14:05,{},18.31,2731,18.35,18.3,18.31,7.1541,920.0
2019-06-10 14:10,{},18.32,2731,18.33,18.28,18.31,5.3966,694.0
2019-06-10 14:15,{},18.33,2731,18.35,18.31,18.32,7.294,938.0
2019-06-10 14:20,{},18.32,2731,18.34,18.31,18.33,7.2163,928.0
2019-06-10 14:25,{},18.31,2731,18.33,18.31,18.32,7.3718,948.0
2019-06-10 14:30,{},18.32,2731,18.33,18.31,18.31,5.5833,718.0
2019-06-10 14:35,{},18.35,2731,18.36,18.31,18.32,12.1697,1565.0
2019-06-10 14:40,{},18.4,2731,18.41,18.35,18.35,13.095,1684.0
2019-06-10 14:45,{},18.32,2731,18.4,18.31,18.4,11.3376,1458.0
2019-06-10 14:50,{},18.34,2731,18.34,18.31,18.32,19.6426,2526.0
2019-06-10 14:55,{},18.29,2731,18.35,18.28,18.34,29.5727,3803.0
2019-06-10 15:00,{},18.26,2731,18.29,18.25,18.29,23.7717,3057.0
2019-06-11 09:35,{},17.65,2731,17.85,17.4,17.6,181.9153,23394.0
2019-06-11 09:40,{},17.47,2731,17.65,17.38,17.65,51.9136,6676.0
2019-06-11 09:45,{},17.43,2731,17.48,17.32,17.47,58.7333,7553.0
2019-06-11 09:50,{},17.43,2731,17.64,17.42,17.43,25.879,3328.0
2019-06-11 09:55,{},17.49,2731,17.55,17.35,17.43,24.526,3154.0
2019-06-11 10:00,{},17.35,2731,17.5,17.26,17.49,46.4392,5972.0
2019-06-11 10:05,{},17.45,2731,17.48,17.34,17.36,18.1962,2340.0
2019-06-11 10:10,{},17.51,2731,17.52,17.43,17.45,13.0562,1679.0
2019-06-11 10:15,{},17.6,2731,17.6,17.5,17.51,13.165,1693.0
2019-06-11 10:20,{},17.59,2731,17.68,17.58,17.6,12.6129,1622.0
2019-06-11 10:25,{},17.55,2731,17.62,17.52,17.59,9.1059,1171.0
2019-06-11 10:30,{},17.67,2731,17.67,17.55,17.55,8.266,1063.0
2019-06-11 10:35,{},17.59,2731,17.69,17.55,17.67,14.5414,1870.0
2019-06-11 10:40,{},17.63,2731,17.63,17.58,17.59,9.8602,1268.0
2019-06-11 10:45,{},17.77,2731,17.85,17.62,17.63,17.8463,2295.0
2019-06-11 10:50,{},17.82,2731,17.82,17.71,17.77,13.1961,1697.0
2019-06-11 10:55,{},17.9,2731,17.91,17.78,17.82,17.333,2229.0
2019-06-11 11:00,{},17.86,2731,17.94,17.76,17.9,11.602,1492.0
2019-06-11 11:05,{},17.77,2731,17.86,17.7,17.86,9.9224,1276.0
2019-06-11 11:10,{},17.64,2731,17.79,17.64,17.77,10.5211,1353.0
2019-06-11 11:15,{},17.79,2731,17.8,17.64,17.64,14.5025,1865.0
2019-06-11 11:20,{},17.79,2731,17.85,17.78,17.8,5.4511,701.0
2019-06-11 11:25,{},17.83,2731,17.83,17.79,17.79,8.9892,1156.0
2019-06-11 11:30,{},17.86,2731,17.86,17.81,17.83,6.4309,827.0
2019-06-11 13:05,{},17.92,2731,17.94,17.86,17.86,18.0484,2321.0
2019-06-11 13:10,{},17.83,2731,17.92,17.8,17.92,11.742,1510.0
2019-06-11 13:15,{},18.05,2731,18.18,17.83,17.83,20.2958,2610.0
2019-06-11 13:20,{},18.37,2731,18.56,18.04,18.05,60.4985,7780.0
2019-06-11 13:25,{},18.22,2731,18.41,18.2,18.37,29.5494,3800.0
2019-06-11 13:30,{},18.14,2731,18.28,18.12,18.22,16.9287,2177.0
2019-06-11 13:35,{},18.26,2731,18.26,18.14,18.14,6.1432,790.0
2019-06-11 13:40,{},18.28,2731,18.36,18.24,18.26,10.4356,1342.0
2019-06-11 13:45,{},18.28,2731,18.32,18.26,18.28,9.0437,1163.0
2019-06-11 13:50,{},18.3,2731,18.3,18.17,18.26,7.1463,919.0
2019-06-11 13:55,{},18.25,2731,18.31,18.25,18.3,9.1992,1183.0
2019-06-11 14:00,{},18.08,2731,18.25,18.08,18.25,9.0359,1162.0
2019-06-11 14:05,{},18.1,2731,18.19,18.07,18.08,15.6456,2012.0
2019-06-11 14:10,{},18.2,2731,18.2,18.09,18.1,6.4231,826.0
2019-06-11 14:15,{},18.18,2731,18.25,18.18,18.2,12.1697,1565.0
2019-06-11 14:20,{},18.16,2731,18.21,18.16,18.18,12.4807,1605.0
2019-06-11 14:25,{},18.11,2731,18.17,18.1,18.16,13.2972,1710.0
2019-06-11 14:30,{},18.14,2731,18.16,18.1,18.11,12.8384,1651.0
2019-06-11 14:35,{},18.16,2731,18.19,18.14,18.14,11.6953,1504.0
2019-06-11 14:40,{},18.12,2731,18.16,18.11,18.16,16.3144,2098.0
2019-06-11 14:45,{},18.17,2731,18.21,18.12,18.12,20.3346,2615.0
2019-06-11 14:50,{},18.25,2731,18.25,18.15,18.17,27.0921,3484.0
2019-06-11 14:55,{},18.3,2731,18.4,18.25,18.25,43.2432,5561.0
2019-06-11 15:00,{},18.27,2731,18.3,18.27,18.3,23.9194,3076.0
2019-06-12 09:35,{},17.9,2731,17.98,17.7,17.82,83.6947,10763.0
2019-06-12 09:40,{},18.03,2731,18.06,17.82,17.9,35.0938,4513.0
2019-06-12 09:45,{},18.0,2731,18.03,17.94,18.03,22.3642,2876.0
2019-06-12 09:50,{},18.12,2731,18.14,18.0,18.0,16.812,2162.0
2019-06-12 09:55,{},18.08,2731,18.15,18.04,18.12,14.4559,1859.0
2019-06-12 10:00,{},18.19,2731,18.19,18.06,18.08,11.4232,1469.0
2019-06-12 10:05,{},18.23,2731,18.29,18.11,18.19,21.5088,2766.0
2019-06-12 10:10,{},18.12,2731,18.25,18.11,18.23,11.2288,1444.0
2019-06-12 10:15,{},18.16,2731,18.18,18.06,18.12,11.2365,1445.0
2019-06-12 10:20,{},18.09,2731,18.16,18.08,18.16,10.6144,1365.0
2019-06-12 10:25,{},18.11,2731,18.14,18.06,18.09,12.0686,1552.0
2019-06-12 10:30,{},18.12,2731,18.12,18.06,18.11,7.8695,1012.0
2019-06-12 10:35,{},18.42,2731,18.42,18.11,18.12,27.3721,3520.0
2019-06-12 10:40,{},18.32,2731,18.45,18.26,18.42,32.621,4195.0
2019-06-12 10:45,{},18.54,2731,18.54,18.32,18.32,34.4717,4433.0
2019-06-12 10:50,{},18.56,2731,18.56,18.4,18.54,45.4672,5847.0
2019-06-12 10:55,{},18.37,2731,18.65,18.37,18.56,47.66,6129.0
2019-06-12 11:00,{},18.39,2731,18.4,18.33,18.37,13.1106,1686.0
2019-06-12 11:05,{},18.4,2731,18.5,18.38,18.39,10.0312,1290.0
2019-06-12 11:10,{},18.45,2731,18.49,18.4,18.4,8.3671,1076.0
2019-06-12 11:15,{},18.3,2731,18.46,18.29,18.45,12.6518,1627.0
2019-06-12 11:20,{},18.37,2731,18.41,18.3,18.3,5.5755,717.0
2019-06-12 11:25,{},18.4,2731,18.4,18.35,18.37,5.2022,669.0
2019-06-12 11:30,{},18.4,2731,18.45,18.37,18.4,8.1183,1044.0
2019-06-12 13:05,{},18.56,2731,18.56,18.34,18.4,18.7405,2410.0
2019-06-12 13:10,{},18.88,2731,18.89,18.55,18.56,75.7475,9741.0
2019-06-12 13:15,{},18.8,2731,18.88,18.7,18.88,35.607,4579.0
2019-06-12 13:20,{},18.79,2731,18.8,18.75,18.8,18.0407,2320.0
2019-06-12 13:25,{},18.68,2731,18.79,18.62,18.79,22.2087,2856.0
2019-06-12 13:30,{},18.65,2731,18.75,18.64,18.68,12.3641,1590.0
2019-06-12 13:35,{},18.71,2731,18.78,18.65,18.65,15.3423,1973.0
2019-06-12 13:40,{},18.71,2731,18.74,18.69,18.71,13.0017,1672.0
2019-06-12 13:45,{},19.2,2731,19.2,18.69,18.71,86.9996,11188.0
2019-06-12 13:50,{},19.23,2731,19.27,18.96,19.2,51.1982,6584.0
2019-06-12 13:55,{},19.13,2731,19.24,19.08,19.23,30.3659,3905.0
2019-06-12 14:00,{},19.07,2731,19.13,18.96,19.13,25.6146,3294.0
2019-06-12 14:05,{},19.21,2731,19.23,19.04,19.07,26.3456,3388.0
2019-06-12 14:10,{},19.19,2731,19.24,19.18,19.21,27.1699,3494.0
2019-06-12 14:15,{},19.07,2731,19.19,19.02,19.19,14.2148,1828.0
2019-06-12 14:20,{},19.11,2731,19.15,19.05,19.07,14.5492,1871.0
2019-06-12 14:25,{},19.66,2731,19.76,19.11,19.11,80.4987,10352.0
2019-06-12 14:30,{},19.48,2731,19.68,19.48,19.66,26.7811,3444.0
2019-06-12 14:35,{},19.43,2731,19.52,19.42,19.48,27.1388,3490.0
2019-06-12 14:40,{},19.55,2731,19.55,19.42,19.43,22.9241,2948.0
2019-06-12 14:45,{},19.33,2731,19.58,19.31,19.55,35.1482,4520.0
2019-06-12 14:50,{},19.37,2731,19.45,19.25,19.33,30.8791,3971.0
2019-06-12 14:55,{},19.38,2731,19.38,19.28,19.35,43.8264,5636.0
2019-06-12 15:00,{},19.33,2731,19.38,19.29,19.38,22.3253,2871.0
2019-06-13 09:35,{},18.98,2731,19.14,18.79,18.81,106.5333,13700.0
2019-06-13 09:40,{},18.98,2731,19.14,18.96,18.98,27.0377,3477.0
2019-06-13 09:45,{},18.91,2731,19.02,18.88,18.98,34.9538,4495.0
2019-06-13 09:50,{},18.88,2731,18.91,18.81,18.91,37.0145,4760.0
2019-06-13 09:55,{},19.04,2731,19.07,18.88,18.88,15.2102,1956.0
2019-06-13 10:00,{},18.91,2731,19.04,18.88,19.04,20.3502,2617.0
2019-06-13 10:05,{},18.9,2731,18.98,18.89,18.91,18.4139,2368.0
2019-06-13 10:10,{},19.39,2731,19.39,18.9,18.9,34.9771,4498.0
2019-06-13 10:15,{},19.3,2731,19.46,19.26,19.39,44.8373,5766.0
2019-06-13 10:20,{},19.13,2731,19.35,19.05,19.31,21.26,2734.0
2019-06-13 10:25,{},19.1,2731,19.23,19.1,19.13,14.3548,1846.0
2019-06-13 10:30,{},19.09,2731,19.18,19.0,19.1,16.0111,2059.0
2019-06-13 10:35,{},19.13,2731,19.17,19.02,19.09,10.3267,1328.0
2019-06-13 10:40,{},19.13,2731,19.14,19.07,19.13,5.6688,729.0
2019-06-13 10:45,{},19.08,2731,19.14,19.07,19.13,7.9317,1020.0
2019-06-13 10:50,{},19.03,2731,19.08,18.99,19.08,13.755999999999998,1769.0
2019-06-13 10:55,{},18.97,2731,19.05,18.97,19.03,11.4776,1476.0
2019-06-13 11:00,{},18.99,2731,18.99,18.93,18.97,13.5072,1737.0
2019-06-13 11:05,{},19.04,2731,19.05,18.96,18.99,5.0856,654.0
2019-06-13 11:10,{},18.93,2731,19.04,18.92,19.04,9.4714,1218.0
2019-06-13 11:15,{},18.92,2731,18.95,18.9,18.93,11.812000000000001,1519.0
2019-06-13 11:15,{},18.92,2731,18.95,18.9,18.93,11.812,1519.0
2019-06-13 11:20,{},18.93,2731,18.95,18.92,18.92,7.3096,940.0
2019-06-13 11:25,{},19.03,2731,19.03,18.93,18.95,3.1571,406.0
2019-06-13 11:30,{},19.08,2731,19.15,19.03,19.03,7.0141,902.0
2019-06-13 13:05,{},19.12,2731,19.15,19.08,19.08,12.1775,1566.0
2019-06-13 13:10,{},19.13,2731,19.19,19.11,19.12,7.7295,994.0
2019-06-13 13:15,{},19.1,2731,19.13,19.09,19.13,8.1805,1052.0
2019-06-13 13:20,{},19.03,2731,19.1,19.03,19.1,14.7047,1891.0
2019-06-13 13:25,{},19.05,2731,19.09,19.03,19.03,3.9892,513.0
2019-06-13 13:30,{},19.08,2731,19.1,19.05,19.05,4.7512,611.0
2019-06-13 13:35,{},19.19,2731,19.26,19.08,19.08,9.1914,1182.0
2019-06-13 13:40,{},19.16,2731,19.19,19.14,19.19,3.3282,428.0
2019-06-13 13:45,{},19.13,2731,19.17,19.11,19.16,4.2069,541.0
2019-06-13 13:50,{},19.16,2731,19.17,19.12,19.13,4.7901,616.0
2019-06-13 13:55,{},19.05,2731,19.16,19.05,19.16,8.2583,1062.0
2019-06-13 14:00,{},19.02,2731,19.07,18.95,19.05,15.2879,1966.0
2019-06-13 14:05,{},18.95,2731,19.05,18.94,19.02,10.0623,1294.0
2019-06-13 14:10,{},18.84,2731,18.97,18.83,18.95,29.0517,3736.0
2019-06-13 14:15,{},18.88,2731,19.0,18.82,18.84,15.98,2055.0
2019-06-13 14:20,{},18.91,2731,18.97,18.87,18.88,8.8415,1137.0
2019-06-13 14:25,{},18.97,2731,18.98,18.88,18.91,12.1463,1562.0
2019-06-13 14:30,{},18.9,2731,18.97,18.9,18.97,7.3718,948.0
2019-06-13 14:35,{},18.88,2731,18.9,18.83,18.9,24.3938,3137.0
2019-06-13 14:40,{},18.92,2731,18.93,18.86,18.88,8.0872,1040.0
2019-06-13 14:45,{},18.86,2731,18.93,18.86,18.92,16.6176,2137.0
2019-06-13 14:50,{},18.72,2731,18.86,18.68,18.86,44.604,5736.0
2019-06-13 14:55,{},18.75,2731,18.79,18.71,18.72,37.7843,4859.0
2019-06-13 15:00,{},18.83,2731,18.83,18.73,18.75,22.2709,2864.0
2019-06-14 09:35,{},18.94,2731,19.3,18.92,19.1,70.5375,9071.0
2019-06-14 09:40,{},18.79,2731,18.96,18.72,18.94,33.3519,4289.0
2019-06-14 09:45,{},18.9,2731,18.97,18.75,18.79,21.3455,2745.0
2019-06-14 09:50,{},18.76,2731,18.9,18.76,18.9,11.7886,1516.0
2019-06-14 09:55,{},18.9,2731,18.9,18.74,18.76,13.0328,1676.0
2019-06-14 10:00,{},18.85,2731,18.95,18.8,18.9,8.6471,1112.0
2019-06-14 10:05,{},19.08,2731,19.18,18.83,18.85,28.6862,3689.0
2019-06-14 10:10,{},19.05,2731,19.15,19.05,19.08,24.1449,3105.0
2019-06-14 10:15,{},18.96,2731,19.09,18.92,19.05,13.0562,1679.0
2019-06-14 10:20,{},18.92,2731,19.04,18.91,18.96,7.644,983.0
2019-06-14 10:25,{},19.04,2731,19.04,18.91,18.92,8.1261,1045.0
2019-06-14 10:30,{},19.02,2731,19.05,18.98,19.04,15.8245,2035.0
2019-06-14 10:35,{},19.04,2731,19.11,19.0,19.02,15.8789,2042.0
2019-06-14 10:40,{},19.0,2731,19.08,19.0,19.04,6.8119,876.0
2019-06-14 10:45,{},18.99,2731,19.07,18.99,19.0,5.0312,647.0
2019-06-14 10:50,{},19.02,2731,19.1,18.98,18.99,7.2863,937.0
2019-06-14 10:55,{},19.09,2731,19.11,19.02,19.02,12.7995,1646.0
2019-06-14 11:00,{},19.12,2731,19.12,19.05,19.09,10.0157,1288.0
2019-06-14 11:05,{},19.05,2731,19.12,19.05,19.12,4.3235,556.0
2019-06-14 11:10,{},19.06,2731,19.08,19.05,19.05,2.8772,370.0
2019-06-14 11:15,{},18.98,2731,19.09,18.97,19.06,7.6751,987.0
2019-06-14 11:20,{},18.91,2731,18.97,18.85,18.97,10.6144,1365.0
2019-06-14 11:25,{},18.88,2731,18.95,18.86,18.91,8.9192,1147.0
2019-06-14 11:30,{},19.0,2731,19.0,18.88,18.88,3.1571,406.0
2019-06-14 13:05,{},18.91,2731,19.0,18.91,19.0,5.3189,684.0
2019-06-14 13:10,{},18.92,2731,18.92,18.9,18.91,4.3702,562.0
2019-06-14 13:15,{},18.91,2731,18.93,18.9,18.92,5.941,764.0
2019-06-14 13:20,{},18.8,2731,18.91,18.78,18.91,7.7217,993.0
2019-06-14 13:25,{},18.71,2731,18.83,18.7,18.8,9.2536,1190.0
2019-06-14 13:30,{},18.75,2731,18.76,18.71,18.71,8.1572,1049.0
2019-06-14 13:35,{},18.83,2731,18.83,18.73,18.75,7.5118,966.0
2019-06-14 13:40,{},18.81,2731,18.83,18.79,18.83,3.0249,389.0
2019-06-14 13:45,{},18.55,2731,18.82,18.55,18.81,13.8649,1783.0
2019-06-14 13:50,{},18.35,2731,18.62,18.35,18.55,22.1543,2849.0
2019-06-14 13:55,{},18.48,2731,18.52,18.35,18.35,24.4482,3144.0
2019-06-14 14:00,{},18.46,2731,18.49,18.44,18.48,10.7389,1381.0
2019-06-14 14:05,{},18.61,2731,18.67,18.45,18.46,10.1168,1301.0
2019-06-14 14:10,{},18.5,2731,18.65,18.48,18.61,5.4666,703.0
2019-06-14 14:15,{},18.52,2731,18.52,18.44,18.5,7.7839,1001.0
2019-06-14 14:20,{},18.36,2731,18.56,18.36,18.52,9.9224,1276.0
2019-06-14 14:25,{},18.32,2731,18.44,18.22,18.36,24.7437,3182.0
2019-06-14 14:30,{},18.76,2731,18.79,18.32,18.32,24.316,3127.0
2019-06-14 14:35,{},18.59,2731,18.76,18.59,18.76,8.927,1148.0
2019-06-14 14:40,{},18.47,2731,18.59,18.47,18.59,8.686,1117.0
2019-06-14 14:45,{},18.53,2731,18.62,18.43,18.47,9.2925,1195.0
2019-06-14 14:50,{},18.64,2731,18.74,18.45,18.53,27.9475,3594.0
2019-06-14 14:55,{},18.72,2731,18.73,18.57,18.64,23.3984,3009.0
2019-06-14 15:00,{},18.71,2731,18.74,18.69,18.72,28.2741,3636.0
2019-06-27 09:35,{},19.62,2731,19.88,18.76,19.0,222.118,28564.0
2019-06-27 09:40,{},19.17,2731,19.62,19.11,19.62,68.6401,8827.0
2019-06-27 09:45,{},18.95,2731,19.17,18.83,19.17,58.2123,7486.0
2019-06-27 09:50,{},19.12,2731,19.17,18.94,18.95,29.8526,3839.0
2019-06-27 09:55,{},18.95,2731,19.12,18.95,19.12,22.7686,2928.0
2019-06-27 10:00,{},18.95,2731,18.98,18.86,18.95,23.795,3060.0
2019-06-27 10:05,{},18.98,2731,18.99,18.92,18.95,12.0997,1556.0
2019-06-27 10:10,{},18.85,2731,18.98,18.85,18.98,14.0826,1811.0
2019-06-27 10:15,{},18.56,2731,18.85,18.27,18.85,43.3132,5570.0
2019-06-27 10:20,{},18.72,2731,18.87,18.45,18.56,28.3752,3649.0
2019-06-27 10:25,{},18.77,2731,18.77,18.55,18.72,12.0764,1553.0
2019-06-27 10:30,{},18.94,2731,19.09,18.76,18.77,21.6955,2790.0
2019-06-27 10:35,{},18.9,2731,18.95,18.82,18.94,8.025,1032.0
2019-06-27 10:40,{},18.93,2731,18.93,18.85,18.9,12.333,1586.0
2019-06-27 10:45,{},18.86,2731,18.93,18.84,18.93,7.3718,948.0
2019-06-27 10:50,{},18.7,2731,18.86,18.68,18.86,6.5009,836.0
2019-06-27 10:55,{},18.85,2731,18.85,18.7,18.7,4.9845,641.0
2019-06-27 11:00,{},18.87,2731,18.92,18.83,18.85,4.098,527.0
2019-06-27 11:05,{},18.81,2731,18.87,18.81,18.87,4.7589999999999995,612.0
2019-06-27 11:10,{},18.75,2731,18.8,18.72,18.8,3.7792,486.0
2019-06-27 11:15,{},18.86,2731,18.86,18.75,18.75,2.9549,380.0
2019-06-27 11:20,{},18.76,2731,18.88,18.75,18.86,4.6035,592.0
2019-06-27 11:25,{},18.8,2731,18.8,18.73,18.76,4.168,536.0
2019-06-27 11:30,{},18.74,2731,18.81,18.73,18.8,3.2971,424.0
2019-06-27 13:05,{},18.79,2731,18.81,18.71,18.74,8.4216,1083.0
2019-06-27 13:10,{},18.79,2731,18.8,18.76,18.79,2.7761,357.0
2019-06-27 13:15,{},18.76,2731,18.79,18.73,18.79,3.4215,440.0
2019-06-27 13:20,{},18.78,2731,18.78,18.73,18.76,7.364,947.0
2019-06-27 13:25,{},18.78,2731,18.79,18.76,18.78,2.5117,323.0
2019-06-27 13:30,{},18.86,2731,18.86,18.77,18.78,6.2520000000000024,804.0
2019-06-27 13:35,{},18.86,2731,18.91,18.86,18.86,6.4698,832.0
2019-06-27 13:40,{},18.85,2731,18.86,18.82,18.86,3.8959,501.0
2019-06-27 13:45,{},18.84,2731,18.86,18.81,18.85,6.3998,823.0
2019-06-27 13:50,{},18.84,2731,18.86,18.83,18.84,2.7839,358.0
2019-06-27 13:55,{},18.85,2731,18.85,18.82,18.84,3.7092,477.0
2019-06-27 14:00,{},18.84,2731,18.88,18.82,18.85,7.3251,942.0
2019-06-27 14:05,{},18.7,2731,18.84,18.7,18.84,11.1432,1433.0
2019-06-27 14:10,{},18.71,2731,18.76,18.5,18.7,20.3502,2617.0
2019-06-27 14:15,{},18.69,2731,18.72,18.63,18.71,9.067,1166.0
2019-06-27 14:20,{},18.65,2731,18.7,18.6,18.69,8.8959,1144.0
2019-06-27 14:25,{},18.48,2731,18.65,18.48,18.65,13.6005,1749.0
2019-06-27 14:30,{},18.46,2731,18.54,18.43,18.48,19.4015,2495.0
2019-06-27 14:35,{},18.37,2731,18.49,18.37,18.46,25.4047,3267.0
2019-06-27 14:40,{},18.38,2731,18.41,18.36,18.37,15.4201,1983.0
2019-06-27 14:45,{},18.36,2731,18.38,18.29,18.38,20.4046,2624.0
2019-06-27 14:50,{},18.23,2731,18.39,18.22,18.36,22.7686,2928.0
2019-06-27 14:55,{},18.19,2731,18.26,18.19,18.23,33.0175,4246.0
2019-06-27 15:00,{},18.14,2731,18.2,18.11,18.19,29.9226,3848.0
2019-06-28 09:35,{},18.36,2731,18.45,18.04,18.19,57.9323,7450.0
2019-06-28 09:40,{},18.29,2731,18.5,18.29,18.36,33.4452,4301.0
2019-06-28 09:45,{},18.38,2731,18.43,18.29,18.29,14.8913,1915.0
2019-06-28 09:50,{},18.57,2731,18.57,18.32,18.38,32.5276,4183.0
2019-06-28 09:55,{},18.54,2731,18.63,18.5,18.57,31.7422,4082.0
2019-06-28 10:00,{},18.44,2731,18.54,18.44,18.54,9.3936,1208.0
2019-06-28 10:05,{},18.44,2731,18.5,18.38,18.44,7.6284,981.0
2019-06-28 10:10,{},18.32,2731,18.44,18.32,18.44,14.1993,1826.0
2019-06-28 10:15,{},18.43,2731,18.44,18.32,18.32,7.1229999999999976,916.0
2019-06-28 10:20,{},18.33,2731,18.49,18.32,18.43,7.2629,934.0
2019-06-28 10:25,{},18.41,2731,18.5,18.33,18.33,9.9457,1279.0
2019-06-28 10:30,{},18.41,2731,18.45,18.36,18.41,6.6253,852.0
2019-06-28 10:35,{},18.38,2731,18.41,18.35,18.41,5.8632,754.0
2019-06-28 10:40,{},18.22,2731,18.4,18.22,18.38,6.6642,857.0
2019-06-28 10:45,{},18.16,2731,18.24,18.08,18.22,13.5305,1740.0
2019-06-28 10:50,{},18.18,2731,18.24,18.15,18.16,9.2303,1187.0
2019-06-28 10:55,{},18.11,2731,18.18,18.11,18.18,7.1229999999999976,916.0
2019-06-28 11:00,{},17.98,2731,18.15,17.9,18.11,23.2274,2987.0
2019-06-28 11:05,{},17.94,2731,18.07,17.9,17.98,16.0033,2058.0
2019-06-28 11:10,{},17.96,2731,18.0,17.92,17.94,6.1743,794.0
2019-06-28 11:15,{},18.0,2731,18.06,17.96,17.96,6.322,813.0
2019-06-28 11:20,{},18.03,2731,18.03,17.97,18.0,4.4402,571.0
2019-06-28 11:25,{},18.04,2731,18.13,18.03,18.03,4.3935,565.0
2019-06-28 11:30,{},18.08,2731,18.12,18.03,18.04,4.2069,541.0
2019-06-28 13:05,{},18.04,2731,18.08,18.03,18.08,7.815,1005.0
2019-06-28 13:10,{},18.03,2731,18.06,18.02,18.04,3.5226,453.0
2019-06-28 13:15,{},18.01,2731,18.03,18.0,18.03,2.7761,357.0
2019-06-28 13:20,{},18.05,2731,18.1,18.01,18.01,5.2489,675.0
2019-06-28 13:25,{},18.04,2731,18.09,18.04,18.05,4.2224,543.0
2019-06-28 13:30,{},18.01,2731,18.08,18.0,18.04,6.6797,859.0
2019-06-28 13:35,{},18.0,2731,18.03,18.0,18.01,3.1804,409.0
2019-06-28 13:40,{},17.99,2731,18.01,17.98,18.0,4.3702,562.0
2019-06-28 13:45,{},17.9,2731,18.0,17.87,17.99,11.5554,1486.0
2019-06-28 13:50,{},17.72,2731,17.93,17.7,17.9,21.3766,2749.0
2019-06-28 13:55,{},17.78,2731,17.84,17.69,17.69,14.7825,1901.0
2019-06-28 14:00,{},17.76,2731,17.83,17.73,17.78,6.7419,867.0
2019-06-28 14:05,{},17.7,2731,17.79,17.7,17.76,16.7887,2159.0
2019-06-28 14:10,{},17.62,2731,17.72,17.6,17.7,30.4903,3921.0
2019-06-28 14:15,{},17.52,2731,17.62,17.46,17.62,27.721999999999998,3565.0
2019-06-28 14:20,{},17.6,2731,17.61,17.51,17.52,17.6052,2264.0
2019-06-28 14:25,{},17.54,2731,17.6,17.54,17.6,14.9846,1927.0
2019-06-28 14:30,{},17.54,2731,17.54,17.46,17.54,16.12,2073.0
2019-06-28 14:35,{},17.6,2731,17.68,17.54,17.54,11.6098,1493.0
2019-06-28 14:40,{},17.62,2731,17.64,17.55,17.6,9.1136,1172.0
2019-06-28 14:45,{},17.74,2731,17.77,17.61,17.62,9.7668,1256.0
2019-06-28 14:50,{},17.65,2731,17.79,17.64,17.74,8.4527,1087.0
2019-06-28 14:55,{},17.57,2731,17.69,17.57,17.65,8.3283,1071.0
2019-06-28 15:00,{},17.59,2731,17.59,17.53,17.57,14.2615,1834.0
2019-07-01 09:35,{},17.74,2731,17.8,17.3,17.37,88.8114,11421.0
2019-07-01 09:40,{},17.58,2731,17.76,17.46,17.72,23.1496,2977.0
2019-07-01 09:45,{},17.59,2731,17.67,17.45,17.58,33.9896,4371.0
2019-07-01 09:50,{},17.75,2731,17.77,17.48,17.59,14.8136,1905.0
2019-07-01 09:55,{},17.63,2731,17.76,17.62,17.76,14.7825,1901.0
2019-07-01 10:00,{},17.66,2731,17.66,17.59,17.63,12.1541,1563.0
2019-07-01 10:05,{},17.61,2731,17.67,17.59,17.66,11.9675,1539.0
2019-07-01 10:10,{},17.61,2731,17.66,17.61,17.61,7.0141,902.0
2019-07-01 10:15,{},17.65,2731,17.65,17.6,17.61,8.9348,1149.0
2019-07-01 10:20,{},17.68,2731,17.68,17.63,17.65,5.8243,749.0
2019-07-01 10:25,{},17.67,2731,17.74,17.67,17.68,8.7637,1127.0
2019-07-01 10:30,{},17.71,2731,17.73,17.67,17.67,7.745,996.0
2019-07-01 10:35,{},17.66,2731,17.72,17.65,17.71,5.7388,738.0
2019-07-01 10:40,{},17.62,2731,17.67,17.6,17.66,10.0934,1298.0
2019-07-01 10:45,{},17.63,2731,17.63,17.6,17.62,6.7497,868.0
2019-07-01 10:50,{},17.64,2731,17.65,17.61,17.63,4.7357,609.0
2019-07-01 10:55,{},17.57,2731,17.64,17.57,17.64,10.0001,1286.0
2019-07-01 11:00,{},17.62,2731,17.62,17.54,17.57,8.336,1072.0
2019-07-01 11:05,{},17.6,2731,17.63,17.58,17.62,7.4496,958.0
2019-07-01 11:10,{},17.59,2731,17.6,17.58,17.6,4.3469,559.0
2019-07-01 11:15,{},17.6,2731,17.6,17.58,17.59,6.3998,823.0
2019-07-01 11:20,{},17.58,2731,17.61,17.58,17.6,4.6735,601.0
2019-07-01 11:25,{},17.58,2731,17.59,17.57,17.58,4.8212,620.0
2019-07-01 11:30,{},17.64,2731,17.65,17.58,17.58,10.5522,1357.0
2019-07-01 13:05,{},17.65,2731,17.67,17.6,17.64,5.4122,696.0
2019-07-01 13:10,{},17.61,2731,17.65,17.6,17.65,3.3282,428.0
2019-07-01 13:15,{},17.6,2731,17.63,17.55,17.61,9.1292,1174.0
2019-07-01 13:20,{},17.58,2731,17.62,17.56,17.6,6.1743,794.0
2019-07-01 13:25,{},17.61,2731,17.61,17.56,17.58,4.2458,546.0
2019-07-01 13:30,{},17.57,2731,17.61,17.55,17.61,6.5786,846.0
2019-07-01 13:35,{},17.53,2731,17.59,17.48,17.57,14.6814,1888.0
2019-07-01 13:40,{},17.5,2731,17.53,17.45,17.53,25.1947,3240.0
2019-07-01 13:45,{},17.5,2731,17.51,17.46,17.5,9.4247,1212.0
2019-07-01 13:50,{},17.51,2731,17.52,17.48,17.5,5.0156,645.0
2019-07-01 13:55,{},17.52,2731,17.53,17.51,17.51,3.5148,452.0
2019-07-01 14:00,{},17.57,2731,17.58,17.51,17.52,2.3095,297.0
2019-07-01 14:05,{},17.56,2731,17.57,17.53,17.57,4.1836,538.0
2019-07-01 14:10,{},17.49,2731,17.56,17.46,17.56,14.5336,1869.0
2019-07-01 14:15,{},17.5,2731,17.5,17.45,17.49,12.4807,1605.0
2019-07-01 14:20,{},17.5,2731,17.5,17.45,17.5,10.9333,1406.0
2019-07-01 14:25,{},17.54,2731,17.56,17.5,17.5,7.8073,1004.0
2019-07-01 14:30,{},17.52,2731,17.55,17.47,17.54,11.4543,1473.0
2019-07-01 14:35,{},17.53,2731,17.53,17.5,17.52,5.1478,662.0
2019-07-01 14:40,{},17.58,2731,17.6,17.53,17.53,10.1557,1306.0
2019-07-01 14:45,{},17.67,2731,17.67,17.55,17.58,11.7964,1517.0
2019-07-01 14:50,{},17.65,2731,17.74,17.65,17.67,17.6596,2271.0
2019-07-01 14:55,{},17.68,2731,17.73,17.65,17.65,20.9878,2699.0
2019-07-01 15:00,{},17.71,2731,17.72,17.68,17.68,13.235,1702.0
2019-07-02 09:35,{},17.79,2731,18.0,17.72,18.0,43.5542,5601.0
2019-07-02 09:40,{},17.68,2731,17.79,17.66,17.79,18.7483,2411.0
2019-07-02 09:45,{},17.76,2731,17.76,17.67,17.68,11.8197,1520.0
2019-07-02 09:50,{},17.71,2731,17.76,17.68,17.76,12.6362,1625.0
2019-07-02 09:55,{},17.73,2731,17.73,17.67,17.71,10.039,1291.0
2019-07-02 10:00,{},17.61,2731,17.73,17.61,17.73,10.249,1318.0
2019-07-02 10:05,{},17.57,2731,17.62,17.56,17.61,11.983,1541.0
2019-07-02 10:05,{},17.57,2731,17.62,17.56,17.61,11.982999999999999,1541.0
2019-07-02 10:10,{},17.63,2731,17.63,17.52,17.57,15.0313,1933.0
2019-07-02 10:15,{},17.58,2731,17.63,17.56,17.63,11.081,1425.0
2019-07-02 10:20,{},17.58,2731,17.6,17.56,17.58,6.7186,864.0
2019-07-02 10:25,{},17.6,2731,17.63,17.57,17.58,10.1012,1299.0
2019-07-02 10:30,{},17.58,2731,17.6,17.57,17.6,5.5677,716.0
2019-07-02 10:35,{},17.61,2731,17.62,17.57,17.58,5.9721,768.0
2019-07-02 10:40,{},17.64,2731,17.65,17.6,17.61,4.4946,578.0
2019-07-02 10:45,{},17.59,2731,17.64,17.57,17.64,4.5413,584.0
2019-07-02 10:50,{},17.57,2731,17.6,17.57,17.59,3.6781,473.0
2019-07-02 10:55,{},17.54,2731,17.57,17.53,17.57,7.0063,901.0
2019-07-02 11:00,{},17.55,2731,17.56,17.54,17.54,2.3406,301.0
2019-07-02 11:05,{},17.58,2731,17.58,17.55,17.55,3.3982,437.0
2019-07-02 11:10,{},17.57,2731,17.58,17.56,17.58,1.7108,220.0
2019-07-02 11:15,{},17.55,2731,17.57,17.55,17.57,2.3484,302.0
2019-07-02 11:20,{},17.57,2731,17.57,17.55,17.55,2.3795,306.0
2019-07-02 11:25,{},17.55,2731,17.57,17.52,17.57,5.3344,686.0
2019-07-02 11:30,{},17.55,2731,17.57,17.55,17.55,3.3982,437.0
2019-07-02 13:05,{},17.53,2731,17.56,17.52,17.55,4.4946,578.0
2019-07-02 13:10,{},17.52,2731,17.54,17.49,17.53,11.672,1501.0
2019-07-02 13:15,{},17.54,2731,17.57,17.52,17.52,4.6268,595.0
2019-07-02 13:20,{},17.59,2731,17.6,17.52,17.54,9.0048,1158.0
2019-07-02 13:25,{},17.57,2731,17.61,17.56,17.59,4.4402,571.0
2019-07-02 13:30,{},17.61,2731,17.71,17.57,17.57,17.3797,2235.0
2019-07-02 13:35,{},17.66,2731,17.68,17.61,17.61,9.4869,1220.0
2019-07-02 13:40,{},17.58,2731,17.66,17.58,17.66,4.0125,516.0
2019-07-02 13:45,{},17.62,2731,17.62,17.56,17.58,4.8756,627.0
2019-07-02 13:50,{},17.55,2731,17.62,17.55,17.62,3.1338,403.0
2019-07-02 13:55,{},17.51,2731,17.57,17.5,17.55,10.0779,1296.0
2019-07-02 14:00,{},17.53,2731,17.66,17.51,17.51,18.1729,2337.0
2019-07-02 14:05,{},17.54,2731,17.59,17.52,17.53,2.4339,313.0
2019-07-02 14:10,{},17.56,2731,17.56,17.53,17.54,3.3360000000000003,429.0
2019-07-02 14:15,{},17.46,2731,17.56,17.42,17.56,13.8493,1781.0
2019-07-02 14:20,{},17.47,2731,17.53,17.46,17.46,7.7217,993.0
2019-07-02 14:25,{},17.5,2731,17.53,17.42,17.47,8.1883,1053.0
2019-07-02 14:30,{},17.52,2731,17.55,17.48,17.5,6.2054,798.0
2019-07-02 14:35,{},17.54,2731,17.54,17.5,17.52,8.476,1090.0
2019-07-02 14:40,{},17.52,2731,17.56,17.52,17.54,5.5288,711.0
2019-07-02 14:45,{},17.51,2731,17.54,17.5,17.52,6.6953,861.0
2019-07-02 14:50,{},17.52,2731,17.55,17.51,17.51,6.9208,890.0
2019-07-02 14:55,{},17.56,2731,17.57,17.51,17.52,10.7933,1388.0
2019-07-02 15:00,{},17.58,2731,17.6,17.55,17.56,21.7032,2791.0
2019-07-03 09:35,{},17.97,2731,18.2,17.85,18.08,157.5215,20257.0
2019-07-03 09:40,{},17.83,2731,17.97,17.83,17.97,24.1527,3106.0
2019-07-03 09:45,{},17.75,2731,17.9,17.75,17.83,23.1107,2972.0
2019-07-03 09:50,{},17.71,2731,17.8,17.7,17.75,17.4575,2245.0
2019-07-03 09:55,{},17.76,2731,17.79,17.7,17.71,8.616,1108.0
2019-07-03 10:00,{},17.78,2731,17.81,17.75,17.76,9.7513,1254.0
2019-07-03 10:05,{},17.76,2731,17.8,17.71,17.78,9.3158,1198.0
2019-07-03 10:10,{},17.69,2731,17.78,17.66,17.76,14.8991,1916.0
2019-07-03 10:15,{},17.67,2731,17.69,17.64,17.69,8.6004,1106.0
2019-07-03 10:20,{},17.69,2731,17.7,17.65,17.67,7.9317,1020.0
2019-07-03 10:25,{},17.66,2731,17.7,17.65,17.69,7.1307,917.0
2019-07-03 10:30,{},17.69,2731,17.69,17.66,17.66,3.8647,497.0
2019-07-03 10:35,{},17.74,2731,17.77,17.69,17.69,6.9208,890.0
2019-07-03 10:40,{},17.7,2731,17.74,17.7,17.74,3.056,393.0
2019-07-03 10:45,{},17.7,2731,17.71,17.67,17.7,2.8538,367.0
2019-07-03 10:50,{},17.68,2731,17.71,17.68,17.7,2.885,371.0
2019-07-03 10:55,{},17.7,2731,17.7,17.68,17.68,2.5739,331.0
2019-07-03 11:00,{},17.7,2731,17.7,17.68,17.7,3.2971,424.0
2019-07-03 11:05,{},17.69,2731,17.7,17.67,17.7,1.7574,226.0
2019-07-03 11:10,{},17.71,2731,17.74,17.69,17.69,2.3951,308.0
2019-07-03 11:15,{},17.69,2731,17.75,17.69,17.71,3.9036,502.0
2019-07-03 11:20,{},17.73,2731,17.73,17.68,17.69,3.927,505.0
2019-07-03 11:25,{},17.69,2731,17.73,17.69,17.73,3.3204,427.0
2019-07-03 11:30,{},17.67,2731,17.69,17.66,17.69,2.9705,382.0
2019-07-03 13:05,{},17.71,2731,17.77,17.67,17.67,5.0545,650.0
2019-07-03 13:10,{},17.72,2731,17.73,17.71,17.71,1.5163,195.0
2019-07-03 13:15,{},17.75,2731,17.76,17.72,17.72,4.2769,550.0
2019-07-03 13:20,{},17.77,2731,17.8,17.75,17.75,4.5179,581.0
2019-07-03 13:25,{},17.73,2731,17.77,17.7,17.77,3.9503,508.0
2019-07-03 13:30,{},17.74,2731,17.74,17.72,17.73,1.8896,243.0
2019-07-03 13:35,{},17.75,2731,17.75,17.72,17.74,4.0436,520.0
2019-07-03 13:40,{},17.75,2731,17.76,17.74,17.75,3.6859,474.0
2019-07-03 13:45,{},17.83,2731,17.85,17.74,17.75,11.5631,1487.0
2019-07-03 13:50,{},18.1,2731,18.17,17.79,17.83,38.7563,4984.0
2019-07-03 13:55,{},18.5,2731,18.85,18.04,18.1,99.4181,12785.0
2019-07-03 14:00,{},18.45,2731,18.52,18.32,18.5,42.2089,5428.0
2019-07-03 14:05,{},18.35,2731,18.47,18.27,18.45,19.7903,2545.0
2019-07-03 14:10,{},18.4,2731,18.55,18.32,18.33,40.8792,5257.0
2019-07-03 14:15,{},18.46,2731,18.58,18.4,18.4,31.2679,4021.0
2019-07-03 14:20,{},18.44,2731,18.52,18.44,18.46,14.0982,1813.0
2019-07-03 14:25,{},18.36,2731,18.46,18.36,18.44,10.2023,1312.0
2019-07-03 14:30,{},18.45,2731,18.46,18.36,18.36,15.7389,2024.0
2019-07-03 14:35,{},18.38,2731,18.45,18.35,18.45,14.3314,1843.0
2019-07-03 14:40,{},18.42,2731,18.48,18.37,18.38,14.137,1818.0
2019-07-03 14:45,{},18.46,2731,18.6,18.4,18.42,23.4451,3015.0
2019-07-03 14:50,{},18.53,2731,18.58,18.44,18.46,15.9022,2045.0
2019-07-03 14:55,{},18.61,2731,18.64,18.51,18.53,40.887,5258.0
2019-07-03 15:00,{},18.61,2731,18.62,18.6,18.61,26.8744,3456.0
2019-07-04 09:35,{},20.47,2731,20.47,19.9,19.9,359.2115,46194.0
2019-07-04 09:40,{},20.47,2731,20.47,20.47,20.47,15.5056,1994.0
2019-07-04 09:45,{},20.47,2731,20.47,20.47,20.47,7.0996,913.0
2019-07-04 09:50,{},20.47,2731,20.47,20.47,20.47,7.6517,984.0
2019-07-04 09:55,{},20.47,2731,20.47,20.47,20.47,10.4434,1343.0
2019-07-04 10:00,{},20.47,2731,20.47,20.47,20.47,9.1603,1178.0
2019-07-04 10:05,{},20.47,2731,20.47,20.47,20.47,1.5552,200.0
2019-07-04 10:10,{},20.47,2731,20.47,20.47,20.47,2.0918,269.0
2019-07-04 10:15,{},20.47,2731,20.47,20.47,20.47,4.7589999999999995,612.0
2019-07-04 10:15,{},20.47,2731,20.47,20.47,20.47,4.759,612.0
2019-07-04 10:20,{},20.47,2731,20.47,20.47,20.47,1.6641,214.0
2019-07-04 10:25,{},20.47,2731,20.47,20.47,20.47,1.9129,246.0
2019-07-04 10:30,{},20.47,2731,20.47,20.47,20.47,1.2675,163.0
2019-07-04 10:35,{},20.47,2731,20.47,20.47,20.47,2.1307,274.0
2019-07-04 10:40,{},20.47,2731,20.47,20.47,20.47,0.8865,114.0
2019-07-04 10:45,{},20.47,2731,20.47,20.47,20.47,1.3219,170.0
2019-07-04 10:50,{},20.47,2731,20.47,20.47,20.47,0.5754,74.0
2019-07-04 10:55,{},20.47,2731,20.47,20.47,20.47,0.8554,110.0
2019-07-04 11:00,{},20.47,2731,20.47,20.47,20.47,1.4541,187.0
2019-07-04 11:05,{},20.47,2731,20.47,20.47,20.47,0.1555,20.0
2019-07-04 11:10,{},20.47,2731,20.47,20.47,20.47,0.5288,68.0
2019-07-04 11:15,{},20.47,2731,20.47,20.47,20.47,0.311,40.0
2019-07-04 11:20,{},20.47,2731,20.47,20.47,20.47,0.5677,73.0
2019-07-04 11:25,{},20.47,2731,20.47,20.47,20.47,1.2364,159.0
2019-07-04 11:30,{},20.47,2731,20.47,20.47,20.47,0.1322,17.0
2019-07-04 13:05,{},20.47,2731,20.47,20.47,20.47,3.7792,486.0
2019-07-04 13:10,{},20.47,2731,20.47,20.47,20.47,0.5521,71.0
2019-07-04 13:15,{},20.47,2731,20.47,20.47,20.47,0.4743,61.0
2019-07-04 13:20,{},20.47,2731,20.47,20.47,20.47,0.4277,55.0
2019-07-04 13:25,{},20.47,2731,20.47,20.47,20.47,0.3655,47.0
2019-07-04 13:30,{},20.47,2731,20.47,20.47,20.47,0.4821,62.0
2019-07-04 13:35,{},20.47,2731,20.47,20.47,20.47,0.1089,14.0
2019-07-04 13:40,{},20.47,2731,20.47,20.47,20.47,6.7264,865.0
2019-07-04 13:50,{},20.47,2731,20.47,20.47,20.47,0.521,67.0
2019-07-04 13:55,{},20.47,2731,20.47,20.47,20.47,0.1866,24.0
2019-07-04 14:00,{},20.47,2731,20.47,20.47,20.47,6.4542,830.0
2019-07-04 14:05,{},20.47,2731,20.47,20.47,20.47,1.7185,221.0
2019-07-04 14:10,{},20.47,2731,20.47,20.47,20.47,0.6921,89.0
2019-07-04 14:15,{},20.47,2731,20.47,20.47,20.47,3.0094,387.0
2019-07-04 14:20,{},20.47,2731,20.47,20.47,20.47,4.0592,522.0
2019-07-04 14:25,{},20.47,2731,20.47,20.47,20.47,4.7046,605.0
2019-07-04 14:35,{},20.47,2731,20.47,20.47,20.47,3.2971,424.0
2019-07-04 14:40,{},20.47,2731,20.47,20.47,20.47,5.1012,656.0
2019-07-04 14:45,{},20.47,2731,20.47,20.47,20.47,2.986,384.0
2019-07-04 14:50,{},20.47,2731,20.47,20.47,20.47,2.0996,270.0
2019-07-04 14:55,{},20.47,2731,20.47,20.47,20.47,7.3951,951.0
2019-07-04 15:00,{},20.47,2731,20.47,20.47,20.47,9.8291,1264.0
2019-07-05 09:35,{},20.0,2731,20.47,19.39,20.47,328.3169,42221.0
2019-07-05 09:40,{},19.69,2731,20.01,19.66,20.0,81.8906,10531.0
2019-07-05 09:45,{},19.58,2731,19.7,19.4,19.69,79.7211,10252.0
2019-07-05 09:50,{},19.64,2731,19.8,19.55,19.58,44.5962,5735.0
2019-07-05 09:55,{},19.64,2731,19.68,19.59,19.64,28.7795,3701.0
2019-07-05 10:00,{},19.88,2731,19.88,19.53,19.64,30.3348,3901.0
2019-07-05 10:05,{},20.8,2731,20.83,19.85,19.88,128.7886,16562.0
2019-07-05 10:10,{},20.56,2731,21.3,20.56,20.8,204.5827,26309.0
2019-07-05 10:15,{},20.69,2731,20.84,20.4,20.56,72.0149,9261.0
2019-07-05 10:20,{},20.8,2731,20.96,20.69,20.69,54.3475,6989.0
2019-07-05 10:25,{},20.96,2731,21.15,20.73,20.8,59.8997,7703.0
2019-07-05 10:30,{},20.85,2731,21.09,20.82,20.96,40.2027,5170.0
2019-07-05 10:35,{},20.86,2731,20.94,20.74,20.85,25.7002,3305.0
2019-07-05 10:40,{},20.69,2731,20.88,20.42,20.86,28.8651,3712.0
2019-07-05 10:45,{},20.48,2731,20.7,20.47,20.69,18.2662,2349.0
2019-07-05 10:50,{},20.38,2731,20.49,20.31,20.48,19.9225,2562.0
2019-07-05 10:55,{},20.55,2731,20.69,20.38,20.38,16.0266,2061.0
2019-07-05 11:00,{},20.77,2731,20.77,20.47,20.55,12.784,1644.0
2019-07-05 11:05,{},20.68,2731,20.86,20.48,20.77,9.9768,1283.0
2019-07-05 11:10,{},20.8,2731,21.06,20.64,20.68,38.733000000000004,4981.0
2019-07-05 11:10,{},20.8,2731,21.06,20.64,20.68,38.733,4981.0
2019-07-05 11:15,{},20.74,2731,21.0,20.72,20.8,18.5928,2391.0
2019-07-05 11:20,{},20.99,2731,21.03,20.7,20.74,36.4235,4684.0
2019-07-05 11:25,{},20.82,2731,20.99,20.82,20.99,10.7155,1378.0
2019-07-05 11:30,{},21.0,2731,21.08,20.82,20.82,36.058,4637.0
2019-07-05 13:05,{},20.96,2731,21.1,20.86,21.0,24.0283,3090.0
2019-07-05 13:10,{},20.79,2731,20.96,20.79,20.96,12.5507,1614.0
2019-07-05 13:15,{},20.9,2731,20.98,20.79,20.79,20.008,2573.0
2019-07-05 13:20,{},21.18,2731,21.33,20.9,20.9,53.3444,6860.0
2019-07-05 13:25,{},21.25,2731,21.38,21.06,21.18,33.523,4311.0
2019-07-05 13:30,{},21.15,2731,21.3,21.15,21.25,23.3829,3007.0
2019-07-05 13:35,{},21.18,2731,21.25,21.04,21.15,24.3316,3129.0
2019-07-05 13:40,{},21.15,2731,21.28,21.12,21.18,21.1356,2718.0
2019-07-05 13:45,{},21.25,2731,21.38,21.15,21.15,20.358,2618.0
2019-07-05 13:50,{},21.35,2731,21.35,21.17,21.25,22.3875,2879.0
2019-07-05 13:55,{},21.5,2731,21.65,21.35,21.35,54.402,6996.0
2019-07-05 14:00,{},22.52,2731,22.52,21.36,21.5,174.7612,22474.0
2019-07-05 14:05,{},22.1,2731,22.52,22.01,22.52,57.1158,7345.0
2019-07-05 14:10,{},21.9,2731,22.1,21.86,22.1,36.7656,4728.0
2019-07-05 14:15,{},22.09,2731,22.16,21.81,21.9,32.9398,4236.0
2019-07-05 14:20,{},21.98,2731,22.1,21.91,22.09,27.131,3489.0
2019-07-05 14:25,{},21.95,2731,22.0,21.9,21.98,8.9037,1145.0
2019-07-05 14:30,{},22.01,2731,22.05,21.94,21.95,14.8836,1914.0
2019-07-05 14:35,{},21.88,2731,22.01,21.88,22.01,13.4139,1725.0
2019-07-05 14:40,{},21.9,2731,21.91,21.71,21.88,15.4357,1985.0
2019-07-05 14:45,{},22.05,2731,22.05,21.8,21.9,36.2213,4658.0
2019-07-05 14:50,{},22.52,2731,22.52,22.05,22.05,183.0817,23544.0
2019-07-05 14:55,{},22.52,2731,22.52,22.49,22.52,77.6682,9988.0
2019-07-05 15:00,{},22.52,2731,22.52,22.52,22.52,37.5044,4823.0
2019-07-08 09:35,{},12.8,2731,12.95,12.43,12.43,344.4706,75656.0
2019-07-08 09:40,{},12.75,2731,12.93,12.69,12.8,80.9681,17783.0
2019-07-08 09:45,{},12.7,2731,12.83,12.67,12.75,64.973,14270.0
2019-07-08 09:50,{},12.9,2731,13.0,12.68,12.7,69.0344,15162.0
2019-07-08 09:55,{},12.78,2731,12.97,12.77,12.9,45.3445,9959.0
2019-07-08 10:00,{},12.97,2731,12.97,12.77,12.78,29.7455,6533.0
2019-07-08 10:05,{},12.76,2731,12.97,12.72,12.97,36.7482,8071.0
2019-07-08 10:10,{},12.6,2731,12.76,12.56,12.76,46.3598,10182.0
2019-07-08 10:15,{},12.05,2731,12.69,12.05,12.6,127.8242,28074.0
2019-07-08 10:20,{},12.05,2731,12.27,12.0,12.05,115.9588,25468.0
2019-07-08 10:25,{},12.42,2731,12.43,12.05,12.05,36.6162,8042.0
2019-07-08 10:30,{},12.38,2731,12.43,12.23,12.42,26.185,5751.0
2019-07-08 10:35,{},12.25,2731,12.4,12.15,12.38,12.5939,2766.0
2019-07-08 10:40,{},12.4,2731,12.4,12.21,12.25,15.8995,3492.0
2019-07-08 10:45,{},12.2,2731,12.42,12.2,12.4,20.102,4415.0
2019-07-08 10:50,{},12.22,2731,12.34,12.2,12.2,16.0998,3536.0
2019-07-08 10:55,{},12.26,2731,12.28,12.1,12.22,23.5168,5165.0
2019-07-08 11:00,{},12.2,2731,12.26,12.1,12.26,25.7615,5658.0
2019-07-08 11:05,{},12.21,2731,12.33,12.18,12.2,21.7138,4769.0
2019-07-08 11:10,{},12.15,2731,12.21,12.05,12.21,28.161,6185.0
2019-07-08 11:15,{},12.21,2731,12.28,12.11,12.15,7.9588,1748.0
2019-07-08 11:20,{},12.15,2731,12.21,12.13,12.21,10.5587,2319.0
2019-07-08 11:25,{},12.2,2731,12.25,12.14,12.15,9.4932,2085.0
2019-07-08 11:30,{},12.24,2731,12.24,12.19,12.2,4.0705,894.0
2019-07-08 13:05,{},12.25,2731,12.27,12.21,12.24,15.4943,3403.0
2019-07-08 13:10,{},12.25,2731,12.25,12.14,12.25,14.1283,3103.0
2019-07-08 13:15,{},12.24,2731,12.29,12.22,12.25,13.3133,2924.0
2019-07-08 13:20,{},12.25,2731,12.29,12.1,12.24,16.2501,3569.0
2019-07-08 13:25,{},12.69,2731,12.69,12.25,12.25,48.1264,10570.0
2019-07-08 13:30,{},12.46,2731,12.7,12.4,12.68,35.0135,7690.0
2019-07-08 13:35,{},12.5,2731,12.6,12.38,12.46,31.7125,6965.0
2019-07-08 13:40,{},12.46,2731,12.53,12.38,12.5,19.1777,4212.0
2019-07-08 13:45,{},12.6,2731,12.79,12.46,12.46,48.8003,10718.0
2019-07-08 13:50,{},12.83,2731,13.05,12.59,12.6,52.7888,11594.0
2019-07-08 13:55,{},12.8,2731,13.0,12.77,12.83,35.8285,7869.0
2019-07-08 14:00,{},12.74,2731,12.84,12.68,12.8,14.702,3229.0
2019-07-08 14:05,{},12.78,2731,12.94,12.72,12.74,16.0816,3532.0
2019-07-08 14:10,{},12.75,2731,12.9,12.75,12.78,11.1551,2450.0
2019-07-08 14:15,{},12.62,2731,12.75,12.61,12.75,15.2529,3350.0
2019-07-08 14:20,{},12.66,2731,12.72,12.62,12.62,6.2879,1381.0
2019-07-08 14:25,{},12.73,2731,12.74,12.62,12.66,9.8621,2166.0
2019-07-08 14:30,{},12.69,2731,12.73,12.61,12.73,9.8894,2172.0
2019-07-08 14:35,{},12.57,2731,12.79,12.5,12.69,25.0057,5492.0
2019-07-08 14:40,{},12.57,2731,12.62,12.54,12.57,13.7868,3028.0
2019-07-08 14:45,{},12.42,2731,12.57,12.2,12.57,28.2066,6195.0
2019-07-08 14:50,{},12.49,2731,12.49,12.34,12.42,27.2003,5974.0
2019-07-08 14:55,{},12.53,2731,12.55,12.45,12.49,69.1482,15187.0
2019-07-08 15:00,{},12.67,2731,12.67,12.5,12.53,40.9644,8997.0
2019-07-09 09:35,{},12.1,2731,12.25,11.53,12.1,195.5518,42949.0
2019-07-09 09:40,{},11.89,2731,12.1,11.83,12.1,44.1197,9690.0
2019-07-09 09:45,{},11.77,2731,11.89,11.6,11.89,74.917,16454.0
2019-07-09 09:50,{},11.73,2731,11.92,11.63,11.77,48.7366,10704.0
2019-07-09 09:55,{},11.81,2731,11.83,11.66,11.73,34.071,7483.0
2019-07-09 10:00,{},11.78,2731,11.88,11.76,11.81,20.0701,4408.0
2019-07-09 10:05,{},11.87,2731,11.88,11.75,11.78,20.061,4406.0
2019-07-09 10:10,{},11.79,2731,11.91,11.78,11.87,14.7248,3234.0
2019-07-09 10:15,{},11.9,2731,11.92,11.77,11.79,18.645,4095.0
2019-07-09 10:20,{},11.85,2731,11.9,11.8,11.9,9.7664,2145.0
2019-07-09 10:25,{},11.94,2731,11.98,11.85,11.85,19.3189,4243.0
2019-07-09 10:30,{},11.91,2731,11.95,11.85,11.94,7.6583,1682.0
2019-07-09 10:35,{},11.91,2731,11.94,11.88,11.91,8.141,1788.0
2019-07-09 10:40,{},11.82,2731,11.94,11.8,11.91,13.0219,2860.0
2019-07-09 10:45,{},11.71,2731,11.84,11.7,11.82,20.9762,4607.0
2019-07-09 10:50,{},11.75,2731,11.81,11.7,11.71,17.0423,3743.0
2019-07-09 10:55,{},11.72,2731,11.77,11.7,11.75,20.7668,4561.0
2019-07-09 11:00,{},11.76,2731,11.85,11.7,11.72,11.36,2495.0
2019-07-09 11:05,{},11.88,2731,11.89,11.72,11.76,8.8922,1953.0
2019-07-09 11:10,{},11.83,2731,11.91,11.83,11.88,6.6111,1452.0
2019-07-09 11:15,{},11.78,2731,11.83,11.75,11.83,6.8524,1505.0
2019-07-09 11:20,{},11.77,2731,11.8,11.76,11.78,5.4182,1190.0
2019-07-09 11:25,{},11.85,2731,11.93,11.77,11.77,8.5189,1871.0
2019-07-09 11:30,{},11.88,2731,11.9,11.85,11.85,4.4165,970.0
2019-07-09 13:05,{},11.81,2731,11.91,11.78,11.88,9.4568,2077.0
2019-07-09 13:10,{},11.82,2731,11.85,11.78,11.81,3.4057,748.0
2019-07-09 13:15,{},11.73,2731,11.82,11.73,11.82,5.5502,1219.0
2019-07-09 13:20,{},11.73,2731,11.78,11.73,11.73,10.5496,2317.0
2019-07-09 13:25,{},11.74,2731,11.75,11.72,11.73,6.2833,1380.0
2019-07-09 13:30,{},11.69,2731,11.75,11.69,11.74,13.6002,2987.0
2019-07-09 13:35,{},11.78,2731,11.78,11.67,11.69,13.9826,3071.0
2019-07-09 13:40,{},11.66,2731,11.78,11.65,11.78,13.368,2936.0
2019-07-09 13:45,{},11.58,2731,11.66,11.57,11.66,35.2366,7739.0
2019-07-09 13:50,{},11.59,2731,11.65,11.55,11.58,13.4362,2951.0
2019-07-09 13:55,{},11.56,2731,11.66,11.56,11.59,11.2508,2471.0
2019-07-09 14:00,{},11.4,2731,11.56,11.4,11.56,89.7374,19709.0
2019-07-09 14:05,{},11.4,2731,11.4,11.4,11.4,8.1273,1785.0
2019-07-09 14:10,{},11.4,2731,11.4,11.4,11.4,6.4472,1416.0
2019-07-09 14:15,{},11.4,2731,11.4,11.4,11.4,3.4649,761.0
2019-07-09 14:20,{},11.4,2731,11.4,11.4,11.4,5.1678,1135.0
2019-07-09 14:25,{},11.4,2731,11.4,11.4,11.4,3.3739,741.0
2019-07-09 14:30,{},11.4,2731,11.4,11.4,11.4,2.5497,560.0
2019-07-09 14:35,{},11.4,2731,11.4,11.4,11.4,1.8304,402.0
2019-07-09 14:40,{},11.4,2731,11.4,11.4,11.4,1.885,414.0
2019-07-09 14:45,{},11.4,2731,11.4,11.4,11.4,1.4115,310.0
2019-07-09 14:50,{},11.4,2731,11.4,11.4,11.4,2.527,555.0
2019-07-09 14:55,{},11.4,2731,11.4,11.4,11.4,5.5366,1216.0
2019-07-09 15:00,{},11.4,2731,11.4,11.4,11.4,7.1256,1565.0
2019-07-10 09:35,{},10.75,2731,10.96,10.63,10.84,234.7041,51548.0
2019-07-10 09:40,{},10.77,2731,10.89,10.66,10.75,85.5667,18793.0
2019-07-10 09:45,{},10.81,2731,10.83,10.75,10.77,44.3428,9739.0
2019-07-10 09:50,{},11.02,2731,11.11,10.81,10.81,39.1796,8605.0
2019-07-10 09:55,{},10.92,2731,11.03,10.91,11.02,25.2152,5538.0
2019-07-10 10:00,{},10.89,2731,10.99,10.81,10.92,20.4435,4490.0
2019-07-10 10:05,{},10.9,2731,10.92,10.85,10.89,19.2642,4231.0
2019-07-10 10:10,{},10.73,2731,10.9,10.72,10.9,35.141,7718.0
2019-07-10 10:15,{},10.72,2731,10.8,10.72,10.73,32.4455,7126.0
2019-07-10 10:20,{},10.82,2731,10.84,10.72,10.72,15.1938,3337.0
2019-07-10 10:25,{},10.81,2731,10.85,10.81,10.82,10.7362,2358.0
2019-07-10 10:30,{},10.83,2731,10.83,10.78,10.81,8.2457,1811.0
2019-07-10 10:35,{},10.87,2731,10.87,10.81,10.83,5.8644,1288.0
2019-07-10 10:40,{},10.88,2731,10.88,10.83,10.87,6.6202,1454.0
2019-07-10 10:45,{},10.84,2731,10.92,10.84,10.88,8.5189,1871.0
2019-07-10 10:50,{},10.9,2731,10.91,10.83,10.84,8.4825,1863.0
2019-07-10 10:55,{},10.89,2731,10.9,10.87,10.9,4.9583,1089.0
2019-07-10 11:00,{},10.86,2731,10.89,10.85,10.89,7.9953,1756.0
2019-07-10 11:05,{},10.92,2731,10.93,10.86,10.86,5.9646,1310.0
2019-07-10 11:10,{},10.9,2731,10.92,10.85,10.92,6.8752,1510.0
2019-07-10 11:15,{},10.83,2731,10.9,10.83,10.9,7.9543,1747.0
2019-07-10 11:20,{},10.91,2731,10.92,10.82,10.83,4.6351,1018.0
2019-07-10 11:25,{},10.92,2731,10.92,10.87,10.91,5.1587,1133.0
2019-07-10 11:30,{},10.94,2731,10.94,10.9,10.92,5.2133,1145.0
2019-07-10 13:05,{},10.85,2731,10.94,10.84,10.94,10.2217,2245.0
2019-07-10 13:10,{},10.8,2731,10.87,10.8,10.85,12.4619,2737.0
2019-07-10 13:15,{},10.82,2731,10.84,10.8,10.8,5.5502,1219.0
2019-07-10 13:20,{},10.7,2731,10.84,10.68,10.82,19.0457,4183.0
2019-07-10 13:25,{},10.72,2731,10.8,10.7,10.7,17.748,3898.0
2019-07-10 13:30,{},10.7,2731,10.75,10.67,10.72,25.0604,5504.0
2019-07-10 13:35,{},10.5,2731,10.7,10.43,10.7,69.8403,15339.0
2019-07-10 13:40,{},10.57,2731,10.6,10.48,10.5,20.8305,4575.0
2019-07-10 13:45,{},10.56,2731,10.57,10.51,10.57,17.1243,3761.0
2019-07-10 13:50,{},10.54,2731,10.57,10.45,10.56,39.2479,8620.0
2019-07-10 13:55,{},10.54,2731,10.54,10.46,10.54,16.669,3661.0
2019-07-10 14:00,{},10.71,2731,10.73,10.54,10.54,14.6975,3228.0
2019-07-10 14:05,{},10.69,2731,10.72,10.6,10.71,14.2103,3121.0
2019-07-10 14:10,{},10.61,2731,10.74,10.61,10.69,8.2548,1813.0
2019-07-10 14:15,{},10.59,2731,10.66,10.58,10.61,10.627,2334.0
2019-07-10 14:20,{},10.53,2731,10.59,10.53,10.59,21.7002,4766.0
2019-07-10 14:25,{},10.62,2731,10.62,10.45,10.53,25.3973,5578.0
2019-07-10 14:30,{},10.66,2731,10.67,10.51,10.62,14.3605,3154.0
2019-07-10 14:35,{},10.55,2731,10.66,10.55,10.66,11.2963,2481.0
2019-07-10 14:40,{},10.55,2731,10.57,10.52,10.55,15.9723,3508.0
2019-07-10 14:45,{},10.49,2731,10.58,10.46,10.55,27.5464,6050.0
2019-07-10 14:50,{},10.58,2731,10.62,10.49,10.49,19.7195,4331.0
2019-07-10 14:55,{},10.55,2731,10.58,10.48,10.58,32.7005,7182.0
2019-07-10 15:00,{},10.52,2731,10.55,10.51,10.55,34.8313,7650.0
2019-07-11 09:35,{},10.98,2731,11.18,10.78,10.95,307.6131,67561.0
2019-07-11 09:40,{},11.04,2731,11.04,10.9,10.98,85.5349,18786.0
2019-07-11 09:45,{},11.01,2731,11.2,11.01,11.04,80.4445,17668.0
2019-07-11 09:50,{},11.13,2731,11.25,11.01,11.01,57.1371,12549.0
2019-07-11 09:55,{},11.09,2731,11.15,11.06,11.13,29.3312,6442.0
2019-07-11 10:00,{},10.99,2731,11.12,10.99,11.09,33.9071,7447.0
2019-07-11 10:05,{},10.98,2731,11.04,10.92,10.99,24.5914,5401.0
2019-07-11 10:10,{},11.0,2731,11.0,10.97,10.98,18.2125,4000.0
2019-07-11 10:15,{},11.04,2731,11.07,10.99,11.0,24.5276,5387.0
2019-07-11 10:20,{},11.01,2731,11.05,11.0,11.04,10.3811,2280.0
2019-07-11 10:25,{},10.94,2731,11.01,10.94,11.01,14.4015,3163.0
2019-07-11 10:30,{},11.03,2731,11.1,10.92,10.94,18.7816,4125.0
2019-07-11 10:35,{},11.08,2731,11.1,11.0,11.03,11.7425,2579.0
2019-07-11 10:40,{},11.02,2731,11.08,11.0,11.08,10.9366,2402.0
2019-07-11 10:45,{},11.02,2731,11.07,11.01,11.02,15.5352,3412.0
2019-07-11 10:50,{},10.99,2731,11.03,10.99,11.02,15.4715,3398.0
2019-07-11 10:55,{},11.0,2731,11.03,10.98,10.99,6.5565,1440.0
2019-07-11 11:00,{},11.06,2731,11.06,11.0,11.0,8.2457,1811.0
2019-07-11 11:05,{},11.04,2731,11.07,11.02,11.06,6.2833,1380.0
2019-07-11 11:10,{},11.06,2731,11.08,11.03,11.04,7.1848,1578.0
2019-07-11 11:15,{},11.02,2731,11.06,11.01,11.06,5.3044,1165.0
2019-07-11 11:20,{},11.02,2731,11.04,11.01,11.02,6.2651,1376.0
2019-07-11 11:25,{},11.11,2731,11.11,11.0,11.02,19.2688,4232.0
2019-07-11 11:30,{},11.25,2731,11.3,11.11,11.11,66.5165,14609.0
2019-07-11 13:05,{},11.27,2731,11.33,11.19,11.25,61.0118,13400.0
2019-07-11 13:10,{},11.32,2731,11.35,11.23,11.27,37.8546,8314.0
2019-07-11 13:15,{},11.57,2731,11.57,11.32,11.32,136.6755,30018.0
2019-07-11 13:20,{},11.57,2731,11.57,11.57,11.57,4.0978,900.0
2019-07-11 13:25,{},11.57,2731,11.57,11.57,11.57,17.9347,3939.0
2019-07-11 13:30,{},11.57,2731,11.57,11.57,11.57,7.5309,1654.0
2019-07-11 13:35,{},11.57,2731,11.57,11.57,11.57,12.5347,2753.0
2019-07-11 13:40,{},11.57,2731,11.57,11.57,11.57,3.087,678.0
2019-07-11 13:45,{},11.57,2731,11.57,11.57,11.57,4.1661,915.0
2019-07-11 13:50,{},11.57,2731,11.57,11.35,11.57,146.6604,32211.0
2019-07-11 13:55,{},11.56,2731,11.57,11.5,11.57,95.4106,20955.0
2019-07-11 14:00,{},11.49,2731,11.57,11.42,11.56,54.3415,11935.0
2019-07-11 14:05,{},11.56,2731,11.57,11.44,11.49,36.8802,8100.0
2019-07-11 14:10,{},11.49,2731,11.56,11.45,11.56,19.8516,4360.0
2019-07-11 14:15,{},11.57,2731,11.57,11.46,11.49,23.8265,5233.0
2019-07-11 14:20,{},11.56,2731,11.57,11.55,11.57,19.8971,4370.0
2019-07-11 14:25,{},11.57,2731,11.57,11.56,11.56,21.9278,4816.0
2019-07-11 14:30,{},11.57,2731,11.57,11.57,11.57,4.5395,997.0
2019-07-11 14:35,{},11.57,2731,11.57,11.57,11.57,25.8708,5682.0
2019-07-11 14:40,{},11.57,2731,11.57,11.49,11.57,39.1295,8594.0
2019-07-11 14:45,{},11.57,2731,11.57,11.56,11.57,13.9143,3056.0
2019-07-11 14:50,{},11.57,2731,11.57,11.57,11.57,3.7654,827.0
2019-07-11 14:55,{},11.57,2731,11.57,11.57,11.57,2.6317,578.0
2019-07-11 15:00,{},11.57,2731,11.57,11.57,11.57,1.0245,225.0
2019-07-12 09:35,{},11.28,2731,11.32,11.08,11.11,255.9353,56211.0
2019-07-12 09:40,{},11.26,2731,11.3,11.2,11.28,72.859,16002.0
2019-07-12 09:45,{},11.35,2731,11.36,11.21,11.26,60.7249,13337.0
2019-07-12 09:50,{},11.48,2731,11.56,11.33,11.35,72.3035,15880.0
2019-07-12 09:55,{},11.32,2731,11.52,11.3,11.48,54.7558,12026.0
2019-07-12 10:00,{},11.42,2731,11.43,11.3,11.32,23.4941,5160.0
2019-07-12 10:05,{},11.4,2731,11.5,11.35,11.42,24.218000000000004,5319.0
2019-07-12 10:10,{},11.3,2731,11.42,11.3,11.4,30.169,6626.0
2019-07-12 10:15,{},11.26,2731,11.35,11.2,11.3,51.432,11296.0
2019-07-12 10:20,{},11.32,2731,11.33,11.24,11.26,21.0172,4616.0
2019-07-12 10:25,{},11.3,2731,11.33,11.28,11.32,14.5609,3198.0
2019-07-12 10:30,{},11.36,2731,11.39,11.29,11.3,17.361,3813.0
2019-07-12 10:35,{},11.32,2731,11.42,11.32,11.36,22.8157,5011.0
2019-07-12 10:40,{},11.29,2731,11.34,11.27,11.32,17.0287,3740.0
2019-07-12 10:45,{},11.27,2731,11.33,11.27,11.29,9.7664,2145.0
2019-07-12 10:50,{},11.22,2731,11.27,11.17,11.27,45.3081,9951.0
2019-07-12 10:55,{},11.17,2731,11.25,11.16,11.22,19.7787,4344.0
2019-07-12 11:00,{},11.23,2731,11.24,11.16,11.17,17.3474,3810.0
2019-07-12 11:05,{},11.23,2731,11.3,11.21,11.23,12.8079,2813.0
2019-07-12 11:10,{},11.21,2731,11.25,11.21,11.23,8.4825,1863.0
2019-07-12 11:15,{},11.22,2731,11.23,11.19,11.21,8.1683,1794.0
2019-07-12 11:20,{},11.21,2731,11.27,11.2,11.22,14.916,3276.0
2019-07-12 11:25,{},11.2,2731,11.22,11.19,11.21,7.8405,1722.0
2019-07-12 11:30,{},11.24,2731,11.24,11.18,11.2,7.6083,1671.0
2019-07-12 13:05,{},11.26,2731,11.32,11.23,11.24,21.7366,4774.0
2019-07-12 13:10,{},11.29,2731,11.3,11.26,11.26,9.6799,2126.0
2019-07-12 13:15,{},11.25,2731,11.3,11.23,11.3,6.9845,1534.0
2019-07-12 13:20,{},11.21,2731,11.26,11.19,11.25,14.9115,3275.0
2019-07-12 13:25,{},11.22,2731,11.27,11.21,11.21,7.5992,1669.0
2019-07-12 13:30,{},11.28,2731,11.3,11.21,11.22,9.9668,2189.0
2019-07-12 13:35,{},11.27,2731,11.3,11.24,11.28,6.3334,1391.0
2019-07-12 13:40,{},11.23,2731,11.27,11.22,11.27,7.5309,1654.0
2019-07-12 13:45,{},11.22,2731,11.24,11.2,11.23,12.6622,2781.0
2019-07-12 13:50,{},11.2,2731,11.24,11.2,11.22,11.014,2419.0
2019-07-12 13:55,{},11.17,2731,11.2,11.15,11.2,16.9649,3726.0
2019-07-12 14:00,{},11.15,2731,11.18,11.0,11.17,64.2536,14112.0
2019-07-12 14:05,{},11.12,2731,11.15,11.1,11.15,9.9486,2185.0
2019-07-12 14:10,{},11.09,2731,11.13,11.01,11.12,39.4664,8668.0
2019-07-12 14:15,{},11.12,2731,11.14,11.06,11.09,10.9366,2402.0
2019-07-12 14:20,{},11.19,2731,11.2,11.1,11.12,14.3059,3142.0
2019-07-12 14:25,{},11.24,2731,11.32,11.19,11.19,31.2435,6862.0
2019-07-12 14:30,{},11.21,2731,11.25,11.2,11.24,10.4585,2297.0
2019-07-12 14:35,{},11.2,2731,11.23,11.18,11.21,8.1228,1784.0
2019-07-12 14:40,{},11.13,2731,11.2,11.12,11.2,14.7293,3235.0
2019-07-12 14:45,{},11.24,2731,11.24,11.13,11.13,15.0253,3300.0
2019-07-12 14:50,{},11.22,2731,11.25,11.16,11.24,21.4543,4712.0
2019-07-12 14:55,{},11.21,2731,11.23,11.15,11.22,42.0981,9246.0
2019-07-12 15:00,{},11.29,2731,11.29,11.21,11.21,32.8325,7211.0
2019-08-01 14:55,{},9.1,2731,9.13,9.1,9.13,19.9017,4371.0
2019-08-01 15:00,{},9.1,2731,9.11,9.1,9.1,15.2393,3347.0
2019-08-02 09:35,{},9.29,2731,9.44,9.27,9.33,148.3497,32582.0
2019-08-02 09:40,{},9.32,2731,9.35,9.28,9.29,36.9349,8112.0
2019-08-02 09:45,{},9.27,2731,9.32,9.25,9.32,21.2221,4661.0
2019-08-02 09:50,{},9.23,2731,9.28,9.2,9.27,24.0905,5291.0
2019-08-02 09:55,{},9.23,2731,9.25,9.22,9.23,12.1659,2672.0
2019-08-02 10:00,{},9.18,2731,9.24,9.16,9.23,26.9408,5917.0
2019-08-02 10:05,{},9.18,2731,9.19,9.17,9.18,10.7909,2370.0
2019-08-02 10:10,{},9.23,2731,9.23,9.18,9.18,8.7147,1914.0
2019-08-02 10:15,{},9.23,2731,9.26,9.22,9.23,12.3526,2713.0
2019-08-02 10:20,{},9.2,2731,9.23,9.19,9.23,5.0904,1118.0
2019-08-02 10:25,{},9.21,2731,9.22,9.19,9.2,3.4467,757.0
2019-08-02 10:30,{},9.19,2731,9.22,9.18,9.21,4.7671,1047.0
2019-08-02 10:35,{},9.2,2731,9.21,9.18,9.19,4.3346,952.0
2019-08-02 10:40,{},9.19,2731,9.22,9.17,9.2,6.4199,1410.0
2019-08-02 10:45,{},9.19,2731,9.19,9.17,9.19,3.1599,694.0
2019-08-02 10:50,{},9.19,2731,9.19,9.17,9.19,2.6772,588.0
2019-08-02 10:55,{},9.18,2731,9.19,9.17,9.19,4.0659,893.0
2019-08-02 11:00,{},9.18,2731,9.18,9.17,9.18,3.1553,693.0
2019-08-02 11:05,{},9.17,2731,9.18,9.16,9.18,2.782,611.0
2019-08-02 11:10,{},9.12,2731,9.17,9.12,9.17,7.1438,1569.0
2019-08-02 11:15,{},9.13,2731,9.14,9.11,9.12,6.4062,1407.0
2019-08-02 11:20,{},9.09,2731,9.14,9.09,9.13,8.3049,1824.0
2019-08-02 11:25,{},9.12,2731,9.12,9.08,9.09,15.7492,3459.0
2019-08-02 11:30,{},9.12,2731,9.13,9.11,9.12,3.1007,681.0
2019-08-02 13:05,{},9.11,2731,9.12,9.1,9.12,3.6061,792.0
2019-08-02 13:10,{},9.1,2731,9.12,9.1,9.11,3.4376,755.0
2019-08-02 13:15,{},9.12,2731,9.13,9.1,9.1,2.5088,551.0
2019-08-02 13:20,{},9.16,2731,9.18,9.12,9.12,5.8553,1286.0
2019-08-02 13:25,{},9.16,2731,9.16,9.15,9.16,1.844,405.0
2019-08-02 13:30,{},9.14,2731,9.16,9.12,9.16,4.5577,1001.0
2019-08-02 13:35,{},9.13,2731,9.14,9.12,9.14,2.8958,636.0
2019-08-02 13:40,{},9.17,2731,9.17,9.12,9.13,5.4637,1200.0
2019-08-02 13:45,{},9.16,2731,9.21,9.15,9.17,13.0811,2873.0
2019-08-02 13:50,{},9.14,2731,9.19,9.14,9.16,5.614,1233.0
2019-08-02 13:55,{},9.16,2731,9.18,9.14,9.14,2.9003,637.0
2019-08-02 14:00,{},9.17,2731,9.17,9.16,9.16,1.6118,354.0
2019-08-02 14:05,{},9.16,2731,9.18,9.16,9.17,3.6379,799.0
2019-08-02 14:10,{},9.16,2731,9.17,9.15,9.16,3.2555,715.0
2019-08-02 14:15,{},9.15,2731,9.17,9.15,9.16,5.1496,1131.0
2019-08-02 14:20,{},9.16,2731,9.17,9.15,9.15,2.3904,525.0
2019-08-02 14:25,{},9.16,2731,9.17,9.15,9.16,3.2874,722.0
2019-08-02 14:30,{},9.14,2731,9.17,9.14,9.16,3.6197,795.0
2019-08-02 14:35,{},9.14,2731,9.15,9.14,9.14,3.2691,718.0
2019-08-02 14:40,{},9.15,2731,9.16,9.14,9.14,4.8673,1069.0
2019-08-02 14:45,{},9.14,2731,9.15,9.14,9.15,6.0784,1335.0
2019-08-02 14:50,{},9.12,2731,9.14,9.1,9.14,17.0059,3735.0
2019-08-02 14:55,{},9.11,2731,9.13,9.1,9.12,22.7018,4986.0
2019-08-02 15:00,{},9.09,2731,9.11,9.09,9.11,18.2853,4016.0
2019-08-05 09:35,{},9.18,2731,9.18,9.01,9.01,35.4733,7791.0
2019-08-05 09:40,{},9.21,2731,9.26,9.16,9.18,33.0055,7249.0
2019-08-05 09:45,{},9.22,2731,9.25,9.15,9.21,25.9664,5703.0
2019-08-05 09:50,{},9.33,2731,9.39,9.22,9.22,59.3909,13044.0
2019-08-05 09:55,{},9.28,2731,9.33,9.25,9.33,17.4794,3839.0
2019-08-05 10:00,{},9.27,2731,9.3,9.26,9.28,10.5086,2308.0
2019-08-05 10:05,{},9.27,2731,9.27,9.24,9.26,9.2246,2026.0
2019-08-05 10:10,{},9.19,2731,9.28,9.19,9.27,15.8403,3479.0
2019-08-05 10:15,{},9.21,2731,9.23,9.14,9.19,11.829,2598.0
2019-08-05 10:20,{},9.21,2731,9.23,9.17,9.21,7.2986,1603.0
2019-08-05 10:25,{},9.19,2731,9.21,9.18,9.21,5.2589,1155.0
2019-08-05 10:30,{},9.2,2731,9.2,9.18,9.19,4.2708,938.0
2019-08-05 10:35,{},9.23,2731,9.23,9.19,9.2,7.3487,1614.0
2019-08-05 10:40,{},9.23,2731,9.25,9.22,9.23,5.3954,1185.0
2019-08-05 10:45,{},9.21,2731,9.24,9.21,9.23,3.1872,700.0
2019-08-05 10:50,{},9.28,2731,9.29,9.21,9.21,14.4516,3174.0
2019-08-05 10:55,{},9.32,2731,9.36,9.26,9.28,31.1843,6849.0
2019-08-05 11:00,{},9.41,2731,9.48,9.29,9.32,51.0814,11219.0
2019-08-05 11:05,{},9.43,2731,9.49,9.4,9.41,50.79,11155.0
2019-08-05 11:10,{},9.64,2731,9.66,9.43,9.43,65.8108,14454.0
2019-08-05 11:15,{},9.53,2731,9.65,9.52,9.64,45.5266,9999.0
2019-08-05 11:20,{},9.62,2731,9.62,9.51,9.53,45.2079,9929.0
2019-08-05 11:25,{},9.62,2731,9.74,9.6,9.62,39.1614,8601.0
2019-08-05 11:30,{},9.64,2731,9.7,9.61,9.62,28.375,6232.0
2019-08-05 13:05,{},9.69,2731,9.69,9.6,9.64,23.7354,5213.0
2019-08-05 13:10,{},9.59,2731,9.69,9.59,9.69,10.8592,2385.0
2019-08-05 13:15,{},9.55,2731,9.61,9.55,9.59,18.2398,4006.0
2019-08-05 13:20,{},9.54,2731,9.56,9.53,9.55,9.5661,2101.0
2019-08-05 13:25,{},9.55,2731,9.57,9.49,9.54,14.5927,3205.0
2019-08-05 13:30,{},9.55,2731,9.55,9.52,9.55,8.0636,1771.0
2019-08-05 13:35,{},9.54,2731,9.57,9.52,9.55,5.4137,1189.0
2019-08-05 13:40,{},9.52,2731,9.54,9.52,9.54,5.5366,1216.0
2019-08-05 13:45,{},9.54,2731,9.55,9.52,9.52,6.0374,1326.0
2019-08-05 13:50,{},9.54,2731,9.55,9.53,9.54,5.8462,1284.0
2019-08-05 13:55,{},9.48,2731,9.54,9.48,9.54,9.6663,2123.0
2019-08-05 14:00,{},9.48,2731,9.49,9.46,9.48,7.0801,1555.0
2019-08-05 14:05,{},9.48,2731,9.49,9.48,9.48,5.4364,1194.0
2019-08-05 14:10,{},9.49,2731,9.49,9.46,9.48,12.9081,2835.0
2019-08-05 14:15,{},9.5,2731,9.55,9.48,9.49,10.3948,2283.0
2019-08-05 14:20,{},9.5,2731,9.51,9.48,9.5,5.8007,1274.0
2019-08-05 14:25,{},9.51,2731,9.51,9.48,9.5,6.6157,1453.0
2019-08-05 14:30,{},9.57,2731,9.58,9.5,9.51,13.7959,3030.0
2019-08-05 14:35,{},9.53,2731,9.57,9.52,9.57,11.3965,2503.0
2019-08-05 14:40,{},9.49,2731,9.53,9.49,9.53,9.261000000000001,2034.0
2019-08-05 14:45,{},9.54,2731,9.55,9.49,9.49,11.697000000000001,2569.0
2019-08-05 14:50,{},9.56,2731,9.56,9.52,9.54,20.7622,4560.0
2019-08-05 14:55,{},9.6,2731,9.68,9.55,9.56,58.5212,12853.0
2019-08-05 15:00,{},9.6,2731,9.61,9.59,9.6,26.2624,5768.0
2019-08-06 09:35,{},9.49,2731,9.74,9.42,9.73,130.7701,28721.0
2019-08-06 09:40,{},9.56,2731,9.65,9.48,9.49,42.9404,9431.0
2019-08-06 09:45,{},9.38,2731,9.56,9.36,9.56,44.2199,9712.0
2019-08-06 09:50,{},9.28,2731,9.42,9.25,9.38,56.6909,12451.0
2019-08-06 09:55,{},9.27,2731,9.35,9.27,9.28,27.7831,6102.0
2019-08-06 10:00,{},9.32,2731,9.34,9.26,9.27,18.8271,4135.0
2019-08-06 10:05,{},9.39,2731,9.39,9.3,9.32,16.933,3719.0
2019-08-06 10:10,{},9.39,2731,9.4,9.32,9.39,11.3054,2483.0
2019-08-06 10:15,{},9.36,2731,9.44,9.32,9.39,11.2508,2471.0
2019-08-06 10:20,{},9.35,2731,9.4,9.34,9.36,7.0346,1545.0
2019-08-06 10:25,{},9.26,2731,9.35,9.2,9.35,23.3302,5124.0
2019-08-06 10:30,{},9.27,2731,9.27,9.07,9.26,33.6066,7381.0
2019-08-06 10:35,{},9.18,2731,9.27,9.16,9.27,19.0639,4187.0
2019-08-06 10:40,{},9.13,2731,9.18,9.11,9.18,21.1082,4636.0
2019-08-06 10:45,{},9.21,2731,9.21,9.13,9.13,9.5069,2088.0
2019-08-06 10:50,{},9.17,2731,9.21,9.16,9.21,9.1381,2007.0
2019-08-06 10:55,{},9.17,2731,9.22,9.17,9.17,10.6361,2336.0
2019-08-06 11:00,{},9.23,2731,9.25,9.17,9.17,6.6111,1452.0
2019-08-06 11:05,{},9.17,2731,9.23,9.16,9.23,4.1251,906.0
2019-08-06 11:10,{},9.17,2731,9.19,9.15,9.17,8.5234,1872.0
2019-08-06 11:15,{},9.18,2731,9.19,9.16,9.17,4.33,951.0
2019-08-06 11:20,{},9.16,2731,9.18,9.16,9.18,5.0449,1108.0
2019-08-06 11:25,{},9.13,2731,9.18,9.08,9.16,39.949,8774.0
2019-08-06 11:30,{},9.18,2731,9.18,9.1,9.13,10.759,2363.0
2019-08-06 13:05,{},9.17,2731,9.19,9.15,9.18,9.9622,2188.0
2019-08-06 13:10,{},9.13,2731,9.17,9.1,9.17,11.8427,2601.0
2019-08-06 13:15,{},9.2,2731,9.2,9.11,9.13,12.6668,2782.0
2019-08-06 13:20,{},9.18,2731,9.2,9.15,9.2,7.0209,1542.0
2019-08-06 13:25,{},9.17,2731,9.2,9.15,9.18,6.9845,1534.0
2019-08-06 13:30,{},9.16,2731,9.19,9.16,9.17,7.5673,1662.0
2019-08-06 13:35,{},9.18,2731,9.18,9.16,9.16,4.2344,930.0
2019-08-06 13:40,{},9.18,2731,9.19,9.16,9.18,4.8491,1065.0
2019-08-06 13:45,{},9.19,2731,9.2,9.17,9.18,6.0056,1319.0
2019-08-06 13:50,{},9.17,2731,9.19,9.16,9.19,4.1479,911.0
2019-08-06 13:55,{},9.17,2731,9.18,9.14,9.17,7.7995,1713.0
2019-08-06 14:00,{},9.19,2731,9.21,9.16,9.17,5.1632,1134.0
2019-08-06 14:05,{},9.2,2731,9.2,9.15,9.19,8.5735,1883.0
2019-08-06 14:10,{},9.22,2731,9.27,9.2,9.2,7.0528,1549.0
2019-08-06 14:15,{},9.23,2731,9.24,9.22,9.22,3.2282,709.0
2019-08-06 14:20,{},9.23,2731,9.23,9.2,9.23,4.7489,1043.0
2019-08-06 14:25,{},9.2,2731,9.23,9.18,9.23,7.7631,1705.0
2019-08-06 14:30,{},9.16,2731,9.2,9.15,9.2,10.841,2381.0
2019-08-06 14:35,{},9.18,2731,9.22,9.16,9.16,6.1695,1355.0
2019-08-06 14:40,{},9.18,2731,9.2,9.17,9.18,7.0846,1556.0
2019-08-06 14:45,{},9.17,2731,9.18,9.16,9.18,8.0454,1767.0
2019-08-06 14:50,{},9.14,2731,9.17,9.14,9.17,19.9973,4392.0
2019-08-06 14:55,{},9.15,2731,9.17,9.14,9.14,25.5066,5602.0
2019-08-06 15:00,{},9.15,2731,9.16,9.14,9.15,14.6929,3227.0
2019-08-07 09:35,{},9.34,2731,9.34,9.13,9.19,53.9909,11858.0
2019-08-07 09:40,{},9.27,2731,9.35,9.26,9.34,25.3017,5557.0
2019-08-07 09:45,{},9.33,2731,9.33,9.24,9.27,20.7531,4558.0
2019-08-07 09:50,{},9.34,2731,9.4,9.33,9.33,32.3317,7101.0
2019-08-07 09:55,{},9.34,2731,9.39,9.32,9.34,16.7555,3680.0
2019-08-07 10:00,{},9.31,2731,9.37,9.31,9.34,16.8966,3711.0
2019-08-07 10:05,{},9.32,2731,9.34,9.29,9.31,10.4585,2297.0
2019-08-07 10:10,{},9.3,2731,9.33,9.29,9.32,8.9514,1966.0
2019-08-07 10:15,{},9.3,2731,9.32,9.29,9.3,10.668,2343.0
2019-08-07 10:20,{},9.3,2731,9.3,9.25,9.3,9.8621,2166.0
2019-08-07 10:25,{},9.29,2731,9.33,9.28,9.3,9.985,2193.0
2019-08-07 10:30,{},9.28,2731,9.3,9.27,9.29,5.8189,1278.0
2019-08-07 10:35,{},9.24,2731,9.28,9.24,9.28,6.3334,1391.0
2019-08-07 10:40,{},9.24,2731,9.27,9.24,9.24,5.3818,1182.0
2019-08-07 10:45,{},9.23,2731,9.25,9.22,9.24,7.5946,1668.0
2019-08-07 10:50,{},9.25,2731,9.27,9.23,9.23,5.6686,1245.0
2019-08-07 10:55,{},9.3,2731,9.31,9.24,9.25,16.546,3634.0
2019-08-07 11:00,{},9.35,2731,9.36,9.3,9.3,22.9841,5048.0
2019-08-07 11:05,{},9.3,2731,9.35,9.3,9.35,4.075,895.0
2019-08-07 11:10,{},9.3,2731,9.32,9.27,9.3,3.7108,815.0
2019-08-07 11:15,{},9.3,2731,9.33,9.3,9.3,5.7916,1272.0
2019-08-07 11:20,{},9.31,2731,9.32,9.3,9.3,2.1172,465.0
2019-08-07 11:25,{},9.32,2731,9.34,9.31,9.31,2.3676,520.0
2019-08-07 11:30,{},9.35,2731,9.35,9.31,9.32,9.2929,2041.0
2019-08-07 13:05,{},9.33,2731,9.37,9.33,9.35,6.0192,1322.0
2019-08-07 13:10,{},9.32,2731,9.34,9.32,9.33,4.5304,995.0
2019-08-07 13:15,{},9.32,2731,9.33,9.31,9.32,1.9624,431.0
2019-08-07 13:20,{},9.32,2731,9.33,9.31,9.32,3.9476,867.0
2019-08-07 13:25,{},9.27,2731,9.32,9.27,9.32,3.9658,871.0
2019-08-07 13:30,{},9.27,2731,9.27,9.21,9.27,7.9497,1746.0
2019-08-07 13:35,{},9.24,2731,9.27,9.22,9.27,9.3339,2050.0
2019-08-07 13:40,{},9.23,2731,9.25,9.22,9.24,7.7357,1699.0
2019-08-07 13:45,{},9.23,2731,9.26,9.23,9.23,10.1762,2235.0
2019-08-07 13:50,{},9.25,2731,9.25,9.23,9.23,3.8064,836.0
2019-08-07 13:55,{},9.24,2731,9.25,9.23,9.25,4.4484,977.0
2019-08-07 14:00,{},9.24,2731,9.25,9.23,9.24,4.5076,990.0
2019-08-07 14:05,{},9.19,2731,9.25,9.18,9.24,11.0914,2436.0
2019-08-07 14:10,{},9.19,2731,9.2,9.18,9.19,8.0226,1762.0
2019-08-07 14:15,{},9.22,2731,9.23,9.19,9.19,2.8138,618.0
2019-08-07 14:20,{},9.28,2731,9.3,9.22,9.22,8.5917,1887.0
2019-08-07 14:25,{},9.28,2731,9.28,9.25,9.28,7.3260000000000005,1609.0
2019-08-07 14:30,{},9.25,2731,9.28,9.24,9.28,4.7398,1041.0
2019-08-07 14:35,{},9.28,2731,9.28,9.23,9.25,21.5362,4730.0
2019-08-07 14:40,{},9.24,2731,9.29,9.23,9.28,12.725999999999999,2795.0
2019-08-07 14:45,{},9.23,2731,9.25,9.21,9.24,10.8546,2384.0
2019-08-07 14:50,{},9.22,2731,9.24,9.21,9.23,11.747,2580.0
2019-08-07 14:55,{},9.21,2731,9.23,9.17,9.22,19.9609,4384.0
2019-08-07 15:00,{},9.21,2731,9.21,9.2,9.21,10.7909,2370.0
2019-08-08 09:35,{},9.22,2731,9.36,9.16,9.36,43.027,9450.0
2019-08-08 09:40,{},9.12,2731,9.22,9.06,9.22,35.3094,7755.0
2019-08-08 09:45,{},9.14,2731,9.18,9.11,9.12,13.9872,3072.0
2019-08-08 09:50,{},9.11,2731,9.16,9.11,9.14,10.4813,2302.0
2019-08-08 09:55,{},9.11,2731,9.13,9.09,9.11,9.5615,2100.0
2019-08-08 10:00,{},9.12,2731,9.14,9.09,9.11,12.0521,2647.0
2019-08-08 10:05,{},9.11,2731,9.13,9.11,9.12,5.6003,1230.0
2019-08-08 10:10,{},9.18,2731,9.2,9.11,9.11,7.3442,1613.0
2019-08-08 10:15,{},9.14,2731,9.18,9.12,9.18,6.1467,1350.0
2019-08-08 10:20,{},9.15,2731,9.15,9.12,9.14,4.9857,1095.0
2019-08-08 10:25,{},9.14,2731,9.15,9.12,9.15,4.8263,1060.0
2019-08-08 10:30,{},9.12,2731,9.14,9.12,9.14,3.4604,760.0
2019-08-08 10:35,{},9.14,2731,9.15,9.11,9.12,8.4369,1853.0
2019-08-08 10:40,{},9.18,2731,9.18,9.14,9.14,3.1052,682.0
2019-08-08 10:45,{},9.22,2731,9.23,9.17,9.18,14.2558,3131.0
2019-08-08 10:50,{},9.54,2731,9.58,9.22,9.22,85.7033,18823.0
2019-08-08 10:55,{},9.58,2731,9.7,9.43,9.54,96.1618,21120.0
2019-08-08 11:00,{},9.52,2731,9.64,9.51,9.58,43.6735,9592.0
2019-08-08 11:05,{},9.47,2731,9.56,9.46,9.52,23.5305,5168.0
2019-08-08 11:10,{},9.52,2731,9.54,9.47,9.47,15.945,3502.0
2019-08-08 11:15,{},9.55,2731,9.58,9.51,9.52,18.0531,3965.0
2019-08-08 11:20,{},9.6,2731,9.66,9.53,9.55,34.1848,7508.0
2019-08-08 11:25,{},9.58,2731,9.61,9.55,9.59,20.662,4538.0
2019-08-08 11:30,{},9.55,2731,9.58,9.52,9.58,9.8438,2162.0
2019-08-08 13:05,{},9.49,2731,9.56,9.49,9.55,11.6013,2548.0
2019-08-08 13:10,{},9.48,2731,9.52,9.46,9.49,8.3504,1834.0
2019-08-08 13:15,{},9.47,2731,9.5,9.45,9.48,12.5939,2766.0
2019-08-08 13:20,{},9.49,2731,9.5,9.43,9.47,7.8131,1716.0
2019-08-08 13:25,{},9.46,2731,9.49,9.45,9.49,7.4535,1637.0
2019-08-08 13:30,{},9.44,2731,9.46,9.44,9.46,5.2042,1143.0
2019-08-08 13:35,{},9.49,2731,9.49,9.44,9.44,5.4319,1193.0
2019-08-08 13:40,{},9.49,2731,9.5,9.47,9.49,4.8536,1066.0
2019-08-08 13:45,{},9.44,2731,9.5,9.44,9.49,8.0135,1760.0
2019-08-08 13:50,{},9.43,2731,9.44,9.4,9.44,11.8244,2597.0
2019-08-08 13:55,{},9.42,2731,9.45,9.42,9.43,4.0295,885.0
2019-08-08 14:00,{},9.44,2731,9.44,9.41,9.42,3.7472,823.0
2019-08-08 14:05,{},9.46,2731,9.51,9.42,9.44,9.9622,2188.0
2019-08-08 14:10,{},9.47,2731,9.48,9.44,9.46,4.1524,912.0
2019-08-08 14:15,{},9.47,2731,9.48,9.46,9.47,4.9037,1077.0
2019-08-08 14:20,{},9.47,2731,9.49,9.47,9.47,5.7779,1269.0
2019-08-08 14:25,{},9.45,2731,9.48,9.45,9.47,6.7796,1489.0
2019-08-08 14:30,{},9.46,2731,9.48,9.44,9.45,7.5309,1654.0
2019-08-08 14:35,{},9.45,2731,9.49,9.45,9.46,12.1113,2660.0
2019-08-08 14:40,{},9.44,2731,9.45,9.41,9.45,12.2661,2694.0
2019-08-08 14:45,{},9.4,2731,9.45,9.39,9.44,23.0843,5070.0
2019-08-08 14:50,{},9.36,2731,9.4,9.31,9.4,22.6335,4971.0
2019-08-08 14:55,{},9.38,2731,9.38,9.35,9.36,18.9637,4165.0
2019-08-08 15:00,{},9.4,2731,9.4,9.38,9.38,12.94,2842.0
2019-08-09 09:35,{},9.17,2731,9.36,9.11,9.36,93.0065,20427.0
2019-08-09 09:40,{},9.22,2731,9.23,9.16,9.17,26.745,5874.0
2019-08-09 09:45,{},9.17,2731,9.23,9.16,9.22,16.3776,3597.0
2019-08-09 09:50,{},9.18,2731,9.21,9.15,9.17,20.6393,4533.0
2019-08-09 09:55,{},9.23,2731,9.26,9.16,9.18,13.2769,2916.0
2019-08-09 10:00,{},9.21,2731,9.26,9.19,9.23,11.615,2551.0
2019-08-09 10:05,{},9.19,2731,9.21,9.18,9.21,10.0123,2199.0
2019-08-09 10:10,{},9.3,2731,9.3,9.16,9.19,17.0423,3743.0
2019-08-09 10:15,{},9.21,2731,9.3,9.21,9.3,7.8587,1726.0
2019-08-09 10:20,{},9.23,2731,9.26,9.21,9.21,5.2907,1162.0
2019-08-09 10:25,{},9.2,2731,9.24,9.18,9.23,7.1165,1563.0
2019-08-09 10:30,{},9.22,2731,9.24,9.2,9.2,10.0169,2200.0
2019-08-09 10:35,{},9.2,2731,9.22,9.19,9.22,9.302,2043.0
2019-08-09 10:40,{},9.19,2731,9.2,9.16,9.2,13.1904,2897.0
2019-08-09 10:45,{},9.18,2731,9.2,9.16,9.19,6.9116,1518.0
2019-08-09 10:50,{},9.2,2731,9.21,9.17,9.18,3.9521,868.0
2019-08-09 10:55,{},9.18,2731,9.2,9.18,9.2,3.861,848.0
2019-08-09 11:00,{},9.16,2731,9.19,9.16,9.18,6.6157,1453.0
2019-08-09 11:05,{},9.25,2731,9.25,9.15,9.16,12.644,2777.0
2019-08-09 11:10,{},9.29,2731,9.34,9.23,9.25,25.7297,5651.0
2019-08-09 11:15,{},9.25,2731,9.33,9.24,9.29,9.1518,2010.0
2019-08-09 11:20,{},9.27,2731,9.29,9.22,9.25,7.4352,1633.0
2019-08-09 11:25,{},9.3,2731,9.31,9.26,9.27,6.2742,1378.0
2019-08-09 11:30,{},9.31,2731,9.34,9.27,9.3,8.2457,1811.0
2019-08-09 13:05,{},9.3,2731,9.32,9.27,9.31,2.9003,637.0
2019-08-09 13:10,{},9.33,2731,9.33,9.28,9.3,3.3283,731.0
2019-08-09 13:15,{},9.4,2731,9.44,9.29,9.33,14.4152,3166.0
2019-08-09 13:20,{},9.35,2731,9.41,9.33,9.4,11.3828,2500.0
2019-08-09 13:25,{},9.35,2731,9.38,9.33,9.35,4.8263,1060.0
2019-08-09 13:30,{},9.3,2731,9.36,9.26,9.35,4.717,1036.0
2019-08-09 13:35,{},9.3,2731,9.31,9.28,9.3,3.9931,877.0
2019-08-09 13:40,{},9.28,2731,9.3,9.26,9.3,3.7017,813.0
2019-08-09 13:45,{},9.29,2731,9.32,9.27,9.28,3.1872,700.0
2019-08-09 13:50,{},9.37,2731,9.37,9.28,9.29,3.515,772.0
2019-08-09 13:55,{},9.52,2731,9.63,9.33,9.37,60.9389,13384.0
2019-08-09 14:00,{},9.49,2731,9.59,9.49,9.52,41.7885,9178.0
2019-08-09 14:05,{},9.5,2731,9.52,9.44,9.49,17.0104,3736.0
2019-08-09 14:10,{},9.46,2731,9.55,9.45,9.5,20.4526,4492.0
2019-08-09 14:15,{},9.46,2731,9.51,9.46,9.46,13.0766,2872.0
2019-08-09 14:20,{},9.45,2731,9.47,9.44,9.46,10.6361,2336.0
2019-08-09 14:25,{},9.46,2731,9.46,9.41,9.45,9.9986,2196.0
2019-08-09 14:30,{},9.42,2731,9.47,9.41,9.46,12.512,2748.0
2019-08-09 14:35,{},9.42,2731,9.46,9.41,9.42,6.8524,1505.0
2019-08-09 14:40,{},9.46,2731,9.49,9.42,9.42,13.8688,3046.0
2019-08-09 14:45,{},9.44,2731,9.48,9.43,9.46,24.8327,5454.0
2019-08-09 14:50,{},9.41,2731,9.44,9.4,9.44,21.6956,4765.0
2019-08-09 14:55,{},9.43,2731,9.45,9.4,9.41,21.6683,4759.0
2019-08-09 15:00,{},9.43,2731,9.43,9.42,9.43,18.2762,4014.0
2019-08-12 09:35,{},9.29,2731,9.29,9.16,9.24,39.1932,8608.0
2019-08-12 09:40,{},9.23,2731,9.29,9.2,9.29,25.7479,5655.0
2019-08-12 09:45,{},9.28,2731,9.28,9.22,9.23,8.3277,1829.0
2019-08-12 09:50,{},9.31,2731,9.35,9.28,9.28,14.8158,3254.0
2019-08-12 09:55,{},9.38,2731,9.38,9.29,9.31,13.4954,2964.0
2019-08-12 10:00,{},9.36,2731,9.48,9.36,9.38,23.1754,5090.0
2019-08-12 10:05,{},9.43,2731,9.47,9.36,9.36,16.6052,3647.0
2019-08-12 10:10,{},9.4,2731,9.45,9.37,9.43,15.6491,3437.0
2019-08-12 10:15,{},9.4,2731,9.41,9.38,9.4,7.1803,1577.0
2019-08-12 10:20,{},9.39,2731,9.45,9.38,9.4,6.8342,1501.0
2019-08-12 10:25,{},9.45,2731,9.48,9.37,9.39,13.5819,2983.0
2019-08-12 10:30,{},9.42,2731,9.45,9.4,9.45,6.0238,1323.0
2019-08-12 10:35,{},9.41,2731,9.42,9.38,9.42,4.4074,968.0
2019-08-12 10:40,{},9.36,2731,9.41,9.36,9.41,5.1268,1126.0
2019-08-12 10:45,{},9.37,2731,9.38,9.36,9.36,4.1297,907.0
2019-08-12 10:50,{},9.37,2731,9.38,9.35,9.37,3.1234,686.0
2019-08-12 10:55,{},9.37,2731,9.39,9.37,9.37,0.9152,201.0
2019-08-12 11:00,{},9.36,2731,9.37,9.35,9.37,4.5486,999.0
2019-08-12 11:05,{},9.33,2731,9.37,9.32,9.36,4.9356,1084.0
2019-08-12 11:10,{},9.34,2731,9.36,9.33,9.34,3.6197,795.0
2019-08-12 11:15,{},9.34,2731,9.35,9.32,9.34,1.671,367.0
2019-08-12 11:20,{},9.35,2731,9.35,9.33,9.34,1.8167,399.0
2019-08-12 11:25,{},9.36,2731,9.38,9.35,9.35,1.9487,428.0
2019-08-12 11:30,{},9.36,2731,9.36,9.34,9.36,3.6379,799.0
2019-08-12 13:05,{},9.38,2731,9.39,9.35,9.36,2.2447,493.0
2019-08-12 13:10,{},9.39,2731,9.41,9.37,9.38,2.4177,531.0
2019-08-12 13:15,{},9.38,2731,9.4,9.36,9.39,3.0688,674.0
2019-08-12 13:20,{},9.38,2731,9.38,9.34,9.38,5.0813,1116.0
2019-08-12 13:25,{},9.37,2731,9.39,9.35,9.38,2.2083,485.0
2019-08-12 13:30,{},9.33,2731,9.37,9.33,9.37,7.9361,1743.0
2019-08-12 13:35,{},9.34,2731,9.35,9.33,9.33,3.3875,744.0
2019-08-12 13:40,{},9.27,2731,9.34,9.26,9.34,10.4084,2286.0
2019-08-12 13:45,{},9.27,2731,9.27,9.22,9.27,12.1978,2679.0
2019-08-12 13:50,{},9.28,2731,9.29,9.26,9.27,3.7836,831.0
2019-08-12 13:55,{},9.24,2731,9.29,9.23,9.28,9.8529,2164.0
2019-08-12 14:00,{},9.26,2731,9.26,9.23,9.24,5.3226,1169.0
2019-08-12 14:05,{},9.26,2731,9.29,9.25,9.26,4.8718,1070.0
2019-08-12 14:10,{},9.25,2731,9.27,9.25,9.26,7.3123,1606.0
2019-08-12 14:15,{},9.23,2731,9.26,9.23,9.25,8.8012,1933.0
2019-08-12 14:20,{},9.24,2731,9.25,9.23,9.23,9.129,2005.0
2019-08-12 14:25,{},9.24,2731,9.25,9.23,9.24,8.7329,1918.0
2019-08-12 14:30,{},9.26,2731,9.29,9.24,9.24,7.7676,1706.0
2019-08-12 14:35,{},9.3,2731,9.31,9.26,9.26,7.2895,1601.0
2019-08-12 14:40,{},9.27,2731,9.32,9.26,9.3,12.0202,2640.0
2019-08-12 14:45,{},9.28,2731,9.3,9.27,9.27,11.6787,2565.0
2019-08-12 14:50,{},9.28,2731,9.29,9.27,9.28,14.3924,3161.0
2019-08-12 14:55,{},9.29,2731,9.31,9.28,9.28,21.0809,4630.0
2019-08-12 15:00,{},9.3,2731,9.3,9.29,9.29,15.9951,3513.0
2019-08-13 09:35,{},9.46,2731,9.54,9.36,9.38,102.7229,22561.0
2019-08-13 09:40,{},9.47,2731,9.51,9.43,9.46,38.2007,8390.0
2019-08-13 09:45,{},9.42,2731,9.47,9.41,9.47,24.7872,5444.0
2019-08-13 09:50,{},9.45,2731,9.45,9.42,9.42,11.7106,2572.0
2019-08-13 09:55,{},9.45,2731,9.48,9.43,9.45,11.1597,2451.0
2019-08-13 10:00,{},9.42,2731,9.45,9.4,9.45,15.6309,3433.0
2019-08-13 10:05,{},9.45,2731,9.45,9.41,9.42,15.3713,3376.0
2019-08-13 10:10,{},9.46,2731,9.5,9.45,9.45,14.5017,3185.0
2019-08-13 10:15,{},9.42,2731,9.48,9.42,9.46,7.8632,1727.0
2019-08-13 10:20,{},9.45,2731,9.46,9.42,9.42,5.6914,1250.0
2019-08-13 10:25,{},9.43,2731,9.46,9.43,9.45,6.3971,1405.0
2019-08-13 10:30,{},9.42,2731,9.43,9.4,9.43,9.689,2128.0
2019-08-13 10:35,{},9.42,2731,9.43,9.41,9.42,3.5332,776.0
2019-08-13 10:40,{},9.39,2731,9.42,9.38,9.42,9.3066,2044.0
2019-08-13 10:45,{},9.39,2731,9.4,9.38,9.39,3.4376,755.0
2019-08-13 10:50,{},9.37,2731,9.39,9.37,9.39,10.1489,2229.0
2019-08-13 10:55,{},9.38,2731,9.39,9.37,9.37,5.3681,1179.0
2019-08-13 11:00,{},9.36,2731,9.38,9.34,9.38,9.9713,2190.0
2019-08-13 11:05,{},9.36,2731,9.36,9.35,9.36,2.3221,510.0
2019-08-13 11:10,{},9.37,2731,9.37,9.34,9.36,5.7369,1260.0
2019-08-13 11:15,{},9.38,2731,9.38,9.35,9.37,3.1917,701.0
2019-08-13 11:20,{},9.36,2731,9.38,9.35,9.38,4.7352,1040.0
2019-08-13 11:25,{},9.36,2731,9.38,9.36,9.36,2.272,499.0
2019-08-13 11:30,{},9.36,2731,9.36,9.34,9.36,7.5992,1669.0
2019-08-13 13:05,{},9.38,2731,9.38,9.35,9.36,2.832,622.0
2019-08-13 13:10,{},9.4,2731,9.4,9.37,9.38,5.6959,1251.0
2019-08-13 13:15,{},9.39,2731,9.4,9.38,9.4,2.3449,515.0
2019-08-13 13:20,{},9.4,2731,9.4,9.38,9.39,3.0506,670.0
2019-08-13 13:25,{},9.4,2731,9.41,9.38,9.4,3.7108,815.0
2019-08-13 13:30,{},9.42,2731,9.47,9.4,9.4,12.0384,2644.0
2019-08-13 13:35,{},9.51,2731,9.52,9.42,9.42,20.5983,4524.0
2019-08-13 13:40,{},9.48,2731,9.53,9.46,9.51,22.415,4923.0
2019-08-13 13:45,{},9.59,2731,9.62,9.48,9.48,79.5111,17463.0
2019-08-13 13:50,{},9.58,2731,9.67,9.52,9.59,53.3716,11722.0
2019-08-13 13:55,{},9.63,2731,9.64,9.52,9.58,41.1101,9029.0
2019-08-13 14:00,{},9.62,2731,9.63,9.58,9.63,32.9145,7229.0
2019-08-13 14:05,{},9.74,2731,9.76,9.61,9.62,89.9013,19745.0
2019-08-13 14:10,{},10.23,2731,10.23,9.74,9.74,199.4402,43803.0
2019-08-13 14:15,{},10.16,2731,10.23,10.13,10.23,124.7326,27395.0
2019-08-13 14:20,{},10.14,2731,10.19,10.02,10.16,56.0716,12315.0
2019-08-13 14:25,{},10.12,2731,10.16,10.11,10.14,34.7312,7628.0
2019-08-13 14:30,{},10.05,2731,10.13,10.02,10.12,36.2474,7961.0
2019-08-13 14:35,{},10.07,2731,10.12,10.05,10.05,20.6939,4545.0
2019-08-13 14:40,{},10.23,2731,10.23,10.07,10.07,105.9556,23271.0
2019-08-13 14:45,{},10.23,2731,10.23,10.23,10.23,12.5803,2763.0
2019-08-13 14:50,{},10.22,2731,10.23,10.22,10.23,34.8086,7645.0
2019-08-13 14:55,{},10.23,2731,10.23,10.18,10.22,48.4224,10635.0
2019-08-13 15:00,{},10.23,2731,10.23,10.23,10.23,8.0818,1775.0
2019-08-14 09:35,{},9.88,2731,9.94,9.66,9.7,323.1074,70964.0
2019-08-14 09:40,{},9.74,2731,9.88,9.74,9.88,77.9676,17124.0
2019-08-14 09:45,{},9.81,2731,9.83,9.74,9.74,52.0011,11421.0
2019-08-14 09:50,{},9.82,2731,9.86,9.78,9.81,44.1926,9706.0
2019-08-14 09:55,{},9.83,2731,9.84,9.81,9.82,23.1936,5094.0
2019-08-14 10:00,{},9.82,2731,9.83,9.78,9.83,33.7568,7414.0
2019-08-14 10:05,{},9.84,2731,9.88,9.82,9.82,29.5361,6487.0
2019-08-14 10:10,{},9.94,2731,9.94,9.84,9.84,30.8109,6767.0
2019-08-14 10:15,{},9.87,2731,9.95,9.85,9.94,29.1354,6399.0
2019-08-14 10:20,{},9.87,2731,9.92,9.86,9.87,14.3878,3160.0
2019-08-14 10:25,{},9.94,2731,9.94,9.86,9.87,10.5905,2326.0
2019-08-14 10:30,{},10.06,2731,10.07,9.94,9.94,43.4094,9534.0
2019-08-14 10:35,{},9.99,2731,10.06,9.98,10.06,37.1125,8151.0
2019-08-14 10:40,{},10.0,2731,10.0,9.96,9.99,17.4567,3834.0
2019-08-14 10:45,{},10.05,2731,10.09,10.0,10.0,23.6079,5185.0
2019-08-14 10:50,{},10.02,2731,10.06,10.02,10.05,17.0013,3734.0
2019-08-14 10:55,{},9.98,2731,10.02,9.98,10.02,11.9884,2633.0
2019-08-14 11:00,{},10.0,2731,10.01,9.98,9.98,11.8381,2600.0
2019-08-14 11:05,{},9.96,2731,10.0,9.96,10.0,13.8187,3035.0
2019-08-14 11:10,{},9.93,2731,9.97,9.91,9.96,23.0479,5062.0
2019-08-14 11:15,{},9.92,2731,9.96,9.91,9.93,11.1233,2443.0
2019-08-14 11:20,{},9.94,2731,9.95,9.89,9.92,7.0938,1558.0
2019-08-14 11:25,{},9.93,2731,9.96,9.9,9.94,6.5019,1428.0
2019-08-14 11:30,{},9.94,2731,9.95,9.92,9.93,2.9185,641.0
2019-08-14 13:05,{},9.91,2731,9.96,9.88,9.94,9.8529,2164.0
2019-08-14 13:10,{},9.92,2731,9.93,9.91,9.91,3.2008,703.0
2019-08-14 13:15,{},9.91,2731,9.93,9.9,9.92,5.746,1262.0
2019-08-14 13:20,{},9.89,2731,9.92,9.88,9.91,5.8963,1295.0
2019-08-14 13:25,{},9.96,2731,9.96,9.89,9.89,14.2285,3125.0
2019-08-14 13:30,{},9.96,2731,9.97,9.92,9.96,9.3202,2047.0
2019-08-14 13:35,{},9.93,2731,9.96,9.9,9.96,7.4034,1626.0
2019-08-14 13:40,{},9.94,2731,9.95,9.92,9.93,5.3135,1167.0
2019-08-14 13:45,{},9.95,2731,9.95,9.94,9.94,5.0403,1107.0
2019-08-14 13:50,{},10.02,2731,10.05,9.95,9.95,17.3747,3816.0
2019-08-14 13:55,{},10.0,2731,10.05,9.98,10.02,13.845999999999998,3041.0
2019-08-14 14:00,{},10.01,2731,10.02,9.98,10.0,5.614,1233.0
2019-08-14 14:05,{},9.98,2731,10.03,9.98,10.01,8.446,1855.0
2019-08-14 14:10,{},9.99,2731,10.0,9.98,9.98,5.2589,1155.0
2019-08-14 14:15,{},10.1,2731,10.1,9.98,9.99,20.0929,4413.0
2019-08-14 14:20,{},10.12,2731,10.17,10.08,10.1,30.7426,6752.0
2019-08-14 14:25,{},10.05,2731,10.14,10.05,10.12,14.0464,3085.0
2019-08-14 14:30,{},10.07,2731,10.07,10.03,10.05,8.9924,1975.0
2019-08-14 14:35,{},10.02,2731,10.07,10.0,10.07,13.5501,2976.0
2019-08-14 14:40,{},10.05,2731,10.05,10.01,10.02,8.6555,1901.0
2019-08-14 14:45,{},10.05,2731,10.13,10.05,10.05,22.9932,5050.0
2019-08-14 14:50,{},10.05,2731,10.08,10.04,10.05,28.6209,6286.0
2019-08-14 14:55,{},10.03,2731,10.05,10.0,10.05,44.2017,9708.0
2019-08-14 15:00,{},10.02,2731,10.03,10.0,10.03,23.7217,5210.0
2019-08-15 09:35,{},10.24,2731,10.48,10.18,10.18,329.245,72312.0
2019-08-15 09:40,{},10.14,2731,10.28,10.13,10.24,102.6455,22544.0
2019-08-15 09:45,{},10.19,2731,10.25,10.13,10.14,41.8932,9201.0
2019-08-15 09:50,{},10.19,2731,10.25,10.18,10.19,36.7573,8073.0
2019-08-15 09:55,{},10.24,2731,10.25,10.18,10.19,27.4507,6029.0
2019-08-15 10:00,{},10.33,2731,10.34,10.24,10.24,33.4335,7343.0
2019-08-15 10:05,{},10.28,2731,10.33,10.24,10.33,22.6654,4978.0
2019-08-15 10:10,{},10.21,2731,10.28,10.18,10.28,30.5833,6717.0
2019-08-15 10:15,{},10.19,2731,10.23,10.18,10.21,13.9553,3065.0
2019-08-15 10:20,{},10.19,2731,10.24,10.19,10.19,16.9194,3716.0
2019-08-15 10:25,{},10.16,2731,10.2,10.15,10.19,26.1303,5739.0
2019-08-15 10:30,{},10.17,2731,10.18,10.1,10.16,25.2926,5555.0
2019-08-15 10:35,{},10.21,2731,10.22,10.13,10.17,13.6867,3006.0
2019-08-15 10:40,{},10.15,2731,10.22,10.15,10.21,7.8587,1726.0
2019-08-15 10:45,{},10.11,2731,10.16,10.11,10.15,11.5831,2544.0
2019-08-15 10:50,{},10.05,2731,10.11,10.03,10.11,27.6602,6075.0
2019-08-15 10:55,{},10.04,2731,10.07,10.04,10.05,10.718,2354.0
2019-08-15 11:00,{},10.0,2731,10.04,9.94,10.04,31.157,6843.0
2019-08-15 11:00,{},10.0,2731,10.04,9.94,10.04,31.156999999999996,6843.0
2019-08-15 11:05,{},10.01,2731,10.06,10.0,10.0,9.3293,2049.0
2019-08-15 11:10,{},9.99,2731,10.01,9.96,10.01,12.4482,2734.0
2019-08-15 11:15,{},10.0,2731,10.01,9.98,9.99,7.8997,1735.0
2019-08-15 11:20,{},10.08,2731,10.13,10.0,10.0,8.8103,1935.0
2019-08-15 11:25,{},10.09,2731,10.14,10.08,10.09,9.7255,2136.0
2019-08-15 11:30,{},10.07,2731,10.1,10.05,10.09,2.4951,548.0
2019-08-15 13:05,{},10.05,2731,10.08,10.0,10.07,7.8997,1735.0
2019-08-15 13:10,{},10.04,2731,10.08,10.03,10.05,2.7592,606.0
2019-08-15 13:15,{},10.04,2731,10.05,10.02,10.04,6.7204,1476.0
2019-08-15 13:20,{},10.05,2731,10.05,10.03,10.04,3.4239,752.0
2019-08-15 13:25,{},10.01,2731,10.07,10.01,10.05,8.487,1864.0
2019-08-15 13:30,{},10.0,2731,10.02,9.97,10.01,11.1506,2449.0
2019-08-15 13:35,{},9.98,2731,10.0,9.97,10.0,8.8467,1943.0
2019-08-15 13:40,{},9.89,2731,9.98,9.89,9.98,28.2111,6196.0
2019-08-15 13:45,{},9.93,2731,9.96,9.89,9.89,18.9,4151.0
2019-08-15 13:50,{},9.96,2731,9.97,9.92,9.93,4.8491,1065.0
2019-08-15 13:55,{},9.93,2731,9.96,9.92,9.96,6.9799,1533.0
2019-08-15 14:00,{},9.95,2731,9.96,9.92,9.93,4.3664,959.0
2019-08-15 14:05,{},9.92,2731,9.95,9.91,9.95,12.2433,2689.0
2019-08-15 14:10,{},9.91,2731,9.92,9.9,9.92,19.0047,4174.0
2019-08-15 14:15,{},9.91,2731,9.93,9.9,9.91,11.8381,2600.0
2019-08-15 14:20,{},9.85,2731,9.91,9.83,9.91,32.5958,7159.0
2019-08-15 14:25,{},9.86,2731,9.86,9.83,9.85,22.0872,4851.0
2019-08-15 14:30,{},9.87,2731,9.9,9.85,9.86,13.5319,2972.0
2019-08-15 14:35,{},9.9,2731,9.91,9.87,9.87,12.7669,2804.0
2019-08-15 14:40,{},9.93,2731,9.95,9.9,9.9,12.43,2730.0
2019-08-15 14:45,{},9.9,2731,9.94,9.89,9.93,13.9553,3065.0
2019-08-15 14:50,{},9.88,2731,9.91,9.86,9.9,18.645,4095.0
2019-08-15 14:55,{},9.88,2731,9.89,9.87,9.88,24.4366,5367.0
2019-08-15 15:00,{},9.92,2731,9.92,9.88,9.88,16.332,3587.0
2019-08-16 09:35,{},9.78,2731,10.05,9.75,9.88,98.5021,21634.0
2019-08-16 09:40,{},9.73,2731,9.8,9.7,9.78,57.1143,12544.0
2019-08-16 09:45,{},9.81,2731,9.83,9.71,9.73,29.8184,6549.0
2019-08-16 09:50,{},9.8,2731,9.83,9.75,9.81,19.3553,4251.0
2019-08-16 09:55,{},9.82,2731,9.85,9.79,9.8,20.8442,4578.0
2019-08-16 10:00,{},9.77,2731,9.82,9.76,9.82,18.8317,4136.0
2019-08-16 10:05,{},9.76,2731,9.82,9.76,9.77,11.5604,2539.0
2019-08-16 10:10,{},9.75,2731,9.77,9.72,9.76,27.4781,6035.0
2019-08-16 10:15,{},9.76,2731,9.76,9.73,9.75,15.6582,3439.0
2019-08-16 10:20,{},9.75,2731,9.76,9.74,9.76,15.3895,3380.0
2019-08-16 10:25,{},9.73,2731,9.76,9.72,9.75,17.2062,3779.0
2019-08-16 10:30,{},9.74,2731,9.74,9.72,9.73,15.6627,3440.0
2019-08-16 10:35,{},9.78,2731,9.78,9.74,9.75,14.4561,3175.0
2019-08-16 10:40,{},9.75,2731,9.78,9.73,9.78,13.9007,3053.0
2019-08-16 10:45,{},9.75,2731,9.76,9.73,9.75,14.274000000000001,3135.0
2019-08-16 10:45,{},9.75,2731,9.76,9.73,9.75,14.274,3135.0
2019-08-16 10:50,{},9.75,2731,9.76,9.73,9.75,14.6018,3207.0
2019-08-16 10:55,{},9.79,2731,9.8,9.74,9.75,7.7494,1702.0
2019-08-16 11:00,{},9.8,2731,9.82,9.78,9.79,8.5052,1868.0
2019-08-16 11:05,{},9.87,2731,9.87,9.8,9.8,15.5079,3406.0
2019-08-16 11:10,{},9.82,2731,9.87,9.81,9.87,8.5963,1888.0
2019-08-16 11:15,{},9.84,2731,9.85,9.82,9.82,3.7518,824.0
2019-08-16 11:20,{},9.87,2731,9.9,9.83,9.84,14.2513,3130.0
2019-08-16 11:25,{},9.87,2731,9.88,9.86,9.88,5.8644,1288.0
2019-08-16 11:30,{},9.87,2731,9.87,9.86,9.87,5.1496,1131.0
2019-08-16 13:05,{},9.87,2731,9.88,9.86,9.87,7.2941,1602.0
2019-08-16 13:10,{},9.85,2731,9.87,9.84,9.87,7.2986,1603.0
2019-08-16 13:15,{},9.84,2731,9.85,9.84,9.85,6.7341,1479.0
2019-08-16 13:20,{},9.82,2731,9.84,9.82,9.84,4.8263,1060.0
2019-08-16 13:25,{},9.83,2731,9.84,9.82,9.82,8.742,1920.0
2019-08-16 13:30,{},9.81,2731,9.84,9.81,9.83,7.3214,1608.0
2019-08-16 13:35,{},9.81,2731,9.82,9.81,9.81,6.5019,1428.0
2019-08-16 13:40,{},9.84,2731,9.85,9.81,9.81,6.4472,1416.0
2019-08-16 13:45,{},9.82,2731,9.85,9.81,9.84,5.268,1157.0
2019-08-16 13:50,{},9.81,2731,9.84,9.81,9.82,6.2241,1367.0
2019-08-16 13:55,{},9.82,2731,9.82,9.8,9.81,7.1894,1579.0
2019-08-16 14:00,{},9.81,2731,9.82,9.8,9.82,10.2673,2255.0
2019-08-16 14:05,{},9.83,2731,9.85,9.8,9.81,7.6720000000000015,1685.0
2019-08-16 14:10,{},9.84,2731,9.84,9.82,9.83,7.8268,1719.0
2019-08-16 14:15,{},9.88,2731,9.88,9.83,9.84,11.0049,2417.0
2019-08-16 14:20,{},9.98,2731,10.02,9.88,9.88,35.8922,7883.0
2019-08-16 14:25,{},9.95,2731,10.03,9.94,9.98,27.2823,5992.0
2019-08-16 14:30,{},9.93,2731,9.96,9.9,9.95,12.6941,2788.0
2019-08-16 14:35,{},9.95,2731,9.98,9.93,9.93,19.0776,4190.0
2019-08-16 14:40,{},9.95,2731,9.96,9.94,9.95,12.4163,2727.0
2019-08-16 14:45,{},9.98,2731,10.0,9.93,9.95,21.6774,4761.0
2019-08-16 14:50,{},10.15,2731,10.15,9.98,9.98,62.7146,13774.0
2019-08-16 14:55,{},10.02,2731,10.18,10.02,10.15,64.3811,14140.0
2019-08-16 15:00,{},10.06,2731,10.06,10.02,10.02,36.0425,7916.0
2019-08-19 09:35,{},9.81,2731,9.87,9.76,9.84,82.1883,18051.0
2019-08-19 09:40,{},9.79,2731,9.85,9.78,9.81,31.2663,6867.0
2019-08-19 09:45,{},9.85,2731,9.85,9.79,9.79,23.3438,5127.0
2019-08-19 09:50,{},9.83,2731,9.87,9.82,9.85,18.2443,4007.0
2019-08-19 09:55,{},9.83,2731,9.85,9.83,9.83,16.9148,3715.0
2019-08-19 10:00,{},9.83,2731,9.84,9.82,9.83,15.2211,3343.0
2019-08-19 10:05,{},9.87,2731,9.88,9.83,9.83,11.442,2513.0
2019-08-19 10:10,{},9.87,2731,9.93,9.86,9.88,23.2072,5097.0
2019-08-19 10:15,{},9.88,2731,9.9,9.87,9.87,12.9855,2852.0
2019-08-19 10:20,{},9.86,2731,9.88,9.85,9.88,8.4051,1846.0
2019-08-19 10:25,{},9.87,2731,9.88,9.85,9.86,8.5508,1878.0
2019-08-19 10:30,{},9.89,2731,9.91,9.86,9.87,5.6914,1250.0
2019-08-19 10:35,{},9.87,2731,9.9,9.86,9.89,5.2862,1161.0
2019-08-19 10:40,{},9.85,2731,9.88,9.85,9.87,8.6782,1906.0
2019-08-19 10:45,{},9.86,2731,9.86,9.84,9.85,17.0742,3750.0
2019-08-19 10:50,{},9.86,2731,9.87,9.85,9.86,9.0926,1997.0
2019-08-19 10:55,{},9.87,2731,9.87,9.85,9.86,6.3835,1402.0
2019-08-19 11:00,{},9.88,2731,9.88,9.87,9.87,4.8764,1071.0
2019-08-19 11:05,{},9.88,2731,9.89,9.86,9.88,5.4546,1198.0
2019-08-19 11:10,{},9.88,2731,9.89,9.87,9.88,10.4631,2298.0
2019-08-19 11:15,{},9.88,2731,9.88,9.86,9.88,10.117,2222.0
2019-08-19 11:20,{},9.9,2731,9.93,9.88,9.88,11.7561,2582.0
2019-08-19 11:25,{},9.9,2731,9.92,9.9,9.9,6.1194,1344.0
2019-08-19 11:30,{},9.9,2731,9.91,9.9,9.9,2.9914,657.0
2019-08-19 13:05,{},9.93,2731,9.93,9.9,9.9,7.9816,1753.0
2019-08-19 13:10,{},9.93,2731,9.95,9.92,9.93,7.7813,1709.0
2019-08-19 13:15,{},9.93,2731,9.95,9.91,9.93,11.8153,2595.0
2019-08-19 13:20,{},9.92,2731,9.94,9.91,9.93,12.0066,2637.0
2019-08-19 13:25,{},9.93,2731,9.94,9.92,9.92,6.3926,1404.0
2019-08-19 13:30,{},9.99,2731,10.0,9.93,9.93,11.8108,2594.0
2019-08-19 13:35,{},9.96,2731,10.01,9.95,9.99,13.7276,3015.0
2019-08-19 13:40,{},9.96,2731,9.96,9.94,9.96,5.482,1204.0
2019-08-19 13:45,{},9.96,2731,9.97,9.95,9.96,6.8297,1500.0
2019-08-19 13:50,{},9.97,2731,9.98,9.96,9.96,7.3943,1624.0
2019-08-19 13:55,{},9.96,2731,9.98,9.96,9.97,5.787000000000001,1271.0
2019-08-19 14:00,{},9.97,2731,9.99,9.96,9.96,9.4887,2084.0
2019-08-19 14:05,{},9.96,2731,9.98,9.96,9.97,8.0499,1768.0
2019-08-19 14:10,{},9.97,2731,9.97,9.95,9.96,7.8314,1720.0
2019-08-19 14:15,{},9.98,2731,9.98,9.96,9.97,9.0015,1977.0
2019-08-19 14:20,{},9.96,2731,9.99,9.96,9.98,11.1779,2455.0
2019-08-19 14:25,{},9.99,2731,10.0,9.96,9.96,8.6145,1892.0
2019-08-19 14:30,{},10.05,2731,10.05,9.99,9.99,21.9597,4823.0
2019-08-19 14:35,{},10.05,2731,10.06,9.99,10.05,22.9796,5047.0
2019-08-19 14:40,{},10.02,2731,10.05,10.02,10.05,19.6148,4308.0
2019-08-19 14:45,{},10.0,2731,10.02,9.99,10.02,25.8754,5683.0
2019-08-19 14:50,{},10.01,2731,10.02,9.98,10.0,22.7701,5001.0
2019-08-19 14:55,{},10.0,2731,10.02,9.99,10.01,40.8324,8968.0
2019-08-19 15:00,{},10.01,2731,10.01,9.99,10.0,27.5873,6059.0
2019-08-20 09:35,{},9.94,2731,9.94,9.84,9.89,49.7656,10930.0
2019-08-20 09:40,{},9.95,2731,9.95,9.9,9.94,16.0679,3529.0
2019-08-20 09:45,{},9.93,2731,9.95,9.92,9.95,20.3115,4461.0
2019-08-20 09:50,{},9.92,2731,9.93,9.9,9.93,17.7799,3905.0
2019-08-20 09:55,{},9.98,2731,10.03,9.92,9.92,26.5128,5823.0
2019-08-20 10:00,{},9.97,2731,10.01,9.97,9.98,14.2148,3122.0
2019-08-20 10:05,{},10.0,2731,10.0,9.96,9.97,8.7739,1927.0
2019-08-20 10:10,{},9.99,2731,10.01,9.99,10.0,8.0135,1760.0
2019-08-20 10:15,{},9.99,2731,9.99,9.97,9.99,7.2941,1602.0
2019-08-20 10:20,{},10.01,2731,10.01,9.99,9.99,10.1216,2223.0
2019-08-20 10:25,{},10.15,2731,10.15,10.0,10.01,46.2323,10154.0
2019-08-20 10:30,{},10.19,2731,10.24,10.12,10.15,67.7185,14873.0
2019-08-20 10:35,{},10.16,2731,10.2,10.12,10.19,26.9089,5910.0
2019-08-20 10:40,{},10.12,2731,10.17,10.11,10.16,15.0071,3296.0
2019-08-20 10:45,{},10.1,2731,10.13,10.1,10.12,14.6155,3210.0
2019-08-20 10:50,{},10.1,2731,10.11,10.08,10.1,9.3384,2051.0
2019-08-20 10:55,{},10.09,2731,10.11,10.08,10.1,8.4916,1865.0
2019-08-20 11:00,{},10.09,2731,10.09,10.06,10.09,6.775,1488.0
2019-08-20 11:05,{},10.11,2731,10.15,10.08,10.09,8.314,1826.0
2019-08-20 11:10,{},10.07,2731,10.11,10.07,10.11,10.8501,2383.0
2019-08-20 11:15,{},10.09,2731,10.12,10.07,10.07,11.2143,2463.0
2019-08-20 11:20,{},10.09,2731,10.09,10.07,10.09,6.643,1459.0
2019-08-20 11:25,{},10.1,2731,10.1,10.08,10.09,4.9128,1079.0
2019-08-20 11:30,{},10.1,2731,10.11,10.09,10.1,3.0142,662.0
2019-08-20 13:05,{},10.1,2731,10.11,10.09,10.1,9.1927,2019.0
2019-08-20 13:10,{},10.08,2731,10.1,10.07,10.1,6.0648,1332.0
2019-08-20 13:15,{},10.09,2731,10.09,10.07,10.08,3.4467,757.0
2019-08-20 13:20,{},10.11,2731,10.13,10.08,10.09,9.5889,2106.0
2019-08-20 13:25,{},10.1,2731,10.11,10.09,10.11,6.5246,1433.0
2019-08-20 13:30,{},10.09,2731,10.1,10.07,10.1,10.8865,2391.0
2019-08-20 13:35,{},10.1,2731,10.11,10.08,10.09,7.54,1656.0
2019-08-20 13:40,{},10.07,2731,10.1,10.07,10.1,8.0863,1776.0
2019-08-20 13:45,{},10.09,2731,10.1,10.06,10.07,10.2445,2250.0
2019-08-20 13:50,{},10.07,2731,10.1,10.07,10.09,7.4352,1633.0
2019-08-20 13:55,{},10.09,2731,10.09,10.07,10.07,7.1529,1571.0
2019-08-20 14:00,{},10.15,2731,10.16,10.08,10.09,17.1288,3762.0
2019-08-20 14:05,{},10.17,2731,10.23,10.14,10.15,54.478,11965.0
2019-08-20 14:10,{},10.19,2731,10.23,10.16,10.17,41.0372,9013.0
2019-08-20 14:15,{},10.17,2731,10.19,10.12,10.19,21.1629,4648.0
2019-08-20 14:20,{},10.18,2731,10.24,10.17,10.17,46.2642,10161.0
2019-08-20 14:25,{},10.22,2731,10.22,10.17,10.18,20.4162,4484.0
2019-08-20 14:30,{},10.22,2731,10.22,10.18,10.22,18.2489,4008.0
2019-08-20 14:35,{},10.2,2731,10.22,10.18,10.22,22.283,4894.0
2019-08-20 14:40,{},10.34,2731,10.35,10.2,10.2,73.7377,16195.0
2019-08-20 14:45,{},10.27,2731,10.34,10.27,10.34,52.4246,11514.0
2019-08-20 14:50,{},10.26,2731,10.31,10.23,10.27,43.1044,9467.0
2019-08-20 14:55,{},10.29,2731,10.31,10.26,10.26,54.4689,11963.0
2019-08-20 15:00,{},10.33,2731,10.33,10.29,10.29,41.3469,9081.0
2019-08-21 09:35,{},10.22,2731,10.26,10.15,10.21,56.1263,12327.0
2019-08-21 09:40,{},10.17,2731,10.22,10.13,10.22,37.9593,8337.0
2019-08-21 09:45,{},10.15,2731,10.2,10.14,10.17,25.7843,5663.0
2019-08-21 09:50,{},10.17,2731,10.19,10.14,10.15,13.113,2880.0
2019-08-21 09:55,{},10.18,2731,10.21,10.17,10.17,14.0282,3081.0
2019-08-21 10:00,{},10.17,2731,10.18,10.16,10.18,13.6457,2997.0
2019-08-21 10:05,{},10.14,2731,10.18,10.13,10.17,35.8194,7867.0
2019-08-21 10:10,{},10.15,2731,10.16,10.13,10.14,19.501,4283.0
2019-08-21 10:10,{},10.15,2731,10.16,10.13,10.14,19.500999999999998,4283.0
2019-08-21 10:15,{},10.15,2731,10.16,10.14,10.15,9.2701,2036.0
2019-08-21 10:20,{},10.15,2731,10.16,10.14,10.15,9.4705,2080.0
2019-08-21 10:25,{},10.21,2731,10.21,10.14,10.15,17.1334,3763.0
2019-08-21 10:30,{},10.18,2731,10.23,10.16,10.21,12.1022,2658.0
2019-08-21 10:35,{},10.17,2731,10.18,10.15,10.18,9.5115,2089.0
2019-08-21 10:40,{},10.16,2731,10.2,10.16,10.17,10.9502,2405.0
2019-08-21 10:45,{},10.16,2731,10.17,10.15,10.16,6.9936,1536.0
2019-08-21 10:50,{},10.16,2731,10.16,10.15,10.16,3.3147,728.0
2019-08-21 10:55,{},10.15,2731,10.16,10.14,10.16,6.1558,1352.0
2019-08-21 11:00,{},10.18,2731,10.18,10.14,10.15,4.6715,1026.0
2019-08-21 11:05,{},10.16,2731,10.18,10.15,10.18,4.89,1074.0
2019-08-21 11:10,{},10.14,2731,10.17,10.14,10.16,11.2007,2460.0
2019-08-21 11:15,{},10.12,2731,10.14,10.12,10.14,18.5312,4070.0
2019-08-21 11:20,{},10.11,2731,10.13,10.11,10.12,16.8602,3703.0
2019-08-21 11:25,{},10.13,2731,10.13,10.11,10.11,7.7904,1711.0
2019-08-21 11:30,{},10.12,2731,10.13,10.11,10.13,5.3226,1169.0
2019-08-21 13:05,{},10.08,2731,10.12,10.07,10.12,24.0632,5285.0
2019-08-21 13:10,{},10.08,2731,10.09,10.07,10.08,12.2752,2696.0
2019-08-21 13:15,{},10.05,2731,10.09,10.05,10.08,12.7578,2802.0
2019-08-21 13:20,{},10.03,2731,10.05,10.02,10.05,21.3086,4680.0
2019-08-21 13:25,{},10.07,2731,10.08,10.03,10.03,10.9411,2403.0
2019-08-21 13:30,{},10.05,2731,10.08,10.05,10.07,6.6976,1471.0
2019-08-21 13:35,{},10.07,2731,10.07,10.04,10.05,9.302,2043.0
2019-08-21 13:40,{},10.07,2731,10.09,10.06,10.07,10.9958,2415.0
2019-08-21 13:45,{},10.11,2731,10.12,10.07,10.07,6.0693,1333.0
2019-08-21 13:50,{},10.14,2731,10.16,10.09,10.11,21.0536,4624.0
2019-08-21 13:55,{},10.14,2731,10.2,10.13,10.14,12.8899,2831.0
2019-08-21 14:00,{},10.11,2731,10.15,10.1,10.14,9.1427,2008.0
2019-08-21 14:05,{},10.22,2731,10.22,10.11,10.11,14.3924,3161.0
2019-08-21 14:10,{},10.22,2731,10.25,10.2,10.22,26.5082,5822.0
2019-08-21 14:15,{},10.2,2731,10.23,10.15,10.22,11.9018,2614.0
2019-08-21 14:20,{},10.2,2731,10.21,10.19,10.2,7.1074,1561.0
2019-08-21 14:25,{},10.18,2731,10.2,10.17,10.2,12.3481,2712.0
2019-08-21 14:30,{},10.16,2731,10.18,10.14,10.18,4.4575,979.0
2019-08-21 14:35,{},10.13,2731,10.17,10.12,10.16,8.6054,1890.0
2019-08-21 14:40,{},10.12,2731,10.13,10.1,10.13,9.6253,2114.0
2019-08-21 14:45,{},10.09,2731,10.13,10.08,10.12,17.657,3878.0
2019-08-21 14:50,{},10.09,2731,10.1,10.05,10.08,21.1902,4654.0
2019-08-21 14:55,{},10.08,2731,10.11,10.07,10.09,27.0865,5949.0
2019-08-21 15:00,{},10.08,2731,10.08,10.07,10.08,15.8312,3477.0
2019-08-22 09:35,{},9.99,2731,10.03,9.95,9.99,34.4443,7565.0
2019-08-22 09:40,{},9.95,2731,9.99,9.92,9.99,36.2792,7968.0
2019-08-22 09:45,{},9.98,2731,9.98,9.94,9.95,17.1971,3777.0
2019-08-22 09:50,{},10.02,2731,10.03,9.98,9.98,13.154000000000002,2889.0
2019-08-22 09:55,{},10.0,2731,10.04,9.98,10.02,7.6401,1678.0
2019-08-22 10:00,{},10.0,2731,10.03,9.99,10.0,4.7762,1049.0
2019-08-22 10:05,{},9.97,2731,10.0,9.96,10.0,16.1362,3544.0
2019-08-22 10:10,{},9.96,2731,9.99,9.96,9.97,7.6857,1688.0
2019-08-22 10:15,{},9.97,2731,9.98,9.95,9.96,9.3293,2049.0
2019-08-22 10:20,{},9.94,2731,9.98,9.93,9.97,17.871,3925.0
2019-08-22 10:25,{},9.96,2731,9.97,9.93,9.94,7.9998,1757.0
2019-08-22 10:30,{},9.96,2731,9.97,9.94,9.96,7.2668,1596.0
2019-08-22 10:35,{},9.96,2731,9.98,9.96,9.96,6.7568,1484.0
2019-08-22 10:40,{},9.98,2731,9.99,9.96,9.96,6.2879,1381.0
2019-08-22 10:45,{},9.97,2731,9.98,9.97,9.98,6.8752,1510.0
2019-08-22 10:50,{},9.96,2731,9.97,9.95,9.97,8.9924,1975.0
2019-08-22 10:55,{},9.96,2731,9.97,9.95,9.96,4.0523,890.0
2019-08-22 11:00,{},9.96,2731,9.97,9.95,9.96,3.4194,751.0
2019-08-22 11:05,{},9.97,2731,9.98,9.96,9.96,4.8764,1071.0
2019-08-22 11:10,{},9.97,2731,9.98,9.96,9.97,2.8366,623.0
2019-08-22 11:15,{},9.95,2731,9.98,9.95,9.97,4.4438,976.0
2019-08-22 11:20,{},9.97,2731,9.97,9.95,9.95,3.5287,775.0
2019-08-22 11:25,{},9.95,2731,9.97,9.95,9.97,4.4757,983.0
2019-08-22 11:30,{},9.96,2731,9.97,9.95,9.95,2.8639,629.0
2019-08-22 13:05,{},9.94,2731,9.97,9.94,9.96,4.6806,1028.0
2019-08-22 13:10,{},9.94,2731,9.95,9.93,9.94,6.5838,1446.0
2019-08-22 13:15,{},9.9,2731,9.94,9.9,9.94,14.5427,3194.0
2019-08-22 13:20,{},9.92,2731,9.92,9.9,9.9,6.4017,1406.0
2019-08-22 13:25,{},9.95,2731,9.96,9.91,9.92,6.8752,1510.0
2019-08-22 13:30,{},9.98,2731,9.98,9.93,9.95,7.3943,1624.0
2019-08-22 13:35,{},9.99,2731,10.01,9.97,9.98,10.0214,2201.0
2019-08-22 13:40,{},9.96,2731,9.99,9.96,9.99,2.6499,582.0
2019-08-22 13:45,{},9.95,2731,9.96,9.93,9.96,6.7204,1476.0
2019-08-22 13:50,{},9.96,2731,9.96,9.94,9.95,3.7745,829.0
2019-08-22 13:55,{},9.94,2731,9.96,9.94,9.96,4.2526,934.0
2019-08-22 14:00,{},9.94,2731,9.95,9.92,9.94,7.1074,1561.0
2019-08-22 14:05,{},9.94,2731,9.95,9.93,9.94,3.2965,724.0
2019-08-22 14:10,{},9.91,2731,9.95,9.91,9.94,12.7806,2807.0
2019-08-22 14:15,{},9.91,2731,9.93,9.9,9.91,19.2597,4230.0
2019-08-22 14:20,{},9.93,2731,9.95,9.91,9.91,9.6481,2119.0
2019-08-22 14:25,{},9.96,2731,9.96,9.92,9.93,8.5189,1871.0
2019-08-22 14:30,{},9.92,2731,9.96,9.92,9.96,5.9282,1302.0
2019-08-22 14:35,{},9.93,2731,9.94,9.92,9.92,3.984,875.0
2019-08-22 14:40,{},9.92,2731,9.94,9.92,9.93,9.8484,2163.0
2019-08-22 14:45,{},9.92,2731,9.93,9.92,9.92,12.9809,2851.0
2019-08-22 14:50,{},9.9,2731,9.92,9.9,9.92,20.826,4574.0
2019-08-22 14:55,{},9.9,2731,9.91,9.88,9.9,41.4152,9096.0
2019-08-22 15:00,{},9.91,2731,9.91,9.89,9.9,21.1993,4656.0
2019-08-23 09:35,{},9.85,2731,9.89,9.77,9.86,24.2863,5334.0
2019-08-23 09:40,{},9.83,2731,9.86,9.81,9.85,15.6172,3430.0
2019-08-23 09:45,{},9.83,2731,9.85,9.82,9.83,9.5798,2104.0
2019-08-23 09:50,{},9.9,2731,9.92,9.82,9.83,17.8846,3928.0
2019-08-23 09:55,{},9.88,2731,9.9,9.87,9.9,5.0676,1113.0
2019-08-23 10:00,{},9.91,2731,9.91,9.88,9.88,8.3459,1833.0
2019-08-23 10:05,{},9.94,2731,9.96,9.9,9.91,15.2302,3345.0
2019-08-23 10:10,{},9.94,2731,9.97,9.93,9.94,18.6632,4099.0
2019-08-23 10:15,{},9.94,2731,9.96,9.93,9.94,8.3368,1831.0
2019-08-23 10:20,{},9.99,2731,10.03,9.94,9.94,30.9976,6808.0
2019-08-23 10:25,{},10.02,2731,10.04,9.99,9.99,24.340999999999998,5346.0
2019-08-23 10:25,{},10.02,2731,10.04,9.99,9.99,24.341,5346.0
2019-08-23 10:30,{},9.98,2731,10.02,9.98,10.02,9.3384,2051.0
2019-08-23 10:35,{},9.98,2731,9.98,9.96,9.98,3.2099,705.0
2019-08-23 10:40,{},9.95,2731,10.0,9.95,9.98,4.8673,1069.0
2019-08-23 10:45,{},9.96,2731,9.97,9.95,9.95,3.9293,863.0
2019-08-23 10:50,{},9.98,2731,9.99,9.95,9.96,7.0573,1550.0
2019-08-23 10:55,{},9.97,2731,9.99,9.95,9.98,4.7853,1051.0
2019-08-23 11:00,{},9.97,2731,9.98,9.96,9.97,3.902,857.0
2019-08-23 11:00,{},9.97,2731,9.98,9.96,9.97,3.9019999999999997,857.0
2019-08-23 11:05,{},9.98,2731,9.99,9.97,9.97,2.7137,596.0
2019-08-23 11:10,{},9.96,2731,9.98,9.96,9.98,3.4831,765.0
2019-08-23 11:15,{},9.94,2731,9.97,9.94,9.96,7.112,1562.0
2019-08-23 11:20,{},9.94,2731,9.95,9.93,9.94,4.9629,1090.0
2019-08-23 11:25,{},9.96,2731,9.98,9.94,9.94,3.9202,861.0
2019-08-23 11:30,{},9.96,2731,9.97,9.95,9.96,2.1673,476.0
2019-08-23 13:05,{},9.94,2731,9.97,9.94,9.96,1.7029,374.0
2019-08-23 13:10,{},9.94,2731,9.95,9.92,9.94,1.6528,363.0
2019-08-23 13:15,{},9.93,2731,9.94,9.91,9.94,3.7017,813.0
2019-08-23 13:20,{},10.0,2731,10.04,9.91,9.93,26.9499,5919.0
2019-08-23 13:25,{},10.05,2731,10.05,9.99,10.0,23.4622,5153.0
2019-08-23 13:30,{},10.05,2731,10.09,10.02,10.05,26.2851,5773.0
2019-08-23 13:35,{},10.02,2731,10.06,10.01,10.05,8.4506,1856.0
2019-08-23 13:40,{},10.01,2731,10.03,9.99,10.02,5.869,1289.0
2019-08-23 13:45,{},9.99,2731,10.01,9.97,10.01,4.9174,1080.0
2019-08-23 13:50,{},10.0,2731,10.01,9.97,9.99,6.5246,1433.0
2019-08-23 13:55,{},9.99,2731,10.0,9.98,10.0,4.4484,977.0
2019-08-23 14:00,{},9.98,2731,9.99,9.95,9.99,7.2577,1594.0
2019-08-23 14:05,{},9.97,2731,9.98,9.97,9.98,3.9476,867.0
2019-08-23 14:10,{},9.93,2731,9.97,9.93,9.97,10.9776,2411.0
2019-08-23 14:15,{},9.92,2731,9.93,9.9,9.93,8.6737,1905.0
2019-08-23 14:20,{},9.92,2731,9.93,9.91,9.92,3.7199,817.0
2019-08-23 14:25,{},9.88,2731,9.93,9.87,9.92,9.0379,1985.0
2019-08-23 14:30,{},9.91,2731,9.91,9.87,9.88,11.7334,2577.0
2019-08-23 14:35,{},9.89,2731,9.92,9.88,9.91,7.9543,1747.0
2019-08-23 14:40,{},9.89,2731,9.89,9.87,9.89,8.6782,1906.0
2019-08-23 14:45,{},9.89,2731,9.9,9.88,9.89,11.3418,2491.0
2019-08-23 14:50,{},9.84,2731,9.89,9.83,9.89,17.1334,3763.0
2019-08-23 14:55,{},9.84,2731,9.86,9.82,9.84,26.3261,5782.0
2019-08-23 15:00,{},9.81,2731,9.84,9.79,9.84,32.2634,7086.0
2019-08-26 09:35,{},10.0,2731,10.15,9.96,10.15,145.9684,32059.0
2019-08-26 09:40,{},9.97,2731,10.02,9.93,10.0,36.7801,8078.0
2019-08-26 09:45,{},9.93,2731,9.99,9.92,9.97,30.8474,6775.0
2019-08-26 09:50,{},9.94,2731,9.98,9.92,9.93,17.1334,3763.0
2019-08-26 09:55,{},9.99,2731,9.99,9.93,9.94,15.4578,3395.0
2019-08-26 10:00,{},9.98,2731,9.99,9.95,9.99,12.9309,2840.0
2019-08-26 10:05,{},9.98,2731,9.98,9.96,9.98,8.5371,1875.0
2019-08-26 10:10,{},10.04,2731,10.08,9.98,9.98,30.9202,6791.0
2019-08-26 10:15,{},10.03,2731,10.06,10.0,10.04,12.6212,2772.0
2019-08-26 10:20,{},9.97,2731,10.03,9.97,10.03,10.718,2354.0
2019-08-26 10:25,{},9.97,2731,9.98,9.96,9.97,7.7949,1712.0
2019-08-26 10:30,{},9.97,2731,9.98,9.95,9.97,5.8735,1290.0
2019-08-26 10:35,{},9.95,2731,9.97,9.93,9.97,9.6481,2119.0
2019-08-26 10:40,{},9.94,2731,9.95,9.93,9.95,5.0904,1118.0
2019-08-26 10:45,{},9.94,2731,9.96,9.94,9.94,3.6288,797.0
2019-08-26 10:50,{},9.94,2731,9.95,9.94,9.94,3.4649,761.0
2019-08-26 10:55,{},9.89,2731,9.94,9.89,9.94,16.842,3699.0
2019-08-26 11:00,{},9.9,2731,9.91,9.89,9.89,8.9196,1959.0
2019-08-26 11:05,{},9.92,2731,9.95,9.9,9.9,3.8337,842.0
2019-08-26 11:10,{},9.92,2731,9.93,9.9,9.92,2.272,499.0
2019-08-26 11:15,{},9.9,2731,9.92,9.9,9.92,2.9459,647.0
2019-08-26 11:20,{},9.91,2731,9.91,9.9,9.9,2.6545,583.0
2019-08-26 11:25,{},9.9,2731,9.94,9.89,9.92,7.5992,1669.0
2019-08-26 11:30,{},9.9,2731,9.9,9.89,9.9,6.7341,1479.0
2019-08-26 13:05,{},9.89,2731,9.93,9.89,9.9,7.631,1676.0
2019-08-26 13:10,{},9.93,2731,9.93,9.89,9.89,4.6761,1027.0
2019-08-26 13:15,{},9.93,2731,9.95,9.92,9.93,2.3403,514.0
2019-08-26 13:20,{},9.93,2731,9.93,9.92,9.93,2.1263,467.0
2019-08-26 13:25,{},9.94,2731,9.97,9.93,9.93,6.5884,1447.0
2019-08-26 13:30,{},9.92,2731,9.94,9.92,9.94,3.0096,661.0
2019-08-26 13:35,{},9.92,2731,9.94,9.92,9.92,1.539,338.0
2019-08-26 13:35,{},9.92,2731,9.94,9.92,9.92,1.5390000000000001,338.0
2019-08-26 13:40,{},9.94,2731,9.94,9.92,9.92,2.4496,538.0
2019-08-26 13:45,{},9.95,2731,9.97,9.94,9.94,4.5622,1002.0
2019-08-26 13:50,{},9.95,2731,9.95,9.94,9.95,1.8668,410.0
2019-08-26 13:55,{},9.97,2731,9.98,9.95,9.95,5.9555,1308.0
2019-08-26 14:00,{},9.96,2731,9.98,9.96,9.97,8.7784,1928.0
2019-08-26 14:05,{},9.92,2731,9.96,9.92,9.96,4.544,998.0
2019-08-26 14:10,{},9.92,2731,9.92,9.91,9.92,4.1433,910.0
2019-08-26 14:15,{},9.92,2731,9.94,9.91,9.92,3.383,743.0
2019-08-26 14:20,{},9.93,2731,9.94,9.92,9.92,2.5269999999999997,555.0
2019-08-26 14:20,{},9.93,2731,9.94,9.92,9.92,2.527,555.0
2019-08-26 14:25,{},9.92,2731,9.94,9.92,9.93,5.4273,1192.0
2019-08-26 14:30,{},9.88,2731,9.92,9.86,9.92,12.9035,2834.0
2019-08-26 14:35,{},9.84,2731,9.89,9.83,9.88,13.3862,2940.0
2019-08-26 14:40,{},9.83,2731,9.87,9.83,9.84,10.5951,2327.0
2019-08-26 14:45,{},9.82,2731,9.83,9.81,9.83,23.6489,5194.0
2019-08-26 14:50,{},9.81,2731,9.83,9.81,9.82,15.6491,3437.0
2019-08-26 14:55,{},9.79,2731,9.82,9.76,9.81,29.9686,6582.0
2019-08-26 15:00,{},9.77,2731,9.8,9.77,9.79,19.9745,4387.0
2019-08-27 09:35,{},9.51,2731,9.63,9.51,9.6,83.7182,18387.0
2019-08-27 09:40,{},9.54,2731,9.56,9.51,9.51,39.043,8575.0
2019-08-27 09:45,{},9.53,2731,9.56,9.52,9.54,27.8514,6117.0
2019-08-27 09:50,{},9.55,2731,9.57,9.53,9.53,18.8499,4140.0
2019-08-27 09:55,{},9.55,2731,9.56,9.55,9.55,14.3104,3143.0
2019-08-27 10:00,{},9.58,2731,9.6,9.55,9.55,12.1659,2672.0
2019-08-27 10:05,{},9.58,2731,9.58,9.56,9.58,9.3066,2044.0
2019-08-27 10:10,{},9.58,2731,9.59,9.57,9.58,7.54,1656.0
2019-08-27 10:15,{},9.57,2731,9.59,9.56,9.58,10.6406,2337.0
2019-08-27 10:20,{},9.58,2731,9.58,9.55,9.57,16.4732,3618.0
2019-08-27 10:25,{},9.6,2731,9.6,9.58,9.58,10.076,2213.0
2019-08-27 10:30,{},9.59,2731,9.61,9.59,9.6,6.0556,1330.0
2019-08-27 10:35,{},9.59,2731,9.61,9.58,9.59,12.2479,2690.0
2019-08-27 10:40,{},9.63,2731,9.65,9.58,9.59,12.3071,2703.0
2019-08-27 10:45,{},9.61,2731,9.64,9.61,9.63,9.9349,2182.0
2019-08-27 10:50,{},9.65,2731,9.66,9.62,9.62,8.7192,1915.0
2019-08-27 10:55,{},9.62,2731,9.65,9.62,9.65,7.1621,1573.0
2019-08-27 11:00,{},9.62,2731,9.63,9.61,9.62,9.1381,2007.0
2019-08-27 11:05,{},9.62,2731,9.63,9.61,9.62,6.602,1450.0
2019-08-27 11:10,{},9.64,2731,9.64,9.61,9.62,7.3988,1625.0
2019-08-27 11:15,{},9.63,2731,9.64,9.62,9.64,3.9931,877.0
2019-08-27 11:20,{},9.66,2731,9.66,9.63,9.63,7.1894,1579.0
2019-08-27 11:25,{},9.66,2731,9.67,9.65,9.66,7.7995,1713.0
2019-08-27 11:30,{},9.71,2731,9.71,9.65,9.66,9.4067,2066.0
2019-08-27 13:05,{},9.69,2731,9.73,9.68,9.71,7.8769,1730.0
2019-08-27 13:10,{},9.7,2731,9.7,9.66,9.68,5.9282,1302.0
2019-08-27 13:15,{},9.69,2731,9.7,9.68,9.7,3.4968,768.0
2019-08-27 13:20,{},9.73,2731,9.73,9.68,9.69,5.6686,1245.0
2019-08-27 13:25,{},9.73,2731,9.74,9.7,9.73,11.6696,2563.0
2019-08-27 13:30,{},9.71,2731,9.73,9.7,9.73,5.3089,1166.0
2019-08-27 13:35,{},9.68,2731,9.71,9.67,9.71,9.8029,2153.0
2019-08-27 13:40,{},9.68,2731,9.7,9.67,9.69,5.6368,1238.0
2019-08-27 13:45,{},9.7,2731,9.72,9.67,9.68,16.1408,3545.0
2019-08-27 13:50,{},9.71,2731,9.74,9.69,9.7,13.8825,3049.0
2019-08-27 13:55,{},9.7,2731,9.72,9.69,9.71,7.5354,1655.0
2019-08-27 14:00,{},9.68,2731,9.71,9.67,9.7,11.747,2580.0
2019-08-27 14:05,{},9.71,2731,9.73,9.67,9.68,13.7185,3013.0
2019-08-27 14:10,{},9.79,2731,9.8,9.71,9.71,21.1993,4656.0
2019-08-27 14:15,{},9.74,2731,9.81,9.74,9.79,13.9052,3054.0
2019-08-27 14:20,{},9.75,2731,9.76,9.73,9.74,5.4865,1205.0
2019-08-27 14:25,{},9.73,2731,9.75,9.73,9.75,4.5212,993.0
2019-08-27 14:30,{},9.73,2731,9.75,9.73,9.73,6.2787,1379.0
2019-08-27 14:35,{},9.71,2731,9.73,9.7,9.73,6.4518,1417.0
2019-08-27 14:40,{},9.72,2731,9.73,9.69,9.71,8.6282,1895.0
2019-08-27 14:45,{},9.71,2731,9.73,9.7,9.73,10.9047,2395.0
2019-08-27 14:50,{},9.72,2731,9.73,9.71,9.71,10.4767,2301.0
2019-08-27 14:55,{},9.75,2731,9.76,9.72,9.72,15.5717,3420.0
2019-08-27 15:00,{},9.75,2731,9.75,9.73,9.75,17.3018,3800.0
2019-08-28 09:35,{},9.71,2731,9.76,9.67,9.75,30.5241,6704.0
2019-08-28 09:40,{},9.72,2731,9.72,9.69,9.71,15.5808,3422.0
2019-08-28 09:45,{},9.74,2731,9.75,9.69,9.72,10.8228,2377.0
2019-08-28 09:50,{},9.73,2731,9.74,9.71,9.74,5.6914,1250.0
2019-08-28 09:55,{},9.78,2731,9.8,9.72,9.73,24.901,5469.0
2019-08-28 10:00,{},9.81,2731,9.83,9.77,9.78,23.9357,5257.0
2019-08-28 10:05,{},9.77,2731,9.81,9.76,9.79,13.0857,2874.0
2019-08-28 10:10,{},9.73,2731,9.77,9.73,9.77,9.7755,2147.0
2019-08-28 10:15,{},9.75,2731,9.76,9.73,9.73,9.4477,2075.0
2019-08-28 10:20,{},9.73,2731,9.75,9.71,9.75,9.1336,2006.0
2019-08-28 10:25,{},9.71,2731,9.73,9.71,9.72,9.2701,2036.0
2019-08-28 10:30,{},9.71,2731,9.71,9.7,9.71,8.9469,1965.0
2019-08-28 10:35,{},9.68,2731,9.71,9.68,9.71,10.504,2307.0
2019-08-28 10:35,{},9.68,2731,9.71,9.68,9.71,10.504000000000001,2307.0
2019-08-28 10:40,{},9.68,2731,9.7,9.67,9.68,13.1631,2891.0
2019-08-28 10:45,{},9.65,2731,9.68,9.61,9.68,27.3187,6000.0
2019-08-28 10:50,{},9.63,2731,9.65,9.62,9.65,20.2659,4451.0
2019-08-28 10:55,{},9.66,2731,9.67,9.63,9.63,4.371,960.0
2019-08-28 11:00,{},9.66,2731,9.66,9.64,9.66,3.26,716.0
2019-08-28 11:05,{},9.65,2731,9.66,9.64,9.66,4.5986,1010.0
2019-08-28 11:10,{},9.63,2731,9.65,9.62,9.65,5.4137,1189.0
2019-08-28 11:15,{},9.6,2731,9.64,9.6,9.63,10.6816,2346.0
2019-08-28 11:20,{},9.64,2731,9.64,9.59,9.61,5.4501,1197.0
2019-08-28 11:25,{},9.62,2731,9.64,9.61,9.64,5.6231,1235.0
2019-08-28 11:30,{},9.62,2731,9.63,9.61,9.62,2.873,631.0
2019-08-28 13:05,{},9.61,2731,9.63,9.61,9.62,5.4,1186.0
2019-08-28 13:10,{},9.58,2731,9.62,9.58,9.61,13.2359,2907.0
2019-08-28 13:15,{},9.57,2731,9.58,9.54,9.58,16.4823,3620.0
2019-08-28 13:20,{},9.59,2731,9.6,9.57,9.57,5.5093,1210.0
2019-08-28 13:25,{},9.56,2731,9.6,9.55,9.59,11.5649,2540.0
2019-08-28 13:30,{},9.56,2731,9.58,9.55,9.56,7.5855,1666.0
2019-08-28 13:35,{},9.57,2731,9.58,9.55,9.56,5.3089,1166.0
2019-08-28 13:40,{},9.58,2731,9.59,9.57,9.57,4.8992,1076.0
2019-08-28 13:45,{},9.59,2731,9.6,9.58,9.58,3.6106,793.0
2019-08-28 13:50,{},9.59,2731,9.61,9.59,9.59,11.1051,2439.0
2019-08-28 13:55,{},9.63,2731,9.63,9.59,9.59,4.2754,939.0
2019-08-28 14:00,{},9.63,2731,9.64,9.62,9.63,2.873,631.0
2019-08-28 14:05,{},9.58,2731,9.63,9.58,9.63,6.4654,1420.0
2019-08-28 14:10,{},9.59,2731,9.6,9.58,9.59,11.6378,2556.0
2019-08-28 14:15,{},9.57,2731,9.59,9.56,9.59,9.8484,2163.0
2019-08-28 14:20,{},9.59,2731,9.59,9.57,9.57,2.9914,657.0
2019-08-28 14:25,{},9.6,2731,9.6,9.58,9.59,5.9236,1301.0
2019-08-28 14:30,{},9.58,2731,9.6,9.57,9.6,8.0863,1776.0
2019-08-28 14:35,{},9.57,2731,9.59,9.56,9.58,7.7676,1706.0
2019-08-28 14:40,{},9.53,2731,9.58,9.53,9.57,16.5916,3644.0
2019-08-28 14:45,{},9.55,2731,9.56,9.53,9.53,13.6912,3007.0
2019-08-28 14:50,{},9.53,2731,9.56,9.53,9.55,12.776,2806.0
2019-08-28 14:55,{},9.49,2731,9.54,9.49,9.53,39.4619,8667.0
2019-08-28 15:00,{},9.47,2731,9.49,9.47,9.49,24.1679,5308.0
2019-08-29 09:35,{},9.42,2731,9.46,9.36,9.46,41.1238,9032.0
2019-08-29 09:40,{},9.48,2731,9.48,9.42,9.42,10.8,2372.0
2019-08-29 09:45,{},9.43,2731,9.51,9.43,9.48,20.2477,4447.0
2019-08-29 09:50,{},9.43,2731,9.46,9.42,9.43,11.0003,2416.0
2019-08-29 09:55,{},9.45,2731,9.47,9.42,9.43,5.5093,1210.0
2019-08-29 10:00,{},9.43,2731,9.44,9.4,9.44,12.562000000000001,2759.0
2019-08-29 10:00,{},9.43,2731,9.44,9.4,9.44,12.562,2759.0
2019-08-29 10:05,{},9.39,2731,9.44,9.39,9.43,11.0276,2422.0
2019-08-29 10:10,{},9.35,2731,9.4,9.35,9.39,20.5573,4515.0
2019-08-29 10:15,{},9.37,2731,9.39,9.35,9.35,9.4158,2068.0
2019-08-29 10:20,{},9.38,2731,9.4,9.37,9.37,6.7887,1491.0
2019-08-29 10:25,{},9.36,2731,9.41,9.36,9.38,8.6464,1899.0
2019-08-29 10:30,{},9.37,2731,9.39,9.35,9.36,11.3873,2501.0
2019-08-29 10:35,{},9.33,2731,9.37,9.31,9.37,20.0929,4413.0
2019-08-29 10:40,{},9.32,2731,9.33,9.3,9.33,19.6604,4318.0
2019-08-29 10:45,{},9.3,2731,9.36,9.3,9.32,10.6361,2336.0
2019-08-29 10:50,{},9.33,2731,9.34,9.3,9.3,7.59,1667.0
2019-08-29 10:55,{},9.37,2731,9.37,9.33,9.33,5.0312,1105.0
2019-08-29 11:00,{},9.36,2731,9.41,9.35,9.37,6.0101,1320.0
2019-08-29 11:05,{},9.36,2731,9.36,9.34,9.36,4.8491,1065.0
2019-08-29 11:10,{},9.35,2731,9.37,9.35,9.36,4.8126,1057.0
2019-08-29 11:15,{},9.38,2731,9.38,9.35,9.35,3.7153,816.0
2019-08-29 11:20,{},9.36,2731,9.41,9.35,9.39,6.215,1365.0
2019-08-29 11:25,{},9.4,2731,9.43,9.36,9.36,12.2843,2698.0
2019-08-29 11:30,{},9.44,2731,9.45,9.39,9.4,11.4875,2523.0
2019-08-29 13:05,{},9.43,2731,9.44,9.41,9.44,2.5315,556.0
2019-08-29 13:10,{},9.44,2731,9.44,9.41,9.43,3.6562,803.0
2019-08-29 13:15,{},9.45,2731,9.45,9.42,9.44,2.1992,483.0
2019-08-29 13:20,{},9.44,2731,9.45,9.44,9.45,3.301,725.0
2019-08-29 13:25,{},9.4,2731,9.45,9.4,9.44,3.9794,874.0
2019-08-29 13:30,{},9.43,2731,9.43,9.4,9.4,3.0142,662.0
2019-08-29 13:35,{},9.41,2731,9.43,9.4,9.43,2.2629,497.0
2019-08-29 13:40,{},9.4,2731,9.41,9.38,9.41,5.5912,1228.0
2019-08-29 13:45,{},9.43,2731,9.45,9.39,9.4,8.7602,1924.0
2019-08-29 13:50,{},9.48,2731,9.5,9.43,9.43,14.6474,3217.0
2019-08-29 13:55,{},9.45,2731,9.48,9.45,9.48,7.1393,1568.0
2019-08-29 14:00,{},9.43,2731,9.46,9.41,9.45,5.5229,1213.0
2019-08-29 14:05,{},9.49,2731,9.5,9.42,9.43,7.0983,1559.0
2019-08-29 14:10,{},9.48,2731,9.5,9.46,9.49,10.9776,2411.0
2019-08-29 14:15,{},9.51,2731,9.51,9.45,9.48,9.5433,2096.0
2019-08-29 14:20,{},9.57,2731,9.58,9.51,9.51,46.3689,10184.0
2019-08-29 14:25,{},9.55,2731,9.57,9.51,9.57,12.5666,2760.0
2019-08-29 14:30,{},9.53,2731,9.55,9.5,9.55,11.1415,2447.0
2019-08-29 14:35,{},9.51,2731,9.53,9.5,9.53,10.1034,2219.0
2019-08-29 14:40,{},9.51,2731,9.52,9.5,9.51,7.202999999999999,1582.0
2019-08-29 14:40,{},9.51,2731,9.52,9.5,9.51,7.203,1582.0
2019-08-29 14:45,{},9.51,2731,9.53,9.51,9.51,11.7744,2586.0
2019-08-29 14:50,{},9.52,2731,9.54,9.51,9.51,11.3054,2483.0
2019-08-29 14:55,{},9.51,2731,9.53,9.5,9.52,24.4821,5377.0
2019-08-29 15:00,{},9.55,2731,9.55,9.5,9.51,15.9905,3512.0
2019-08-30 09:35,{},9.4,2731,9.42,9.37,9.37,46.4054,10192.0
2019-08-30 09:40,{},9.39,2731,9.43,9.39,9.4,16.6325,3653.0
2019-08-30 09:45,{},9.4,2731,9.41,9.37,9.39,16.4914,3622.0
2019-08-30 09:50,{},9.41,2731,9.42,9.4,9.4,5.4364,1194.0
2019-08-30 09:55,{},9.42,2731,9.42,9.4,9.41,5.1132,1123.0
2019-08-30 10:00,{},9.41,2731,9.42,9.4,9.42,4.0796,896.0
2019-08-30 10:05,{},9.38,2731,9.41,9.38,9.41,9.8529,2164.0
2019-08-30 10:10,{},9.37,2731,9.4,9.35,9.38,16.118,3540.0
2019-08-30 10:15,{},9.37,2731,9.38,9.34,9.37,14.4015,3163.0
2019-08-30 10:20,{},9.38,2731,9.38,9.36,9.37,4.5212,993.0
2019-08-30 10:25,{},9.37,2731,9.38,9.36,9.38,4.1297,907.0
2019-08-30 10:30,{},9.39,2731,9.39,9.37,9.37,3.9521,868.0
2019-08-30 10:35,{},9.36,2731,9.39,9.36,9.39,4.8445,1064.0
2019-08-30 10:40,{},9.34,2731,9.36,9.33,9.36,15.4897,3402.0
2019-08-30 10:45,{},9.34,2731,9.35,9.33,9.34,5.9646,1310.0
2019-08-30 10:50,{},9.34,2731,9.35,9.34,9.34,3.2054,704.0
2019-08-30 10:55,{},9.35,2731,9.35,9.33,9.34,6.5428,1437.0
2019-08-30 11:00,{},9.34,2731,9.35,9.33,9.35,6.1968,1361.0
2019-08-30 11:05,{},9.31,2731,9.34,9.31,9.34,13.0037,2856.0
2019-08-30 11:10,{},9.38,2731,9.38,9.3,9.31,9.3976,2064.0
2019-08-30 11:15,{},9.37,2731,9.41,9.36,9.38,10.9275,2400.0
2019-08-30 11:20,{},9.4,2731,9.41,9.37,9.37,4.9719999999999995,1092.0
2019-08-30 11:20,{},9.4,2731,9.41,9.37,9.37,4.972,1092.0
2019-08-30 11:25,{},9.37,2731,9.4,9.37,9.4,5.104,1121.0
2019-08-30 11:30,{},9.36,2731,9.38,9.36,9.37,4.6533,1022.0
2019-08-30 13:05,{},9.34,2731,9.38,9.32,9.36,4.9356,1084.0
2019-08-30 13:10,{},9.37,2731,9.37,9.32,9.34,2.9049,638.0
2019-08-30 13:15,{},9.33,2731,9.37,9.33,9.37,2.0489,450.0
2019-08-30 13:20,{},9.34,2731,9.35,9.33,9.33,1.9715,433.0
2019-08-30 13:25,{},9.36,2731,9.36,9.34,9.34,1.9351,425.0
2019-08-30 13:30,{},9.33,2731,9.36,9.33,9.36,3.4012,747.0
2019-08-30 13:35,{},9.34,2731,9.35,9.33,9.33,5.7187,1256.0
2019-08-30 13:40,{},9.34,2731,9.37,9.34,9.34,4.0978,900.0
2019-08-30 13:45,{},9.39,2731,9.41,9.34,9.34,6.1695,1355.0
2019-08-30 13:50,{},9.39,2731,9.39,9.36,9.39,4.544,998.0
2019-08-30 13:55,{},9.39,2731,9.4,9.38,9.39,4.7944,1053.0
2019-08-30 14:00,{},9.37,2731,9.39,9.37,9.39,5.3636,1178.0
2019-08-30 14:05,{},9.36,2731,9.38,9.34,9.37,6.3379,1392.0
2019-08-30 14:10,{},9.38,2731,9.38,9.36,9.36,3.77,828.0
2019-08-30 14:15,{},9.34,2731,9.38,9.32,9.38,10.7818,2368.0
2019-08-30 14:20,{},9.3,2731,9.36,9.3,9.34,10.7362,2358.0
2019-08-30 14:25,{},9.32,2731,9.34,9.28,9.3,23.4486,5150.0
2019-08-30 14:30,{},9.31,2731,9.34,9.3,9.32,11.8017,2592.0
2019-08-30 14:35,{},9.22,2731,9.32,9.22,9.31,18.4993,4063.0
2019-08-30 14:40,{},9.22,2731,9.25,9.21,9.22,32.655,7172.0
2019-08-30 14:45,{},9.2,2731,9.24,9.17,9.22,29.1991,6413.0
2019-08-30 14:50,{},9.15,2731,9.22,9.15,9.2,25.6249,5628.0
2019-08-30 14:55,{},9.16,2731,9.16,9.11,9.15,50.4076,11071.0
2019-08-30 15:00,{},9.17,2731,9.18,9.15,9.16,18.9683,4166.0
2019-09-02 09:35,{},9.1,2731,9.19,9.1,9.15,32.1405,7059.0
2019-09-02 09:40,{},9.12,2731,9.14,9.08,9.1,16.0042,3515.0
2019-09-02 09:45,{},9.1,2731,9.13,9.08,9.12,18.1169,3979.0
2019-09-02 09:50,{},9.1,2731,9.13,9.1,9.1,10.2718,2256.0
2019-09-02 09:55,{},9.1,2731,9.13,9.1,9.1,7.3806,1621.0
2019-09-02 10:00,{},9.11,2731,9.11,9.1,9.1,7.754,1703.0
2019-09-02 10:05,{},9.17,2731,9.18,9.11,9.11,13.6502,2998.0
2019-09-02 10:10,{},9.19,2731,9.19,9.15,9.17,6.3926,1404.0
2019-09-02 10:15,{},9.19,2731,9.2,9.18,9.19,7.1712,1575.0
2019-09-02 10:20,{},9.18,2731,9.19,9.17,9.19,4.5212,993.0
2019-09-02 10:25,{},9.15,2731,9.18,9.15,9.18,3.5787,786.0
2019-09-02 10:30,{},9.16,2731,9.17,9.15,9.15,2.1764,478.0
2019-09-02 10:35,{},9.16,2731,9.17,9.15,9.16,2.1673,476.0
2019-09-02 10:40,{},9.17,2731,9.18,9.16,9.16,2.2037,484.0
2019-09-02 10:45,{},9.18,2731,9.18,9.17,9.17,1.844,405.0
2019-09-02 10:50,{},9.17,2731,9.18,9.16,9.17,2.996,658.0
2019-09-02 10:55,{},9.19,2731,9.19,9.17,9.17,7.8587,1726.0
2019-09-02 11:00,{},9.18,2731,9.19,9.17,9.19,2.8548,627.0
2019-09-02 11:05,{},9.18,2731,9.19,9.17,9.18,2.5771,566.0
2019-09-02 11:10,{},9.18,2731,9.19,9.17,9.18,4.4484,977.0
2019-09-02 11:15,{},9.18,2731,9.18,9.17,9.18,2.3494,516.0
2019-09-02 11:20,{},9.18,2731,9.19,9.17,9.18,1.3022,286.0
2019-09-02 11:25,{},9.19,2731,9.19,9.18,9.18,2.8229,620.0
2019-09-02 11:30,{},9.19,2731,9.21,9.18,9.19,4.1251,906.0
2019-09-02 13:05,{},9.18,2731,9.21,9.18,9.19,6.5246,1433.0
2019-09-02 13:10,{},9.22,2731,9.23,9.18,9.18,6.4062,1407.0
2019-09-02 13:15,{},9.22,2731,9.23,9.21,9.22,5.186,1139.0
2019-09-02 13:20,{},9.2,2731,9.22,9.2,9.22,5.2862,1161.0
2019-09-02 13:25,{},9.2,2731,9.21,9.19,9.2,4.2845,941.0
2019-09-02 13:30,{},9.21,2731,9.22,9.2,9.2,5.8963,1295.0
2019-09-02 13:35,{},9.2,2731,9.22,9.2,9.21,3.1189,685.0
2019-09-02 13:40,{},9.2,2731,9.21,9.2,9.2,3.7927,833.0
2019-09-02 13:45,{},9.19,2731,9.2,9.18,9.2,4.1069,902.0
2019-09-02 13:50,{},9.2,2731,9.21,9.19,9.19,3.6334,798.0
2019-09-02 13:55,{},9.19,2731,9.2,9.18,9.2,3.1052,682.0
2019-09-02 14:00,{},9.2,2731,9.2,9.19,9.19,3.2191,707.0
2019-09-02 14:05,{},9.21,2731,9.21,9.19,9.2,11.1142,2441.0
2019-09-02 14:10,{},9.22,2731,9.23,9.2,9.21,5.4045,1187.0
2019-09-02 14:15,{},9.22,2731,9.23,9.21,9.22,3.2737,719.0
2019-09-02 14:20,{},9.23,2731,9.23,9.21,9.22,4.2116,925.0
2019-09-02 14:25,{},9.21,2731,9.23,9.2,9.23,3.26,716.0
2019-09-02 14:30,{},9.22,2731,9.22,9.2,9.21,9.3885,2062.0
2019-09-02 14:35,{},9.18,2731,9.22,9.17,9.22,12.7396,2798.0
2019-09-02 14:40,{},9.2,2731,9.21,9.18,9.18,5.0995,1120.0
2019-09-02 14:45,{},9.2,2731,9.2,9.19,9.2,7.5718,1663.0
2019-09-02 14:50,{},9.2,2731,9.21,9.19,9.2,10.2582,2253.0
2019-09-02 14:55,{},9.23,2731,9.23,9.2,9.2,28.7803,6321.0
2019-09-02 15:00,{},9.23,2731,9.24,9.23,9.23,18.3445,4029.0
2019-09-03 09:35,{},9.19,2731,9.24,9.19,9.23,15.476,3399.0
2019-09-03 09:40,{},9.2,2731,9.21,9.19,9.19,5.7916,1272.0
2019-09-03 09:45,{},9.24,2731,9.25,9.21,9.21,9.3248,2048.0
2019-09-03 09:50,{},9.22,2731,9.24,9.21,9.24,7.8314,1720.0
2019-09-03 09:55,{},9.22,2731,9.23,9.2,9.22,11.4101,2506.0
2019-09-03 10:00,{},9.2,2731,9.23,9.2,9.22,12.6713,2783.0
2019-09-03 10:05,{},9.2,2731,9.21,9.18,9.2,11.8973,2613.0
2019-09-03 10:10,{},9.19,2731,9.21,9.19,9.2,9.5206,2091.0
2019-09-03 10:15,{},9.21,2731,9.21,9.19,9.19,2.5497,560.0
2019-09-03 10:20,{},9.22,2731,9.23,9.2,9.21,6.8524,1505.0
2019-09-03 10:25,{},9.24,2731,9.26,9.22,9.22,11.9747,2630.0
2019-09-03 10:30,{},9.23,2731,9.27,9.21,9.24,8.7784,1928.0
2019-09-03 10:35,{},9.24,2731,9.25,9.23,9.23,6.1285,1346.0
2019-09-03 10:40,{},9.24,2731,9.25,9.23,9.24,3.597,790.0
2019-09-03 10:45,{},9.22,2731,9.24,9.22,9.24,3.9384,865.0
2019-09-03 10:50,{},9.23,2731,9.23,9.22,9.22,2.782,611.0
2019-09-03 10:55,{},9.23,2731,9.24,9.22,9.23,2.0398,448.0
2019-09-03 11:00,{},9.23,2731,9.23,9.22,9.23,5.0221,1103.0
2019-09-03 11:05,{},9.23,2731,9.24,9.23,9.23,5.5821,1226.0
2019-09-03 11:10,{},9.25,2731,9.26,9.22,9.23,2.4678,542.0
2019-09-03 11:15,{},9.24,2731,9.26,9.24,9.25,4.5349,996.0
2019-09-03 11:20,{},9.24,2731,9.25,9.24,9.24,2.5042,550.0
2019-09-03 11:25,{},9.24,2731,9.24,9.23,9.23,2.0808,457.0
2019-09-03 11:30,{},9.24,2731,9.24,9.23,9.24,1.4388,316.0
2019-09-03 13:05,{},9.25,2731,9.25,9.24,9.24,2.4541,539.0
2019-09-03 13:10,{},9.23,2731,9.25,9.23,9.25,2.2993,505.0
2019-09-03 13:15,{},9.22,2731,9.23,9.22,9.23,1.9761,434.0
2019-09-03 13:20,{},9.22,2731,9.23,9.22,9.22,3.4012,747.0
2019-09-03 13:25,{},9.22,2731,9.23,9.22,9.22,2.8138,618.0
2019-09-03 13:30,{},9.24,2731,9.25,9.22,9.22,5.6322,1237.0
2019-09-03 13:35,{},9.24,2731,9.24,9.23,9.24,3.0597,672.0
2019-09-03 13:40,{},9.25,2731,9.25,9.23,9.24,4.7443,1042.0
2019-09-03 13:45,{},9.29,2731,9.29,9.24,9.25,11.1324,2445.0
2019-09-03 13:50,{},9.28,2731,9.31,9.27,9.29,18.8636,4143.0
2019-09-03 13:55,{},9.28,2731,9.3,9.28,9.28,6.0147,1321.0
2019-09-03 14:00,{},9.25,2731,9.28,9.25,9.28,5.8371,1282.0
2019-09-03 14:05,{},9.26,2731,9.28,9.25,9.25,4.7808,1050.0
2019-09-03 14:10,{},9.26,2731,9.26,9.25,9.26,5.4045,1187.0
2019-09-03 14:15,{},9.24,2731,9.26,9.23,9.26,7.9088,1737.0
2019-09-03 14:20,{},9.25,2731,9.26,9.23,9.24,5.5685,1223.0
2019-09-03 14:25,{},9.26,2731,9.26,9.23,9.25,14.5108,3187.0
2019-09-03 14:30,{},9.27,2731,9.27,9.25,9.26,4.1843,919.0
2019-09-03 14:35,{},9.25,2731,9.28,9.25,9.27,9.2337,2028.0
2019-09-03 14:40,{},9.26,2731,9.27,9.25,9.25,5.9464,1306.0
2019-09-03 14:45,{},9.26,2731,9.27,9.25,9.26,7.5263,1653.0
2019-09-03 14:50,{},9.27,2731,9.27,9.26,9.26,9.7391,2139.0
2019-09-03 14:55,{},9.27,2731,9.28,9.26,9.27,14.8022,3251.0
2019-09-03 15:00,{},9.28,2731,9.28,9.27,9.27,6.8024,1494.0
2019-09-04 09:35,{},9.39,2731,9.43,9.34,9.39,66.216,14543.0
2019-09-04 09:40,{},9.38,2731,9.4,9.35,9.39,14.0509,3086.0
2019-09-04 09:45,{},9.36,2731,9.38,9.35,9.38,12.2479,2690.0
2019-09-04 09:50,{},9.36,2731,9.36,9.34,9.36,15.5443,3414.0
2019-09-04 09:55,{},9.34,2731,9.36,9.34,9.36,9.6253,2114.0
2019-09-04 10:00,{},9.31,2731,9.35,9.31,9.34,15.7902,3468.0
2019-09-04 10:05,{},9.33,2731,9.34,9.3,9.31,13.7959,3030.0
2019-09-04 10:10,{},9.32,2731,9.33,9.3,9.33,8.7465,1921.0
2019-09-04 10:15,{},9.33,2731,9.34,9.32,9.32,5.6914,1250.0
2019-09-04 10:20,{},9.33,2731,9.34,9.32,9.33,3.984,875.0
2019-09-04 10:25,{},9.33,2731,9.34,9.32,9.33,2.2583,496.0
2019-09-04 10:30,{},9.33,2731,9.33,9.3,9.33,10.2445,2250.0
2019-09-04 10:35,{},9.32,2731,9.33,9.3,9.33,5.1223,1125.0
2019-09-04 10:40,{},9.32,2731,9.32,9.31,9.32,1.6664,366.0
2019-09-04 10:45,{},9.34,2731,9.34,9.31,9.32,5.186,1139.0
2019-09-04 10:50,{},9.32,2731,9.36,9.32,9.34,5.1268,1126.0
2019-09-04 10:55,{},9.34,2731,9.34,9.32,9.32,3.7973,834.0
2019-09-04 11:00,{},9.35,2731,9.35,9.34,9.34,3.4194,751.0
2019-09-04 11:05,{},9.4,2731,9.4,9.35,9.35,13.2086,2901.0
2019-09-04 11:10,{},9.37,2731,9.41,9.37,9.4,18.0212,3958.0
2019-09-04 11:15,{},9.37,2731,9.39,9.35,9.37,8.9787,1972.0
2019-09-04 11:20,{},9.37,2731,9.38,9.36,9.37,4.3437,954.0
2019-09-04 11:25,{},9.38,2731,9.38,9.36,9.37,4.1524,912.0
2019-09-04 11:30,{},9.38,2731,9.39,9.37,9.38,3.3101,727.0
2019-09-04 13:05,{},9.37,2731,9.39,9.36,9.38,4.198,922.0
2019-09-04 13:10,{},9.38,2731,9.38,9.37,9.37,1.6346,359.0
2019-09-04 13:15,{},9.35,2731,9.38,9.35,9.38,3.301,725.0
2019-09-04 13:20,{},9.36,2731,9.37,9.35,9.35,1.7029,374.0
2019-09-04 13:25,{},9.33,2731,9.36,9.33,9.36,3.4922,767.0
2019-09-04 13:30,{},9.33,2731,9.35,9.3,9.33,10.5223,2311.0
2019-09-04 13:35,{},9.34,2731,9.34,9.32,9.33,3.515,772.0
2019-09-04 13:40,{},9.33,2731,9.36,9.33,9.34,3.7427,822.0
2019-09-04 13:45,{},9.32,2731,9.34,9.32,9.33,5.8644,1288.0
2019-09-04 13:50,{},9.34,2731,9.34,9.31,9.32,5.1132,1123.0
2019-09-04 13:55,{},9.35,2731,9.36,9.33,9.33,7.3078,1605.0
2019-09-04 14:00,{},9.34,2731,9.36,9.34,9.35,2.4177,531.0
2019-09-04 14:05,{},9.33,2731,9.36,9.33,9.34,4.3346,952.0
2019-09-04 14:10,{},9.32,2731,9.33,9.31,9.33,5.5912,1228.0
2019-09-04 14:15,{},9.32,2731,9.33,9.31,9.32,8.314,1826.0
2019-09-04 14:20,{},9.32,2731,9.32,9.31,9.32,4.9993,1098.0
2019-09-04 14:25,{},9.29,2731,9.32,9.28,9.32,13.7868,3028.0
2019-09-04 14:30,{},9.28,2731,9.3,9.27,9.29,9.8894,2172.0
2019-09-04 14:35,{},9.27,2731,9.29,9.25,9.28,18.0258,3959.0
2019-09-04 14:40,{},9.26,2731,9.28,9.25,9.27,10.0351,2204.0
2019-09-04 14:45,{},9.24,2731,9.26,9.23,9.26,17.1334,3763.0
2019-09-04 14:50,{},9.27,2731,9.27,9.24,9.24,10.9457,2404.0
2019-09-04 14:55,{},9.25,2731,9.28,9.25,9.27,16.8966,3711.0
2019-09-04 15:00,{},9.28,2731,9.28,9.25,9.25,15.6809,3444.0
2019-09-05 09:35,{},9.25,2731,9.27,9.19,9.27,52.6796,11570.0
2019-09-05 09:40,{},9.3,2731,9.31,9.22,9.25,15.0481,3305.0
2019-09-05 09:45,{},9.31,2731,9.31,9.27,9.3,11.8745,2608.0
2019-09-05 09:50,{},9.28,2731,9.31,9.27,9.31,10.0533,2208.0
2019-09-05 09:55,{},9.27,2731,9.29,9.27,9.28,9.3794,2060.0
2019-09-05 10:00,{},9.28,2731,9.28,9.25,9.27,10.8228,2377.0
2019-09-05 10:05,{},9.27,2731,9.28,9.26,9.28,6.2423,1371.0
2019-09-05 10:10,{},9.26,2731,9.27,9.25,9.27,6.5656,1442.0
2019-09-05 10:15,{},9.27,2731,9.28,9.25,9.26,7.4717,1641.0
2019-09-05 10:20,{},9.27,2731,9.28,9.26,9.27,10.3674,2277.0
2019-09-05 10:25,{},9.3,2731,9.3,9.27,9.27,12.5939,2766.0
2019-09-05 10:30,{},9.29,2731,9.3,9.28,9.3,21.7002,4766.0
2019-09-05 10:35,{},9.32,2731,9.34,9.3,9.31,17.3474,3810.0
2019-09-05 10:40,{},9.33,2731,9.33,9.31,9.32,10.6179,2332.0
2019-09-05 10:45,{},9.34,2731,9.35,9.33,9.33,15.0253,3300.0
2019-09-05 10:50,{},9.33,2731,9.35,9.32,9.34,14.6428,3216.0
2019-09-05 10:55,{},9.33,2731,9.35,9.32,9.33,7.8131,1716.0
2019-09-05 11:00,{},9.33,2731,9.33,9.31,9.33,9.3248,2048.0
2019-09-05 11:05,{},9.32,2731,9.34,9.31,9.33,8.701,1911.0
2019-09-05 11:10,{},9.35,2731,9.35,9.31,9.32,9.8074,2154.0
2019-09-05 11:15,{},9.34,2731,9.35,9.32,9.35,6.0875,1337.0
2019-09-05 11:20,{},9.34,2731,9.34,9.33,9.34,1.4433,317.0
2019-09-05 11:25,{},9.34,2731,9.34,9.33,9.34,8.0909,1777.0
2019-09-05 11:30,{},9.34,2731,9.36,9.34,9.34,9.0516,1988.0
2019-09-05 13:05,{},9.32,2731,9.35,9.32,9.34,7.3533,1615.0
2019-09-05 13:10,{},9.34,2731,9.35,9.32,9.32,5.4319,1193.0
2019-09-05 13:15,{},9.33,2731,9.34,9.32,9.34,6.0283,1324.0
2019-09-05 13:20,{},9.32,2731,9.33,9.31,9.33,8.6464,1899.0
2019-09-05 13:25,{},9.32,2731,9.33,9.31,9.32,6.2605,1375.0
2019-09-05 13:30,{},9.32,2731,9.33,9.31,9.32,6.9344,1523.0
2019-09-05 13:35,{},9.34,2731,9.34,9.32,9.32,6.2423,1371.0
2019-09-05 13:40,{},9.34,2731,9.34,9.33,9.34,8.0818,1775.0
2019-09-05 13:45,{},9.33,2731,9.34,9.33,9.34,4.9037,1077.0
2019-09-05 13:50,{},9.34,2731,9.34,9.33,9.33,3.3556,737.0
2019-09-05 13:55,{},9.4,2731,9.43,9.33,9.34,43.4322,9539.0
2019-09-05 14:00,{},9.39,2731,9.4,9.37,9.4,8.7238,1916.0
2019-09-05 14:05,{},9.39,2731,9.4,9.37,9.39,10.1626,2232.0
2019-09-05 14:10,{},9.38,2731,9.4,9.37,9.39,10.2673,2255.0
2019-09-05 14:15,{},9.38,2731,9.39,9.38,9.38,5.4,1186.0
2019-09-05 14:20,{},9.37,2731,9.39,9.37,9.38,10.759,2363.0
2019-09-05 14:25,{},9.37,2731,9.37,9.35,9.37,7.9361,1743.0
2019-09-05 14:30,{},9.36,2731,9.37,9.35,9.37,4.9037,1077.0
2019-09-05 14:35,{},9.36,2731,9.37,9.35,9.36,3.5742,785.0
2019-09-05 14:40,{},9.36,2731,9.37,9.34,9.36,11.8563,2604.0
2019-09-05 14:45,{},9.35,2731,9.37,9.35,9.36,5.4273,1192.0
2019-09-05 14:50,{},9.35,2731,9.36,9.34,9.35,11.8472,2602.0
2019-09-05 14:55,{},9.35,2731,9.36,9.35,9.35,14.4061,3164.0
2019-09-05 15:00,{},9.35,2731,9.36,9.34,9.35,16.587,3643.0
2019-09-06 09:35,{},9.24,2731,9.25,9.2,9.23,55.9123,12280.0
2019-09-06 09:40,{},9.22,2731,9.24,9.21,9.24,31.9538,7018.0
2019-09-06 09:45,{},9.22,2731,9.22,9.21,9.22,15.6217,3431.0
2019-09-06 09:50,{},9.19,2731,9.22,9.16,9.22,35.2775,7748.0
2019-09-06 09:55,{},9.17,2731,9.19,9.16,9.19,22.2056,4877.0
2019-09-06 10:00,{},9.19,2731,9.2,9.17,9.18,9.3157,2046.0
2019-09-06 10:05,{},9.19,2731,9.2,9.17,9.19,15.5489,3415.0
2019-09-06 10:10,{},9.19,2731,9.2,9.18,9.19,7.4216,1630.0
2019-09-06 10:15,{},9.18,2731,9.2,9.18,9.19,4.2344,930.0
2019-09-06 10:20,{},9.17,2731,9.2,9.17,9.18,9.3885,2062.0
2019-09-06 10:25,{},9.18,2731,9.18,9.16,9.17,10.2354,2248.0
2019-09-06 10:30,{},9.17,2731,9.18,9.16,9.18,10.5223,2311.0
2019-09-06 10:35,{},9.17,2731,9.18,9.17,9.17,5.4182,1190.0
2019-09-06 10:40,{},9.17,2731,9.18,9.17,9.17,4.8035,1055.0
2019-09-06 10:45,{},9.18,2731,9.18,9.17,9.17,3.6653,805.0
2019-09-06 10:50,{},9.2,2731,9.2,9.18,9.18,3.3875,744.0
2019-09-06 10:55,{},9.21,2731,9.23,9.19,9.2,4.544,998.0
2019-09-06 11:00,{},9.22,2731,9.23,9.21,9.21,1.6938,372.0
2019-09-06 11:05,{},9.22,2731,9.23,9.21,9.22,3.1644,695.0
2019-09-06 11:10,{},9.21,2731,9.22,9.2,9.22,2.3676,520.0
2019-09-06 11:15,{},9.2,2731,9.22,9.2,9.21,2.8548,627.0
2019-09-06 11:20,{},9.2,2731,9.21,9.2,9.2,1.6847,370.0
2019-09-06 11:25,{},9.19,2731,9.2,9.19,9.2,3.4285,753.0
2019-09-06 11:30,{},9.21,2731,9.21,9.18,9.19,3.2191,707.0
2019-09-06 13:05,{},9.19,2731,9.21,9.19,9.21,3.4831,765.0
2019-09-06 13:10,{},9.18,2731,9.2,9.18,9.19,4.8764,1071.0
2019-09-06 13:15,{},9.18,2731,9.2,9.18,9.18,5.1814,1138.0
2019-09-06 13:20,{},9.19,2731,9.19,9.18,9.18,4.5076,990.0
2019-09-06 13:25,{},9.18,2731,9.19,9.17,9.19,4.239,931.0
2019-09-06 13:30,{},9.18,2731,9.19,9.18,9.18,3.7563,825.0
2019-09-06 13:35,{},9.18,2731,9.19,9.17,9.18,7.5855,1666.0
2019-09-06 13:40,{},9.19,2731,9.19,9.17,9.18,2.7046,594.0
2019-09-06 13:45,{},9.19,2731,9.2,9.18,9.19,1.5981,351.0
2019-09-06 13:50,{},9.19,2731,9.2,9.18,9.19,2.3175,509.0
2019-09-06 13:55,{},9.18,2731,9.19,9.17,9.19,5.482,1204.0
2019-09-06 14:00,{},9.17,2731,9.19,9.17,9.18,5.054,1110.0
2019-09-06 14:05,{},9.17,2731,9.18,9.16,9.17,10.0078,2198.0
2019-09-06 14:10,{},9.17,2731,9.18,9.17,9.17,4.3209,949.0
2019-09-06 14:15,{},9.16,2731,9.17,9.15,9.17,13.8369,3039.0
2019-09-06 14:20,{},9.17,2731,9.17,9.16,9.16,2.1809,479.0
2019-09-06 14:25,{},9.17,2731,9.18,9.16,9.17,4.6396,1019.0
2019-09-06 14:30,{},9.18,2731,9.19,9.16,9.17,6.3789,1401.0
2019-09-06 14:35,{},9.18,2731,9.19,9.18,9.18,4.4029,967.0
2019-09-06 14:40,{},9.18,2731,9.18,9.17,9.18,8.528,1873.0
2019-09-06 14:45,{},9.18,2731,9.19,9.17,9.18,10.6862,2347.0
2019-09-06 14:50,{},9.18,2731,9.19,9.18,9.18,11.3464,2492.0
2019-09-06 14:55,{},9.18,2731,9.19,9.17,9.18,18.3582,4032.0
2019-09-06 15:00,{},9.19,2731,9.19,9.18,9.18,7.9588,1748.0
